ISO-10303-21;
HEADER;
/* Generated by software containing ST-Developer
 * from STEP Tools, Inc. (www.steptools.com) 
 */

FILE_DESCRIPTION(
/* description */ (''),
/* implementation_level */ '2;1');

FILE_NAME(
/* name */ 'tray.step',
/* time_stamp */ '2026-05-04T21:49:05+05:00',
/* author */ (''),
/* organization */ (''),
/* preprocessor_version */ 'ST-DEVELOPER v20.1',
/* originating_system */ 'Autodesk Translation Framework v15.8.0.0',
/* authorisation */ '');

FILE_SCHEMA (('AUTOMOTIVE_DESIGN { 1 0 10303 214 3 1 1 }'));
ENDSEC;

DATA;
#10=MECHANICAL_DESIGN_GEOMETRIC_PRESENTATION_REPRESENTATION('',(#13),#11741);
#11=SHAPE_REPRESENTATION_RELATIONSHIP('SRR','None',#11748,#12);
#12=ADVANCED_BREP_SHAPE_REPRESENTATION('',(#14),#11740);
#13=STYLED_ITEM('',(#11758),#14);
#14=MANIFOLD_SOLID_BREP('Body1',#3547);
#15=CONICAL_SURFACE('',#3782,2.49999999999999,0.785398163397446);
#16=CONICAL_SURFACE('',#3792,2.49999999999999,0.785398163397446);
#17=CONICAL_SURFACE('',#3799,2.5,0.785398163397448);
#18=CONICAL_SURFACE('',#3806,2.5,0.785398163397448);
#19=B_SPLINE_SURFACE_WITH_KNOTS('',3,3,((#7846,#7847,#7848,#7849,#7850,
#7851,#7852,#7853,#7854,#7855,#7856,#7857,#7858,#7859,#7860,#7861,#7862,
#7863,#7864,#7865,#7866,#7867,#7868,#7869,#7870,#7871,#7872,#7873,#7874,
#7875,#7876,#7877,#7878,#7879,#7880,#7881,#7882,#7883,#7884,#7885,#7886,
#7887,#7888,#7889,#7890,#7891,#7892,#7893,#7894,#7895,#7896,#7897,#7898,
#7899,#7900,#7901,#7902,#7903,#7904,#7905,#7906,#7907,#7908,#7909,#7910,
#7911,#7912,#7913),(#7914,#7915,#7916,#7917,#7918,#7919,#7920,#7921,#7922,
#7923,#7924,#7925,#7926,#7927,#7928,#7929,#7930,#7931,#7932,#7933,#7934,
#7935,#7936,#7937,#7938,#7939,#7940,#7941,#7942,#7943,#7944,#7945,#7946,
#7947,#7948,#7949,#7950,#7951,#7952,#7953,#7954,#7955,#7956,#7957,#7958,
#7959,#7960,#7961,#7962,#7963,#7964,#7965,#7966,#7967,#7968,#7969,#7970,
#7971,#7972,#7973,#7974,#7975,#7976,#7977,#7978,#7979,#7980,#7981),(#7982,
#7983,#7984,#7985,#7986,#7987,#7988,#7989,#7990,#7991,#7992,#7993,#7994,
#7995,#7996,#7997,#7998,#7999,#8000,#8001,#8002,#8003,#8004,#8005,#8006,
#8007,#8008,#8009,#8010,#8011,#8012,#8013,#8014,#8015,#8016,#8017,#8018,
#8019,#8020,#8021,#8022,#8023,#8024,#8025,#8026,#8027,#8028,#8029,#8030,
#8031,#8032,#8033,#8034,#8035,#8036,#8037,#8038,#8039,#8040,#8041,#8042,
#8043,#8044,#8045,#8046,#8047,#8048,#8049),(#8050,#8051,#8052,#8053,#8054,
#8055,#8056,#8057,#8058,#8059,#8060,#8061,#8062,#8063,#8064,#8065,#8066,
#8067,#8068,#8069,#8070,#8071,#8072,#8073,#8074,#8075,#8076,#8077,#8078,
#8079,#8080,#8081,#8082,#8083,#8084,#8085,#8086,#8087,#8088,#8089,#8090,
#8091,#8092,#8093,#8094,#8095,#8096,#8097,#8098,#8099,#8100,#8101,#8102,
#8103,#8104,#8105,#8106,#8107,#8108,#8109,#8110,#8111,#8112,#8113,#8114,
#8115,#8116,#8117)),.UNSPECIFIED.,.F.,.F.,.F.,(4,4),(4,1,1,1,1,1,1,1,1,
1,1,1,1,1,1,1,1,1,1,1,1,1,1,1,1,1,1,1,1,1,1,1,1,1,1,1,1,1,1,1,1,1,1,1,1,
1,1,1,1,1,1,1,1,1,1,1,1,1,1,1,1,1,1,1,1,4),(0.,0.0321584099938629),(11.8553612635793,
12.8530908876339,13.8508205116886,14.8485501357432,15.8462797597979,16.8440093838526,
17.8417390079072,18.8394686319619,19.8371982560165,20.8349278800712,21.8326575041259,
22.8303871281805,23.8281167522352,24.8258463762898,25.8235760003445,26.8213056243991,
27.8190352484538,28.8167648725085,29.8144944965631,30.8122241206178,31.8099537446724,
32.8076833687271,33.8054129927818,34.8031426168364,35.8008722408911,36.7986018649457,
37.7963314890004,38.794061113055,39.7917907371097,40.7895203611644,41.787249985219,
42.7849796092737,43.7827092333283,44.780438857383,45.7781684814377,46.7758981054923,
47.773627729547,48.7713573536016,49.7690869776563,50.7668166017109,51.7645462257656,
52.7622758498203,53.7600054738749,54.7577350979296,55.7554647219842,56.7531943460389,
57.7509239700936,58.7486535941482,59.7463832182029,60.7441128422575,61.7418424663122,
62.7395720903668,63.7373017144215,64.7350313384762,65.7327609625308,66.7304905865855,
67.7282202106401,68.7259498346948,69.7236794587495,70.7214090828041,71.7191387068588,
72.7168683309134,73.7145979549681,74.7123275790228,75.7100572030774,76.7077868271321),
 .UNSPECIFIED.);
#20=B_SPLINE_SURFACE_WITH_KNOTS('',3,3,((#8298,#8299,#8300,#8301,#8302,
#8303,#8304,#8305,#8306,#8307,#8308,#8309,#8310,#8311,#8312,#8313,#8314,
#8315,#8316,#8317,#8318,#8319,#8320,#8321,#8322,#8323,#8324,#8325,#8326,
#8327,#8328,#8329,#8330,#8331,#8332,#8333,#8334,#8335,#8336,#8337,#8338,
#8339,#8340,#8341,#8342,#8343,#8344,#8345,#8346,#8347,#8348,#8349,#8350,
#8351,#8352,#8353,#8354,#8355,#8356,#8357,#8358,#8359,#8360,#8361,#8362,
#8363,#8364,#8365),(#8366,#8367,#8368,#8369,#8370,#8371,#8372,#8373,#8374,
#8375,#8376,#8377,#8378,#8379,#8380,#8381,#8382,#8383,#8384,#8385,#8386,
#8387,#8388,#8389,#8390,#8391,#8392,#8393,#8394,#8395,#8396,#8397,#8398,
#8399,#8400,#8401,#8402,#8403,#8404,#8405,#8406,#8407,#8408,#8409,#8410,
#8411,#8412,#8413,#8414,#8415,#8416,#8417,#8418,#8419,#8420,#8421,#8422,
#8423,#8424,#8425,#8426,#8427,#8428,#8429,#8430,#8431,#8432,#8433),(#8434,
#8435,#8436,#8437,#8438,#8439,#8440,#8441,#8442,#8443,#8444,#8445,#8446,
#8447,#8448,#8449,#8450,#8451,#8452,#8453,#8454,#8455,#8456,#8457,#8458,
#8459,#8460,#8461,#8462,#8463,#8464,#8465,#8466,#8467,#8468,#8469,#8470,
#8471,#8472,#8473,#8474,#8475,#8476,#8477,#8478,#8479,#8480,#8481,#8482,
#8483,#8484,#8485,#8486,#8487,#8488,#8489,#8490,#8491,#8492,#8493,#8494,
#8495,#8496,#8497,#8498,#8499,#8500,#8501),(#8502,#8503,#8504,#8505,#8506,
#8507,#8508,#8509,#8510,#8511,#8512,#8513,#8514,#8515,#8516,#8517,#8518,
#8519,#8520,#8521,#8522,#8523,#8524,#8525,#8526,#8527,#8528,#8529,#8530,
#8531,#8532,#8533,#8534,#8535,#8536,#8537,#8538,#8539,#8540,#8541,#8542,
#8543,#8544,#8545,#8546,#8547,#8548,#8549,#8550,#8551,#8552,#8553,#8554,
#8555,#8556,#8557,#8558,#8559,#8560,#8561,#8562,#8563,#8564,#8565,#8566,
#8567,#8568,#8569)),.UNSPECIFIED.,.F.,.F.,.F.,(4,4),(4,1,1,1,1,1,1,1,1,
1,1,1,1,1,1,1,1,1,1,1,1,1,1,1,1,1,1,1,1,1,1,1,1,1,1,1,1,1,1,1,1,1,1,1,1,
1,1,1,1,1,1,1,1,1,1,1,1,1,1,1,1,1,1,1,1,4),(0.,0.0321584099938629),(14.3984001269718,
15.3961297510264,16.3938593750811,17.3915889991358,18.3893186231904,19.3870482472451,
20.3847778712997,21.3825074953544,22.380237119409,23.3779667434637,24.3756963675184,
25.373425991573,26.3711556156277,27.3688852396823,28.366614863737,29.3643444877917,
30.3620741118463,31.359803735901,32.3575333599556,33.3552629840103,34.3529926080649,
35.3507222321196,36.3484518561743,37.3461814802289,38.3439111042836,39.3416407283382,
40.3393703523929,41.3370999764476,42.3348296005022,43.3325592245569,44.3302888486115,
45.3280184726662,46.3257480967209,47.3234777207755,48.3212073448302,49.3189369688848,
50.3166665929395,51.3143962169941,52.3121258410488,53.3098554651035,54.3075850891581,
55.3053147132128,56.3030443372674,57.3007739613221,58.2985035853767,59.2962332094314,
60.2939628334861,61.2916924575407,62.2894220815954,63.28715170565,64.2848813297047,
65.2826109537594,66.280340577814,67.2780702018687,68.2757998259233,69.273529449978,
70.2712590740327,71.2689886980873,72.266718322142,73.2644479461966,74.2621775702513,
75.2599071943059,76.2576368183606,77.2553664424153,78.2530960664699,79.2508256905246),
 .UNSPECIFIED.);
#21=B_SPLINE_SURFACE_WITH_KNOTS('',3,3,((#8783,#8784,#8785,#8786,#8787,
#8788,#8789,#8790,#8791,#8792,#8793,#8794,#8795,#8796,#8797,#8798,#8799,
#8800,#8801,#8802,#8803,#8804,#8805,#8806,#8807,#8808,#8809,#8810,#8811,
#8812,#8813,#8814,#8815,#8816,#8817,#8818,#8819,#8820,#8821,#8822,#8823,
#8824,#8825,#8826,#8827,#8828,#8829,#8830,#8831,#8832,#8833,#8834,#8835,
#8836,#8837,#8838,#8839,#8840,#8841,#8842,#8843,#8844,#8845,#8846,#8847,
#8848,#8849,#8850),(#8851,#8852,#8853,#8854,#8855,#8856,#8857,#8858,#8859,
#8860,#8861,#8862,#8863,#8864,#8865,#8866,#8867,#8868,#8869,#8870,#8871,
#8872,#8873,#8874,#8875,#8876,#8877,#8878,#8879,#8880,#8881,#8882,#8883,
#8884,#8885,#8886,#8887,#8888,#8889,#8890,#8891,#8892,#8893,#8894,#8895,
#8896,#8897,#8898,#8899,#8900,#8901,#8902,#8903,#8904,#8905,#8906,#8907,
#8908,#8909,#8910,#8911,#8912,#8913,#8914,#8915,#8916,#8917,#8918),(#8919,
#8920,#8921,#8922,#8923,#8924,#8925,#8926,#8927,#8928,#8929,#8930,#8931,
#8932,#8933,#8934,#8935,#8936,#8937,#8938,#8939,#8940,#8941,#8942,#8943,
#8944,#8945,#8946,#8947,#8948,#8949,#8950,#8951,#8952,#8953,#8954,#8955,
#8956,#8957,#8958,#8959,#8960,#8961,#8962,#8963,#8964,#8965,#8966,#8967,
#8968,#8969,#8970,#8971,#8972,#8973,#8974,#8975,#8976,#8977,#8978,#8979,
#8980,#8981,#8982,#8983,#8984,#8985,#8986),(#8987,#8988,#8989,#8990,#8991,
#8992,#8993,#8994,#8995,#8996,#8997,#8998,#8999,#9000,#9001,#9002,#9003,
#9004,#9005,#9006,#9007,#9008,#9009,#9010,#9011,#9012,#9013,#9014,#9015,
#9016,#9017,#9018,#9019,#9020,#9021,#9022,#9023,#9024,#9025,#9026,#9027,
#9028,#9029,#9030,#9031,#9032,#9033,#9034,#9035,#9036,#9037,#9038,#9039,
#9040,#9041,#9042,#9043,#9044,#9045,#9046,#9047,#9048,#9049,#9050,#9051,
#9052,#9053,#9054)),.UNSPECIFIED.,.F.,.F.,.F.,(4,4),(4,1,1,1,1,1,1,1,1,
1,1,1,1,1,1,1,1,1,1,1,1,1,1,1,1,1,1,1,1,1,1,1,1,1,1,1,1,1,1,1,1,1,1,1,1,
1,1,1,1,1,1,1,1,1,1,1,1,1,1,1,1,1,1,1,1,4),(0.,0.0321584099938621),(11.8553612635793,
12.853090887634,13.8508205116886,14.8485501357433,15.846279759798,16.8440093838526,
17.8417390079073,18.8394686319619,19.8371982560166,20.8349278800712,21.8326575041259,
22.8303871281806,23.8281167522352,24.8258463762899,25.8235760003445,26.8213056243992,
27.8190352484539,28.8167648725085,29.8144944965632,30.8122241206178,31.8099537446725,
32.8076833687271,33.8054129927818,34.8031426168365,35.8008722408911,36.7986018649458,
37.7963314890004,38.7940611130551,39.7917907371097,40.7895203611644,41.7872499852191,
42.7849796092737,43.7827092333284,44.780438857383,45.7781684814377,46.7758981054924,
47.773627729547,48.7713573536017,49.7690869776563,50.766816601711,51.7645462257656,
52.7622758498203,53.760005473875,54.7577350979296,55.7554647219843,56.7531943460389,
57.7509239700936,58.7486535941483,59.7463832182029,60.7441128422576,61.7418424663122,
62.7395720903669,63.7373017144215,64.7350313384762,65.7327609625309,66.7304905865855,
67.7282202106402,68.7259498346948,69.7236794587495,70.7214090828041,71.7191387068588,
72.7168683309135,73.7145979549681,74.7123275790228,75.7100572030774,76.7077868271321),
 .UNSPECIFIED.);
#22=B_SPLINE_SURFACE_WITH_KNOTS('',3,3,((#9235,#9236,#9237,#9238,#9239,
#9240,#9241,#9242,#9243,#9244,#9245,#9246,#9247,#9248,#9249,#9250,#9251,
#9252,#9253,#9254,#9255,#9256,#9257,#9258,#9259,#9260,#9261,#9262,#9263,
#9264,#9265,#9266,#9267,#9268,#9269,#9270,#9271,#9272,#9273,#9274,#9275,
#9276,#9277,#9278,#9279,#9280,#9281,#9282,#9283,#9284,#9285,#9286,#9287,
#9288,#9289,#9290,#9291,#9292,#9293,#9294,#9295,#9296,#9297,#9298,#9299,
#9300,#9301,#9302),(#9303,#9304,#9305,#9306,#9307,#9308,#9309,#9310,#9311,
#9312,#9313,#9314,#9315,#9316,#9317,#9318,#9319,#9320,#9321,#9322,#9323,
#9324,#9325,#9326,#9327,#9328,#9329,#9330,#9331,#9332,#9333,#9334,#9335,
#9336,#9337,#9338,#9339,#9340,#9341,#9342,#9343,#9344,#9345,#9346,#9347,
#9348,#9349,#9350,#9351,#9352,#9353,#9354,#9355,#9356,#9357,#9358,#9359,
#9360,#9361,#9362,#9363,#9364,#9365,#9366,#9367,#9368,#9369,#9370),(#9371,
#9372,#9373,#9374,#9375,#9376,#9377,#9378,#9379,#9380,#9381,#9382,#9383,
#9384,#9385,#9386,#9387,#9388,#9389,#9390,#9391,#9392,#9393,#9394,#9395,
#9396,#9397,#9398,#9399,#9400,#9401,#9402,#9403,#9404,#9405,#9406,#9407,
#9408,#9409,#9410,#9411,#9412,#9413,#9414,#9415,#9416,#9417,#9418,#9419,
#9420,#9421,#9422,#9423,#9424,#9425,#9426,#9427,#9428,#9429,#9430,#9431,
#9432,#9433,#9434,#9435,#9436,#9437,#9438),(#9439,#9440,#9441,#9442,#9443,
#9444,#9445,#9446,#9447,#9448,#9449,#9450,#9451,#9452,#9453,#9454,#9455,
#9456,#9457,#9458,#9459,#9460,#9461,#9462,#9463,#9464,#9465,#9466,#9467,
#9468,#9469,#9470,#9471,#9472,#9473,#9474,#9475,#9476,#9477,#9478,#9479,
#9480,#9481,#9482,#9483,#9484,#9485,#9486,#9487,#9488,#9489,#9490,#9491,
#9492,#9493,#9494,#9495,#9496,#9497,#9498,#9499,#9500,#9501,#9502,#9503,
#9504,#9505,#9506)),.UNSPECIFIED.,.F.,.F.,.F.,(4,4),(4,1,1,1,1,1,1,1,1,
1,1,1,1,1,1,1,1,1,1,1,1,1,1,1,1,1,1,1,1,1,1,1,1,1,1,1,1,1,1,1,1,1,1,1,1,
1,1,1,1,1,1,1,1,1,1,1,1,1,1,1,1,1,1,1,1,4),(0.,0.0321584099938621),(14.3984001269718,
15.3961297510265,16.3938593750811,17.3915889991358,18.3893186231905,19.3870482472451,
20.3847778712998,21.3825074953544,22.3802371194091,23.3779667434638,24.3756963675184,
25.3734259915731,26.3711556156277,27.3688852396824,28.366614863737,29.3643444877917,
30.3620741118464,31.359803735901,32.3575333599557,33.3552629840103,34.352992608065,
35.3507222321197,36.3484518561743,37.346181480229,38.3439111042836,39.3416407283383,
40.3393703523929,41.3370999764476,42.3348296005023,43.3325592245569,44.3302888486116,
45.3280184726662,46.3257480967209,47.3234777207755,48.3212073448302,49.3189369688849,
50.3166665929395,51.3143962169942,52.3121258410488,53.3098554651035,54.3075850891582,
55.3053147132128,56.3030443372675,57.3007739613221,58.2985035853768,59.2962332094314,
60.2939628334861,61.2916924575408,62.2894220815954,63.2871517056501,64.2848813297047,
65.2826109537594,66.280340577814,67.2780702018687,68.2757998259234,69.273529449978,
70.2712590740327,71.2689886980873,72.266718322142,73.2644479461967,74.2621775702513,
75.259907194306,76.2576368183606,77.2553664424153,78.25309606647,79.2508256905246),
 .UNSPECIFIED.);
#23=B_SPLINE_SURFACE_WITH_KNOTS('',3,3,((#9709,#9710,#9711,#9712,#9713,
#9714,#9715,#9716,#9717,#9718,#9719,#9720,#9721,#9722,#9723,#9724,#9725,
#9726,#9727,#9728,#9729,#9730,#9731,#9732,#9733,#9734,#9735,#9736,#9737,
#9738,#9739,#9740,#9741,#9742,#9743,#9744,#9745,#9746,#9747,#9748,#9749,
#9750,#9751,#9752,#9753,#9754,#9755,#9756,#9757,#9758,#9759,#9760,#9761,
#9762,#9763,#9764,#9765,#9766,#9767,#9768,#9769,#9770,#9771,#9772,#9773,
#9774,#9775,#9776),(#9777,#9778,#9779,#9780,#9781,#9782,#9783,#9784,#9785,
#9786,#9787,#9788,#9789,#9790,#9791,#9792,#9793,#9794,#9795,#9796,#9797,
#9798,#9799,#9800,#9801,#9802,#9803,#9804,#9805,#9806,#9807,#9808,#9809,
#9810,#9811,#9812,#9813,#9814,#9815,#9816,#9817,#9818,#9819,#9820,#9821,
#9822,#9823,#9824,#9825,#9826,#9827,#9828,#9829,#9830,#9831,#9832,#9833,
#9834,#9835,#9836,#9837,#9838,#9839,#9840,#9841,#9842,#9843,#9844),(#9845,
#9846,#9847,#9848,#9849,#9850,#9851,#9852,#9853,#9854,#9855,#9856,#9857,
#9858,#9859,#9860,#9861,#9862,#9863,#9864,#9865,#9866,#9867,#9868,#9869,
#9870,#9871,#9872,#9873,#9874,#9875,#9876,#9877,#9878,#9879,#9880,#9881,
#9882,#9883,#9884,#9885,#9886,#9887,#9888,#9889,#9890,#9891,#9892,#9893,
#9894,#9895,#9896,#9897,#9898,#9899,#9900,#9901,#9902,#9903,#9904,#9905,
#9906,#9907,#9908,#9909,#9910,#9911,#9912),(#9913,#9914,#9915,#9916,#9917,
#9918,#9919,#9920,#9921,#9922,#9923,#9924,#9925,#9926,#9927,#9928,#9929,
#9930,#9931,#9932,#9933,#9934,#9935,#9936,#9937,#9938,#9939,#9940,#9941,
#9942,#9943,#9944,#9945,#9946,#9947,#9948,#9949,#9950,#9951,#9952,#9953,
#9954,#9955,#9956,#9957,#9958,#9959,#9960,#9961,#9962,#9963,#9964,#9965,
#9966,#9967,#9968,#9969,#9970,#9971,#9972,#9973,#9974,#9975,#9976,#9977,
#9978,#9979,#9980)),.UNSPECIFIED.,.F.,.F.,.F.,(4,4),(4,1,1,1,1,1,1,1,1,
1,1,1,1,1,1,1,1,1,1,1,1,1,1,1,1,1,1,1,1,1,1,1,1,1,1,1,1,1,1,1,1,1,1,1,1,
1,1,1,1,1,1,1,1,1,1,1,1,1,1,1,1,1,1,1,1,4),(0.,0.0321584099938621),(11.8553612635793,
12.853090887634,13.8508205116886,14.8485501357433,15.846279759798,16.8440093838526,
17.8417390079073,18.8394686319619,19.8371982560166,20.8349278800712,21.8326575041259,
22.8303871281806,23.8281167522352,24.8258463762899,25.8235760003445,26.8213056243992,
27.8190352484539,28.8167648725085,29.8144944965632,30.8122241206178,31.8099537446725,
32.8076833687271,33.8054129927818,34.8031426168365,35.8008722408911,36.7986018649458,
37.7963314890004,38.7940611130551,39.7917907371097,40.7895203611644,41.7872499852191,
42.7849796092737,43.7827092333284,44.780438857383,45.7781684814377,46.7758981054924,
47.773627729547,48.7713573536017,49.7690869776563,50.766816601711,51.7645462257656,
52.7622758498203,53.760005473875,54.7577350979296,55.7554647219843,56.7531943460389,
57.7509239700936,58.7486535941483,59.7463832182029,60.7441128422576,61.7418424663122,
62.7395720903669,63.7373017144215,64.7350313384762,65.7327609625309,66.7304905865855,
67.7282202106402,68.7259498346948,69.7236794587495,70.7214090828041,71.7191387068588,
72.7168683309135,73.7145979549681,74.7123275790228,75.7100572030774,76.7077868271321),
 .UNSPECIFIED.);
#24=B_SPLINE_SURFACE_WITH_KNOTS('',3,3,((#10161,#10162,#10163,#10164,#10165,
#10166,#10167,#10168,#10169,#10170,#10171,#10172,#10173,#10174,#10175,#10176,
#10177,#10178,#10179,#10180,#10181,#10182,#10183,#10184,#10185,#10186,#10187,
#10188,#10189,#10190,#10191,#10192,#10193,#10194,#10195,#10196,#10197,#10198,
#10199,#10200,#10201,#10202,#10203,#10204,#10205,#10206,#10207,#10208,#10209,
#10210,#10211,#10212,#10213,#10214,#10215,#10216,#10217,#10218,#10219,#10220,
#10221,#10222,#10223,#10224,#10225,#10226,#10227,#10228),(#10229,#10230,
#10231,#10232,#10233,#10234,#10235,#10236,#10237,#10238,#10239,#10240,#10241,
#10242,#10243,#10244,#10245,#10246,#10247,#10248,#10249,#10250,#10251,#10252,
#10253,#10254,#10255,#10256,#10257,#10258,#10259,#10260,#10261,#10262,#10263,
#10264,#10265,#10266,#10267,#10268,#10269,#10270,#10271,#10272,#10273,#10274,
#10275,#10276,#10277,#10278,#10279,#10280,#10281,#10282,#10283,#10284,#10285,
#10286,#10287,#10288,#10289,#10290,#10291,#10292,#10293,#10294,#10295,#10296),
(#10297,#10298,#10299,#10300,#10301,#10302,#10303,#10304,#10305,#10306,
#10307,#10308,#10309,#10310,#10311,#10312,#10313,#10314,#10315,#10316,#10317,
#10318,#10319,#10320,#10321,#10322,#10323,#10324,#10325,#10326,#10327,#10328,
#10329,#10330,#10331,#10332,#10333,#10334,#10335,#10336,#10337,#10338,#10339,
#10340,#10341,#10342,#10343,#10344,#10345,#10346,#10347,#10348,#10349,#10350,
#10351,#10352,#10353,#10354,#10355,#10356,#10357,#10358,#10359,#10360,#10361,
#10362,#10363,#10364),(#10365,#10366,#10367,#10368,#10369,#10370,#10371,
#10372,#10373,#10374,#10375,#10376,#10377,#10378,#10379,#10380,#10381,#10382,
#10383,#10384,#10385,#10386,#10387,#10388,#10389,#10390,#10391,#10392,#10393,
#10394,#10395,#10396,#10397,#10398,#10399,#10400,#10401,#10402,#10403,#10404,
#10405,#10406,#10407,#10408,#10409,#10410,#10411,#10412,#10413,#10414,#10415,
#10416,#10417,#10418,#10419,#10420,#10421,#10422,#10423,#10424,#10425,#10426,
#10427,#10428,#10429,#10430,#10431,#10432)),.UNSPECIFIED.,.F.,.F.,.F.,(4,
4),(4,1,1,1,1,1,1,1,1,1,1,1,1,1,1,1,1,1,1,1,1,1,1,1,1,1,1,1,1,1,1,1,1,1,
1,1,1,1,1,1,1,1,1,1,1,1,1,1,1,1,1,1,1,1,1,1,1,1,1,1,1,1,1,1,1,4),(0.,0.0321584099938621),
(14.3984001269718,15.3961297510265,16.3938593750812,17.3915889991358,18.3893186231905,
19.3870482472451,20.3847778712998,21.3825074953544,22.3802371194091,23.3779667434638,
24.3756963675184,25.3734259915731,26.3711556156277,27.3688852396824,28.366614863737,
29.3643444877917,30.3620741118464,31.359803735901,32.3575333599557,33.3552629840103,
34.352992608065,35.3507222321197,36.3484518561743,37.346181480229,38.3439111042836,
39.3416407283383,40.3393703523929,41.3370999764476,42.3348296005023,43.3325592245569,
44.3302888486116,45.3280184726662,46.3257480967209,47.3234777207755,48.3212073448302,
49.3189369688849,50.3166665929395,51.3143962169942,52.3121258410488,53.3098554651035,
54.3075850891582,55.3053147132128,56.3030443372675,57.3007739613221,58.2985035853768,
59.2962332094314,60.2939628334861,61.2916924575408,62.2894220815954,63.2871517056501,
64.2848813297047,65.2826109537594,66.2803405778141,67.2780702018687,68.2757998259234,
69.273529449978,70.2712590740327,71.2689886980873,72.266718322142,73.2644479461967,
74.2621775702513,75.259907194306,76.2576368183606,77.2553664424153,78.25309606647,
79.2508256905246),.UNSPECIFIED.);
#25=B_SPLINE_SURFACE_WITH_KNOTS('',3,3,((#10635,#10636,#10637,#10638,#10639,
#10640,#10641,#10642,#10643,#10644,#10645,#10646,#10647,#10648,#10649,#10650,
#10651,#10652,#10653,#10654,#10655,#10656,#10657,#10658,#10659,#10660,#10661,
#10662,#10663,#10664,#10665,#10666,#10667,#10668,#10669,#10670,#10671,#10672,
#10673,#10674,#10675,#10676,#10677,#10678,#10679,#10680,#10681,#10682,#10683,
#10684,#10685,#10686,#10687,#10688,#10689,#10690,#10691,#10692,#10693,#10694,
#10695,#10696,#10697,#10698,#10699,#10700,#10701,#10702),(#10703,#10704,
#10705,#10706,#10707,#10708,#10709,#10710,#10711,#10712,#10713,#10714,#10715,
#10716,#10717,#10718,#10719,#10720,#10721,#10722,#10723,#10724,#10725,#10726,
#10727,#10728,#10729,#10730,#10731,#10732,#10733,#10734,#10735,#10736,#10737,
#10738,#10739,#10740,#10741,#10742,#10743,#10744,#10745,#10746,#10747,#10748,
#10749,#10750,#10751,#10752,#10753,#10754,#10755,#10756,#10757,#10758,#10759,
#10760,#10761,#10762,#10763,#10764,#10765,#10766,#10767,#10768,#10769,#10770),
(#10771,#10772,#10773,#10774,#10775,#10776,#10777,#10778,#10779,#10780,
#10781,#10782,#10783,#10784,#10785,#10786,#10787,#10788,#10789,#10790,#10791,
#10792,#10793,#10794,#10795,#10796,#10797,#10798,#10799,#10800,#10801,#10802,
#10803,#10804,#10805,#10806,#10807,#10808,#10809,#10810,#10811,#10812,#10813,
#10814,#10815,#10816,#10817,#10818,#10819,#10820,#10821,#10822,#10823,#10824,
#10825,#10826,#10827,#10828,#10829,#10830,#10831,#10832,#10833,#10834,#10835,
#10836,#10837,#10838),(#10839,#10840,#10841,#10842,#10843,#10844,#10845,
#10846,#10847,#10848,#10849,#10850,#10851,#10852,#10853,#10854,#10855,#10856,
#10857,#10858,#10859,#10860,#10861,#10862,#10863,#10864,#10865,#10866,#10867,
#10868,#10869,#10870,#10871,#10872,#10873,#10874,#10875,#10876,#10877,#10878,
#10879,#10880,#10881,#10882,#10883,#10884,#10885,#10886,#10887,#10888,#10889,
#10890,#10891,#10892,#10893,#10894,#10895,#10896,#10897,#10898,#10899,#10900,
#10901,#10902,#10903,#10904,#10905,#10906)),.UNSPECIFIED.,.F.,.F.,.F.,(4,
4),(4,1,1,1,1,1,1,1,1,1,1,1,1,1,1,1,1,1,1,1,1,1,1,1,1,1,1,1,1,1,1,1,1,1,
1,1,1,1,1,1,1,1,1,1,1,1,1,1,1,1,1,1,1,1,1,1,1,1,1,1,1,1,1,1,1,4),(0.,0.0321584099938629),
(11.8553612635793,12.853090887634,13.8508205116886,14.8485501357433,15.8462797597979,
16.8440093838526,17.8417390079072,18.8394686319619,19.8371982560166,20.8349278800712,
21.8326575041259,22.8303871281805,23.8281167522352,24.8258463762899,25.8235760003445,
26.8213056243992,27.8190352484538,28.8167648725085,29.8144944965631,30.8122241206178,
31.8099537446725,32.8076833687271,33.8054129927818,34.8031426168364,35.8008722408911,
36.7986018649458,37.7963314890004,38.7940611130551,39.7917907371097,40.7895203611644,
41.787249985219,42.7849796092737,43.7827092333284,44.780438857383,45.7781684814377,
46.7758981054923,47.773627729547,48.7713573536017,49.7690869776563,50.766816601711,
51.7645462257656,52.7622758498203,53.760005473875,54.7577350979296,55.7554647219843,
56.7531943460389,57.7509239700936,58.7486535941482,59.7463832182029,60.7441128422576,
61.7418424663122,62.7395720903669,63.7373017144215,64.7350313384762,65.7327609625308,
66.7304905865855,67.7282202106402,68.7259498346948,69.7236794587495,70.7214090828041,
71.7191387068588,72.7168683309135,73.7145979549681,74.7123275790228,75.7100572030774,
76.7077868271321),.UNSPECIFIED.);
#26=B_SPLINE_SURFACE_WITH_KNOTS('',3,3,((#11087,#11088,#11089,#11090,#11091,
#11092,#11093,#11094,#11095,#11096,#11097,#11098,#11099,#11100,#11101,#11102,
#11103,#11104,#11105,#11106,#11107,#11108,#11109,#11110,#11111,#11112,#11113,
#11114,#11115,#11116,#11117,#11118,#11119,#11120,#11121,#11122,#11123,#11124,
#11125,#11126,#11127,#11128,#11129,#11130,#11131,#11132,#11133,#11134,#11135,
#11136,#11137,#11138,#11139,#11140,#11141,#11142,#11143,#11144,#11145,#11146,
#11147,#11148,#11149,#11150,#11151,#11152,#11153,#11154),(#11155,#11156,
#11157,#11158,#11159,#11160,#11161,#11162,#11163,#11164,#11165,#11166,#11167,
#11168,#11169,#11170,#11171,#11172,#11173,#11174,#11175,#11176,#11177,#11178,
#11179,#11180,#11181,#11182,#11183,#11184,#11185,#11186,#11187,#11188,#11189,
#11190,#11191,#11192,#11193,#11194,#11195,#11196,#11197,#11198,#11199,#11200,
#11201,#11202,#11203,#11204,#11205,#11206,#11207,#11208,#11209,#11210,#11211,
#11212,#11213,#11214,#11215,#11216,#11217,#11218,#11219,#11220,#11221,#11222),
(#11223,#11224,#11225,#11226,#11227,#11228,#11229,#11230,#11231,#11232,
#11233,#11234,#11235,#11236,#11237,#11238,#11239,#11240,#11241,#11242,#11243,
#11244,#11245,#11246,#11247,#11248,#11249,#11250,#11251,#11252,#11253,#11254,
#11255,#11256,#11257,#11258,#11259,#11260,#11261,#11262,#11263,#11264,#11265,
#11266,#11267,#11268,#11269,#11270,#11271,#11272,#11273,#11274,#11275,#11276,
#11277,#11278,#11279,#11280,#11281,#11282,#11283,#11284,#11285,#11286,#11287,
#11288,#11289,#11290),(#11291,#11292,#11293,#11294,#11295,#11296,#11297,
#11298,#11299,#11300,#11301,#11302,#11303,#11304,#11305,#11306,#11307,#11308,
#11309,#11310,#11311,#11312,#11313,#11314,#11315,#11316,#11317,#11318,#11319,
#11320,#11321,#11322,#11323,#11324,#11325,#11326,#11327,#11328,#11329,#11330,
#11331,#11332,#11333,#11334,#11335,#11336,#11337,#11338,#11339,#11340,#11341,
#11342,#11343,#11344,#11345,#11346,#11347,#11348,#11349,#11350,#11351,#11352,
#11353,#11354,#11355,#11356,#11357,#11358)),.UNSPECIFIED.,.F.,.F.,.F.,(4,
4),(4,1,1,1,1,1,1,1,1,1,1,1,1,1,1,1,1,1,1,1,1,1,1,1,1,1,1,1,1,1,1,1,1,1,
1,1,1,1,1,1,1,1,1,1,1,1,1,1,1,1,1,1,1,1,1,1,1,1,1,1,1,1,1,1,1,4),(0.,0.0321584099938629),
(14.3984001269718,15.3961297510265,16.3938593750811,17.3915889991358,18.3893186231904,
19.3870482472451,20.3847778712998,21.3825074953544,22.3802371194091,23.3779667434637,
24.3756963675184,25.373425991573,26.3711556156277,27.3688852396824,28.366614863737,
29.3643444877917,30.3620741118463,31.359803735901,32.3575333599557,33.3552629840103,
34.352992608065,35.3507222321196,36.3484518561743,37.3461814802289,38.3439111042836,
39.3416407283383,40.3393703523929,41.3370999764476,42.3348296005022,43.3325592245569,
44.3302888486116,45.3280184726662,46.3257480967209,47.3234777207755,48.3212073448302,
49.3189369688849,50.3166665929395,51.3143962169942,52.3121258410488,53.3098554651035,
54.3075850891581,55.3053147132128,56.3030443372675,57.3007739613221,58.2985035853768,
59.2962332094314,60.2939628334861,61.2916924575408,62.2894220815954,63.2871517056501,
64.2848813297047,65.2826109537594,66.280340577814,67.2780702018687,68.2757998259234,
69.273529449978,70.2712590740327,71.2689886980873,72.266718322142,73.2644479461967,
74.2621775702513,75.259907194306,76.2576368183606,77.2553664424153,78.25309606647,
79.2508256905246),.UNSPECIFIED.);
#27=(
BOUNDED_SURFACE()
B_SPLINE_SURFACE(2,2,((#7763,#7764,#7765),(#7766,#7767,#7768),(#7769,#7770,
#7771)),.UNSPECIFIED.,.F.,.F.,.F.)
B_SPLINE_SURFACE_WITH_KNOTS((3,3),(3,3),(0.,1.57079632679493),(1.5707963267949,
3.14159265358979),.UNSPECIFIED.)
GEOMETRIC_REPRESENTATION_ITEM()
RATIONAL_B_SPLINE_SURFACE(((1.,0.707106781186548,1.),(0.707106781186575,
0.500000000000019,0.707106781186575),(1.,0.707106781186548,1.)))
REPRESENTATION_ITEM('')
SURFACE()
);
#28=(
BOUNDED_SURFACE()
B_SPLINE_SURFACE(2,2,((#7793,#7794,#7795),(#7796,#7797,#7798),(#7799,#7800,
#7801)),.UNSPECIFIED.,.F.,.F.,.F.)
B_SPLINE_SURFACE_WITH_KNOTS((3,3),(3,3),(0.,1.5707963267949),(-3.14159265358979,
-1.5707963267949),.UNSPECIFIED.)
GEOMETRIC_REPRESENTATION_ITEM()
RATIONAL_B_SPLINE_SURFACE(((1.,0.707106781186548,1.),(0.707106781186549,
0.500000000000001,0.707106781186549),(1.,0.707106781186548,1.)))
REPRESENTATION_ITEM('')
SURFACE()
);
#29=FACE_BOUND('',#409,.T.);
#30=FACE_BOUND('',#420,.T.);
#31=FACE_BOUND('',#427,.T.);
#32=FACE_BOUND('',#428,.T.);
#33=FACE_BOUND('',#429,.T.);
#34=FACE_BOUND('',#430,.T.);
#35=FACE_BOUND('',#431,.T.);
#36=FACE_BOUND('',#457,.T.);
#37=FACE_BOUND('',#472,.T.);
#38=FACE_BOUND('',#478,.T.);
#39=FACE_BOUND('',#484,.T.);
#40=FACE_BOUND('',#490,.T.);
#41=FACE_BOUND('',#491,.T.);
#42=FACE_BOUND('',#522,.T.);
#43=FACE_BOUND('',#525,.T.);
#44=TOROIDAL_SURFACE('',#3677,1.5,0.5);
#45=TOROIDAL_SURFACE('',#3683,1.5,0.5);
#46=TOROIDAL_SURFACE('',#3689,1.5,0.5);
#47=TOROIDAL_SURFACE('',#3695,1.5,0.5);
#48=TOROIDAL_SURFACE('',#3708,1.5,0.5);
#49=TOROIDAL_SURFACE('',#3713,1.5,0.5);
#50=TOROIDAL_SURFACE('',#3719,1.5,0.5);
#51=TOROIDAL_SURFACE('',#3725,1.5,0.5);
#52=TOROIDAL_SURFACE('',#3824,2.5,2.);
#53=TOROIDAL_SURFACE('',#3830,2.5,2.);
#54=TOROIDAL_SURFACE('',#3838,2.5,2.);
#55=TOROIDAL_SURFACE('',#3843,2.5,2.);
#56=PLANE('',#3665);
#57=PLANE('',#3673);
#58=PLANE('',#3700);
#59=PLANE('',#3703);
#60=PLANE('',#3704);
#61=PLANE('',#3728);
#62=PLANE('',#3729);
#63=PLANE('',#3731);
#64=PLANE('',#3739);
#65=PLANE('',#3751);
#66=PLANE('',#3757);
#67=PLANE('',#3763);
#68=PLANE('',#3767);
#69=PLANE('',#3771);
#70=PLANE('',#3772);
#71=PLANE('',#3773);
#72=PLANE('',#3774);
#73=PLANE('',#3775);
#74=PLANE('',#3777);
#75=PLANE('',#3780);
#76=PLANE('',#3786);
#77=PLANE('',#3788);
#78=PLANE('',#3796);
#79=PLANE('',#3798);
#80=PLANE('',#3803);
#81=PLANE('',#3805);
#82=PLANE('',#3810);
#83=PLANE('',#3812);
#84=PLANE('',#3813);
#85=PLANE('',#3814);
#86=PLANE('',#3815);
#87=PLANE('',#3820);
#88=PLANE('',#3821);
#89=PLANE('',#3822);
#90=PLANE('',#3823);
#91=PLANE('',#3834);
#92=PLANE('',#3845);
#93=PLANE('',#3848);
#94=PLANE('',#3852);
#95=PLANE('',#3855);
#96=PLANE('',#3859);
#97=PLANE('',#3862);
#98=PLANE('',#3866);
#99=PLANE('',#3870);
#100=PLANE('',#3873);
#101=PLANE('',#3874);
#102=PLANE('',#3875);
#103=SPHERICAL_SURFACE('',#3660,1.);
#104=SPHERICAL_SURFACE('',#3669,1.);
#105=FACE_OUTER_BOUND('',#308,.T.);
#106=FACE_OUTER_BOUND('',#309,.T.);
#107=FACE_OUTER_BOUND('',#310,.T.);
#108=FACE_OUTER_BOUND('',#311,.T.);
#109=FACE_OUTER_BOUND('',#312,.T.);
#110=FACE_OUTER_BOUND('',#313,.T.);
#111=FACE_OUTER_BOUND('',#314,.T.);
#112=FACE_OUTER_BOUND('',#315,.T.);
#113=FACE_OUTER_BOUND('',#316,.T.);
#114=FACE_OUTER_BOUND('',#317,.T.);
#115=FACE_OUTER_BOUND('',#318,.T.);
#116=FACE_OUTER_BOUND('',#319,.T.);
#117=FACE_OUTER_BOUND('',#320,.T.);
#118=FACE_OUTER_BOUND('',#321,.T.);
#119=FACE_OUTER_BOUND('',#322,.T.);
#120=FACE_OUTER_BOUND('',#323,.T.);
#121=FACE_OUTER_BOUND('',#324,.T.);
#122=FACE_OUTER_BOUND('',#325,.T.);
#123=FACE_OUTER_BOUND('',#326,.T.);
#124=FACE_OUTER_BOUND('',#327,.T.);
#125=FACE_OUTER_BOUND('',#328,.T.);
#126=FACE_OUTER_BOUND('',#329,.T.);
#127=FACE_OUTER_BOUND('',#330,.T.);
#128=FACE_OUTER_BOUND('',#331,.T.);
#129=FACE_OUTER_BOUND('',#332,.T.);
#130=FACE_OUTER_BOUND('',#333,.T.);
#131=FACE_OUTER_BOUND('',#334,.T.);
#132=FACE_OUTER_BOUND('',#335,.T.);
#133=FACE_OUTER_BOUND('',#336,.T.);
#134=FACE_OUTER_BOUND('',#337,.T.);
#135=FACE_OUTER_BOUND('',#338,.T.);
#136=FACE_OUTER_BOUND('',#339,.T.);
#137=FACE_OUTER_BOUND('',#340,.T.);
#138=FACE_OUTER_BOUND('',#341,.T.);
#139=FACE_OUTER_BOUND('',#342,.T.);
#140=FACE_OUTER_BOUND('',#343,.T.);
#141=FACE_OUTER_BOUND('',#344,.T.);
#142=FACE_OUTER_BOUND('',#345,.T.);
#143=FACE_OUTER_BOUND('',#346,.T.);
#144=FACE_OUTER_BOUND('',#347,.T.);
#145=FACE_OUTER_BOUND('',#348,.T.);
#146=FACE_OUTER_BOUND('',#349,.T.);
#147=FACE_OUTER_BOUND('',#350,.T.);
#148=FACE_OUTER_BOUND('',#351,.T.);
#149=FACE_OUTER_BOUND('',#352,.T.);
#150=FACE_OUTER_BOUND('',#353,.T.);
#151=FACE_OUTER_BOUND('',#354,.T.);
#152=FACE_OUTER_BOUND('',#355,.T.);
#153=FACE_OUTER_BOUND('',#356,.T.);
#154=FACE_OUTER_BOUND('',#357,.T.);
#155=FACE_OUTER_BOUND('',#358,.T.);
#156=FACE_OUTER_BOUND('',#359,.T.);
#157=FACE_OUTER_BOUND('',#360,.T.);
#158=FACE_OUTER_BOUND('',#361,.T.);
#159=FACE_OUTER_BOUND('',#362,.T.);
#160=FACE_OUTER_BOUND('',#363,.T.);
#161=FACE_OUTER_BOUND('',#364,.T.);
#162=FACE_OUTER_BOUND('',#365,.T.);
#163=FACE_OUTER_BOUND('',#366,.T.);
#164=FACE_OUTER_BOUND('',#367,.T.);
#165=FACE_OUTER_BOUND('',#368,.T.);
#166=FACE_OUTER_BOUND('',#369,.T.);
#167=FACE_OUTER_BOUND('',#370,.T.);
#168=FACE_OUTER_BOUND('',#371,.T.);
#169=FACE_OUTER_BOUND('',#372,.T.);
#170=FACE_OUTER_BOUND('',#373,.T.);
#171=FACE_OUTER_BOUND('',#374,.T.);
#172=FACE_OUTER_BOUND('',#375,.T.);
#173=FACE_OUTER_BOUND('',#376,.T.);
#174=FACE_OUTER_BOUND('',#377,.T.);
#175=FACE_OUTER_BOUND('',#378,.T.);
#176=FACE_OUTER_BOUND('',#379,.T.);
#177=FACE_OUTER_BOUND('',#380,.T.);
#178=FACE_OUTER_BOUND('',#381,.T.);
#179=FACE_OUTER_BOUND('',#382,.T.);
#180=FACE_OUTER_BOUND('',#383,.T.);
#181=FACE_OUTER_BOUND('',#384,.T.);
#182=FACE_OUTER_BOUND('',#385,.T.);
#183=FACE_OUTER_BOUND('',#386,.T.);
#184=FACE_OUTER_BOUND('',#387,.T.);
#185=FACE_OUTER_BOUND('',#388,.T.);
#186=FACE_OUTER_BOUND('',#389,.T.);
#187=FACE_OUTER_BOUND('',#390,.T.);
#188=FACE_OUTER_BOUND('',#391,.T.);
#189=FACE_OUTER_BOUND('',#392,.T.);
#190=FACE_OUTER_BOUND('',#393,.T.);
#191=FACE_OUTER_BOUND('',#394,.T.);
#192=FACE_OUTER_BOUND('',#395,.T.);
#193=FACE_OUTER_BOUND('',#396,.T.);
#194=FACE_OUTER_BOUND('',#397,.T.);
#195=FACE_OUTER_BOUND('',#398,.T.);
#196=FACE_OUTER_BOUND('',#399,.T.);
#197=FACE_OUTER_BOUND('',#400,.T.);
#198=FACE_OUTER_BOUND('',#401,.T.);
#199=FACE_OUTER_BOUND('',#402,.T.);
#200=FACE_OUTER_BOUND('',#403,.T.);
#201=FACE_OUTER_BOUND('',#404,.T.);
#202=FACE_OUTER_BOUND('',#405,.T.);
#203=FACE_OUTER_BOUND('',#406,.T.);
#204=FACE_OUTER_BOUND('',#407,.T.);
#205=FACE_OUTER_BOUND('',#408,.T.);
#206=FACE_OUTER_BOUND('',#410,.T.);
#207=FACE_OUTER_BOUND('',#411,.T.);
#208=FACE_OUTER_BOUND('',#412,.T.);
#209=FACE_OUTER_BOUND('',#413,.T.);
#210=FACE_OUTER_BOUND('',#414,.T.);
#211=FACE_OUTER_BOUND('',#415,.T.);
#212=FACE_OUTER_BOUND('',#416,.T.);
#213=FACE_OUTER_BOUND('',#417,.T.);
#214=FACE_OUTER_BOUND('',#418,.T.);
#215=FACE_OUTER_BOUND('',#419,.T.);
#216=FACE_OUTER_BOUND('',#421,.T.);
#217=FACE_OUTER_BOUND('',#422,.T.);
#218=FACE_OUTER_BOUND('',#423,.T.);
#219=FACE_OUTER_BOUND('',#424,.T.);
#220=FACE_OUTER_BOUND('',#425,.T.);
#221=FACE_OUTER_BOUND('',#426,.T.);
#222=FACE_OUTER_BOUND('',#432,.T.);
#223=FACE_OUTER_BOUND('',#433,.T.);
#224=FACE_OUTER_BOUND('',#434,.T.);
#225=FACE_OUTER_BOUND('',#435,.T.);
#226=FACE_OUTER_BOUND('',#436,.T.);
#227=FACE_OUTER_BOUND('',#437,.T.);
#228=FACE_OUTER_BOUND('',#438,.T.);
#229=FACE_OUTER_BOUND('',#439,.T.);
#230=FACE_OUTER_BOUND('',#440,.T.);
#231=FACE_OUTER_BOUND('',#441,.T.);
#232=FACE_OUTER_BOUND('',#442,.T.);
#233=FACE_OUTER_BOUND('',#443,.T.);
#234=FACE_OUTER_BOUND('',#444,.T.);
#235=FACE_OUTER_BOUND('',#445,.T.);
#236=FACE_OUTER_BOUND('',#446,.T.);
#237=FACE_OUTER_BOUND('',#447,.T.);
#238=FACE_OUTER_BOUND('',#448,.T.);
#239=FACE_OUTER_BOUND('',#449,.T.);
#240=FACE_OUTER_BOUND('',#450,.T.);
#241=FACE_OUTER_BOUND('',#451,.T.);
#242=FACE_OUTER_BOUND('',#452,.T.);
#243=FACE_OUTER_BOUND('',#453,.T.);
#244=FACE_OUTER_BOUND('',#454,.T.);
#245=FACE_OUTER_BOUND('',#455,.T.);
#246=FACE_OUTER_BOUND('',#456,.T.);
#247=FACE_OUTER_BOUND('',#458,.T.);
#248=FACE_OUTER_BOUND('',#459,.T.);
#249=FACE_OUTER_BOUND('',#460,.T.);
#250=FACE_OUTER_BOUND('',#461,.T.);
#251=FACE_OUTER_BOUND('',#462,.T.);
#252=FACE_OUTER_BOUND('',#463,.T.);
#253=FACE_OUTER_BOUND('',#464,.T.);
#254=FACE_OUTER_BOUND('',#465,.T.);
#255=FACE_OUTER_BOUND('',#466,.T.);
#256=FACE_OUTER_BOUND('',#467,.T.);
#257=FACE_OUTER_BOUND('',#468,.T.);
#258=FACE_OUTER_BOUND('',#469,.T.);
#259=FACE_OUTER_BOUND('',#470,.T.);
#260=FACE_OUTER_BOUND('',#471,.T.);
#261=FACE_OUTER_BOUND('',#473,.T.);
#262=FACE_OUTER_BOUND('',#474,.T.);
#263=FACE_OUTER_BOUND('',#475,.T.);
#264=FACE_OUTER_BOUND('',#476,.T.);
#265=FACE_OUTER_BOUND('',#477,.T.);
#266=FACE_OUTER_BOUND('',#479,.T.);
#267=FACE_OUTER_BOUND('',#480,.T.);
#268=FACE_OUTER_BOUND('',#481,.T.);
#269=FACE_OUTER_BOUND('',#482,.T.);
#270=FACE_OUTER_BOUND('',#483,.T.);
#271=FACE_OUTER_BOUND('',#485,.T.);
#272=FACE_OUTER_BOUND('',#486,.T.);
#273=FACE_OUTER_BOUND('',#487,.T.);
#274=FACE_OUTER_BOUND('',#488,.T.);
#275=FACE_OUTER_BOUND('',#489,.T.);
#276=FACE_OUTER_BOUND('',#492,.T.);
#277=FACE_OUTER_BOUND('',#493,.T.);
#278=FACE_OUTER_BOUND('',#494,.T.);
#279=FACE_OUTER_BOUND('',#495,.T.);
#280=FACE_OUTER_BOUND('',#496,.T.);
#281=FACE_OUTER_BOUND('',#497,.T.);
#282=FACE_OUTER_BOUND('',#498,.T.);
#283=FACE_OUTER_BOUND('',#499,.T.);
#284=FACE_OUTER_BOUND('',#500,.T.);
#285=FACE_OUTER_BOUND('',#501,.T.);
#286=FACE_OUTER_BOUND('',#502,.T.);
#287=FACE_OUTER_BOUND('',#503,.T.);
#288=FACE_OUTER_BOUND('',#504,.T.);
#289=FACE_OUTER_BOUND('',#505,.T.);
#290=FACE_OUTER_BOUND('',#506,.T.);
#291=FACE_OUTER_BOUND('',#507,.T.);
#292=FACE_OUTER_BOUND('',#508,.T.);
#293=FACE_OUTER_BOUND('',#509,.T.);
#294=FACE_OUTER_BOUND('',#510,.T.);
#295=FACE_OUTER_BOUND('',#511,.T.);
#296=FACE_OUTER_BOUND('',#512,.T.);
#297=FACE_OUTER_BOUND('',#513,.T.);
#298=FACE_OUTER_BOUND('',#514,.T.);
#299=FACE_OUTER_BOUND('',#515,.T.);
#300=FACE_OUTER_BOUND('',#516,.T.);
#301=FACE_OUTER_BOUND('',#517,.T.);
#302=FACE_OUTER_BOUND('',#518,.T.);
#303=FACE_OUTER_BOUND('',#519,.T.);
#304=FACE_OUTER_BOUND('',#520,.T.);
#305=FACE_OUTER_BOUND('',#521,.T.);
#306=FACE_OUTER_BOUND('',#523,.T.);
#307=FACE_OUTER_BOUND('',#524,.T.);
#308=EDGE_LOOP('',(#2152,#2153,#2154,#2155));
#309=EDGE_LOOP('',(#2156,#2157,#2158,#2159));
#310=EDGE_LOOP('',(#2160,#2161,#2162,#2163));
#311=EDGE_LOOP('',(#2164,#2165,#2166,#2167));
#312=EDGE_LOOP('',(#2168,#2169,#2170,#2171));
#313=EDGE_LOOP('',(#2172,#2173,#2174,#2175));
#314=EDGE_LOOP('',(#2176,#2177,#2178,#2179));
#315=EDGE_LOOP('',(#2180,#2181,#2182,#2183));
#316=EDGE_LOOP('',(#2184,#2185,#2186,#2187));
#317=EDGE_LOOP('',(#2188,#2189,#2190,#2191));
#318=EDGE_LOOP('',(#2192,#2193,#2194,#2195));
#319=EDGE_LOOP('',(#2196,#2197,#2198,#2199));
#320=EDGE_LOOP('',(#2200,#2201,#2202,#2203));
#321=EDGE_LOOP('',(#2204,#2205,#2206,#2207));
#322=EDGE_LOOP('',(#2208,#2209,#2210,#2211));
#323=EDGE_LOOP('',(#2212,#2213,#2214,#2215));
#324=EDGE_LOOP('',(#2216,#2217,#2218,#2219));
#325=EDGE_LOOP('',(#2220,#2221,#2222,#2223));
#326=EDGE_LOOP('',(#2224,#2225,#2226,#2227));
#327=EDGE_LOOP('',(#2228,#2229,#2230,#2231));
#328=EDGE_LOOP('',(#2232,#2233,#2234,#2235));
#329=EDGE_LOOP('',(#2236,#2237,#2238,#2239));
#330=EDGE_LOOP('',(#2240,#2241,#2242,#2243));
#331=EDGE_LOOP('',(#2244,#2245,#2246,#2247));
#332=EDGE_LOOP('',(#2248,#2249,#2250,#2251));
#333=EDGE_LOOP('',(#2252,#2253,#2254,#2255));
#334=EDGE_LOOP('',(#2256,#2257,#2258,#2259));
#335=EDGE_LOOP('',(#2260,#2261,#2262,#2263));
#336=EDGE_LOOP('',(#2264,#2265,#2266,#2267));
#337=EDGE_LOOP('',(#2268,#2269,#2270,#2271));
#338=EDGE_LOOP('',(#2272,#2273,#2274,#2275));
#339=EDGE_LOOP('',(#2276,#2277,#2278,#2279));
#340=EDGE_LOOP('',(#2280,#2281,#2282,#2283));
#341=EDGE_LOOP('',(#2284,#2285,#2286,#2287));
#342=EDGE_LOOP('',(#2288,#2289,#2290,#2291));
#343=EDGE_LOOP('',(#2292,#2293,#2294,#2295));
#344=EDGE_LOOP('',(#2296,#2297,#2298,#2299));
#345=EDGE_LOOP('',(#2300,#2301,#2302,#2303));
#346=EDGE_LOOP('',(#2304,#2305,#2306,#2307));
#347=EDGE_LOOP('',(#2308,#2309,#2310,#2311));
#348=EDGE_LOOP('',(#2312,#2313,#2314,#2315));
#349=EDGE_LOOP('',(#2316,#2317,#2318,#2319));
#350=EDGE_LOOP('',(#2320,#2321,#2322,#2323));
#351=EDGE_LOOP('',(#2324,#2325,#2326,#2327));
#352=EDGE_LOOP('',(#2328,#2329,#2330,#2331));
#353=EDGE_LOOP('',(#2332,#2333,#2334,#2335));
#354=EDGE_LOOP('',(#2336,#2337,#2338,#2339));
#355=EDGE_LOOP('',(#2340,#2341,#2342,#2343));
#356=EDGE_LOOP('',(#2344,#2345,#2346,#2347));
#357=EDGE_LOOP('',(#2348,#2349,#2350,#2351));
#358=EDGE_LOOP('',(#2352,#2353,#2354,#2355));
#359=EDGE_LOOP('',(#2356,#2357,#2358,#2359));
#360=EDGE_LOOP('',(#2360,#2361,#2362,#2363));
#361=EDGE_LOOP('',(#2364,#2365,#2366,#2367));
#362=EDGE_LOOP('',(#2368,#2369,#2370,#2371));
#363=EDGE_LOOP('',(#2372,#2373,#2374,#2375));
#364=EDGE_LOOP('',(#2376,#2377,#2378,#2379));
#365=EDGE_LOOP('',(#2380,#2381,#2382,#2383));
#366=EDGE_LOOP('',(#2384,#2385,#2386,#2387));
#367=EDGE_LOOP('',(#2388,#2389,#2390,#2391));
#368=EDGE_LOOP('',(#2392,#2393,#2394,#2395));
#369=EDGE_LOOP('',(#2396,#2397,#2398,#2399));
#370=EDGE_LOOP('',(#2400,#2401,#2402,#2403));
#371=EDGE_LOOP('',(#2404,#2405,#2406,#2407));
#372=EDGE_LOOP('',(#2408,#2409,#2410,#2411));
#373=EDGE_LOOP('',(#2412,#2413,#2414,#2415));
#374=EDGE_LOOP('',(#2416,#2417,#2418,#2419));
#375=EDGE_LOOP('',(#2420,#2421,#2422,#2423));
#376=EDGE_LOOP('',(#2424,#2425,#2426,#2427));
#377=EDGE_LOOP('',(#2428,#2429,#2430,#2431));
#378=EDGE_LOOP('',(#2432,#2433,#2434,#2435));
#379=EDGE_LOOP('',(#2436,#2437,#2438,#2439));
#380=EDGE_LOOP('',(#2440,#2441,#2442,#2443));
#381=EDGE_LOOP('',(#2444,#2445,#2446,#2447));
#382=EDGE_LOOP('',(#2448,#2449,#2450,#2451));
#383=EDGE_LOOP('',(#2452,#2453,#2454,#2455));
#384=EDGE_LOOP('',(#2456,#2457,#2458,#2459));
#385=EDGE_LOOP('',(#2460,#2461,#2462,#2463));
#386=EDGE_LOOP('',(#2464,#2465,#2466,#2467));
#387=EDGE_LOOP('',(#2468,#2469,#2470,#2471));
#388=EDGE_LOOP('',(#2472,#2473,#2474,#2475));
#389=EDGE_LOOP('',(#2476,#2477,#2478));
#390=EDGE_LOOP('',(#2479,#2480,#2481,#2482));
#391=EDGE_LOOP('',(#2483,#2484,#2485,#2486));
#392=EDGE_LOOP('',(#2487,#2488,#2489,#2490));
#393=EDGE_LOOP('',(#2491,#2492,#2493));
#394=EDGE_LOOP('',(#2494,#2495,#2496,#2497));
#395=EDGE_LOOP('',(#2498,#2499,#2500,#2501));
#396=EDGE_LOOP('',(#2502,#2503,#2504,#2505));
#397=EDGE_LOOP('',(#2506,#2507,#2508,#2509));
#398=EDGE_LOOP('',(#2510,#2511,#2512,#2513));
#399=EDGE_LOOP('',(#2514,#2515,#2516,#2517));
#400=EDGE_LOOP('',(#2518,#2519,#2520,#2521));
#401=EDGE_LOOP('',(#2522,#2523,#2524,#2525));
#402=EDGE_LOOP('',(#2526,#2527,#2528,#2529));
#403=EDGE_LOOP('',(#2530,#2531,#2532,#2533));
#404=EDGE_LOOP('',(#2534,#2535,#2536,#2537));
#405=EDGE_LOOP('',(#2538,#2539,#2540,#2541));
#406=EDGE_LOOP('',(#2542,#2543,#2544,#2545));
#407=EDGE_LOOP('',(#2546,#2547,#2548,#2549));
#408=EDGE_LOOP('',(#2550,#2551,#2552,#2553));
#409=EDGE_LOOP('',(#2554,#2555,#2556,#2557,#2558,#2559,#2560,#2561));
#410=EDGE_LOOP('',(#2562,#2563,#2564,#2565));
#411=EDGE_LOOP('',(#2566,#2567,#2568,#2569));
#412=EDGE_LOOP('',(#2570,#2571,#2572,#2573));
#413=EDGE_LOOP('',(#2574,#2575,#2576,#2577));
#414=EDGE_LOOP('',(#2578,#2579,#2580,#2581));
#415=EDGE_LOOP('',(#2582,#2583,#2584,#2585));
#416=EDGE_LOOP('',(#2586,#2587,#2588,#2589));
#417=EDGE_LOOP('',(#2590,#2591,#2592,#2593));
#418=EDGE_LOOP('',(#2594,#2595,#2596,#2597));
#419=EDGE_LOOP('',(#2598,#2599,#2600,#2601));
#420=EDGE_LOOP('',(#2602,#2603,#2604,#2605,#2606,#2607,#2608,#2609));
#421=EDGE_LOOP('',(#2610,#2611,#2612,#2613));
#422=EDGE_LOOP('',(#2614,#2615,#2616,#2617));
#423=EDGE_LOOP('',(#2618,#2619,#2620,#2621));
#424=EDGE_LOOP('',(#2622,#2623,#2624,#2625,#2626,#2627));
#425=EDGE_LOOP('',(#2628,#2629,#2630,#2631));
#426=EDGE_LOOP('',(#2632,#2633,#2634,#2635,#2636,#2637,#2638,#2639));
#427=EDGE_LOOP('',(#2640));
#428=EDGE_LOOP('',(#2641));
#429=EDGE_LOOP('',(#2642));
#430=EDGE_LOOP('',(#2643));
#431=EDGE_LOOP('',(#2644,#2645,#2646,#2647,#2648,#2649,#2650,#2651,#2652,
#2653,#2654,#2655,#2656,#2657,#2658));
#432=EDGE_LOOP('',(#2659,#2660,#2661,#2662));
#433=EDGE_LOOP('',(#2663,#2664,#2665,#2666,#2667,#2668));
#434=EDGE_LOOP('',(#2669,#2670,#2671,#2672));
#435=EDGE_LOOP('',(#2673,#2674,#2675,#2676));
#436=EDGE_LOOP('',(#2677,#2678,#2679,#2680,#2681));
#437=EDGE_LOOP('',(#2682,#2683,#2684,#2685));
#438=EDGE_LOOP('',(#2686,#2687,#2688,#2689,#2690,#2691));
#439=EDGE_LOOP('',(#2692,#2693,#2694,#2695));
#440=EDGE_LOOP('',(#2696,#2697,#2698,#2699));
#441=EDGE_LOOP('',(#2700,#2701,#2702,#2703,#2704));
#442=EDGE_LOOP('',(#2705,#2706,#2707,#2708));
#443=EDGE_LOOP('',(#2709,#2710,#2711,#2712));
#444=EDGE_LOOP('',(#2713,#2714,#2715,#2716,#2717,#2718,#2719,#2720,#2721));
#445=EDGE_LOOP('',(#2722,#2723,#2724,#2725));
#446=EDGE_LOOP('',(#2726,#2727,#2728,#2729));
#447=EDGE_LOOP('',(#2730,#2731,#2732));
#448=EDGE_LOOP('',(#2733,#2734,#2735));
#449=EDGE_LOOP('',(#2736,#2737,#2738,#2739,#2740,#2741));
#450=EDGE_LOOP('',(#2742,#2743,#2744,#2745,#2746,#2747));
#451=EDGE_LOOP('',(#2748,#2749,#2750,#2751));
#452=EDGE_LOOP('',(#2752,#2753,#2754,#2755,#2756,#2757,#2758,#2759,#2760,
#2761,#2762,#2763,#2764,#2765,#2766,#2767,#2768,#2769,#2770,#2771,#2772,
#2773,#2774,#2775));
#453=EDGE_LOOP('',(#2776,#2777,#2778,#2779,#2780,#2781,#2782,#2783,#2784,
#2785,#2786,#2787,#2788,#2789,#2790,#2791,#2792,#2793,#2794,#2795,#2796,
#2797,#2798,#2799));
#454=EDGE_LOOP('',(#2800,#2801,#2802,#2803));
#455=EDGE_LOOP('',(#2804,#2805,#2806,#2807));
#456=EDGE_LOOP('',(#2808));
#457=EDGE_LOOP('',(#2809,#2810,#2811,#2812));
#458=EDGE_LOOP('',(#2813,#2814,#2815,#2816));
#459=EDGE_LOOP('',(#2817,#2818,#2819,#2820));
#460=EDGE_LOOP('',(#2821,#2822,#2823,#2824));
#461=EDGE_LOOP('',(#2825,#2826,#2827,#2828,#2829,#2830,#2831,#2832,#2833,
#2834,#2835,#2836,#2837,#2838,#2839,#2840,#2841,#2842,#2843,#2844,#2845,
#2846,#2847,#2848));
#462=EDGE_LOOP('',(#2849,#2850,#2851,#2852,#2853,#2854,#2855,#2856,#2857,
#2858,#2859,#2860,#2861,#2862,#2863,#2864,#2865,#2866,#2867,#2868,#2869,
#2870,#2871,#2872));
#463=EDGE_LOOP('',(#2873,#2874,#2875,#2876));
#464=EDGE_LOOP('',(#2877,#2878,#2879,#2880,#2881,#2882,#2883,#2884,#2885,
#2886,#2887,#2888,#2889,#2890,#2891,#2892,#2893,#2894,#2895,#2896,#2897,
#2898,#2899,#2900));
#465=EDGE_LOOP('',(#2901,#2902,#2903,#2904,#2905,#2906,#2907,#2908,#2909,
#2910,#2911,#2912,#2913,#2914,#2915,#2916,#2917,#2918,#2919,#2920,#2921,
#2922,#2923,#2924));
#466=EDGE_LOOP('',(#2925,#2926,#2927,#2928));
#467=EDGE_LOOP('',(#2929,#2930,#2931,#2932,#2933,#2934,#2935,#2936,#2937,
#2938,#2939,#2940,#2941,#2942,#2943,#2944,#2945,#2946,#2947,#2948,#2949,
#2950,#2951,#2952));
#468=EDGE_LOOP('',(#2953,#2954,#2955,#2956,#2957,#2958,#2959,#2960,#2961,
#2962,#2963,#2964,#2965,#2966,#2967,#2968,#2969,#2970,#2971,#2972,#2973,
#2974,#2975,#2976));
#469=EDGE_LOOP('',(#2977,#2978,#2979,#2980));
#470=EDGE_LOOP('',(#2981,#2982,#2983,#2984));
#471=EDGE_LOOP('',(#2985));
#472=EDGE_LOOP('',(#2986,#2987,#2988,#2989));
#473=EDGE_LOOP('',(#2990,#2991,#2992,#2993));
#474=EDGE_LOOP('',(#2994,#2995,#2996,#2997));
#475=EDGE_LOOP('',(#2998,#2999,#3000,#3001));
#476=EDGE_LOOP('',(#3002,#3003,#3004,#3005));
#477=EDGE_LOOP('',(#3006));
#478=EDGE_LOOP('',(#3007,#3008,#3009,#3010));
#479=EDGE_LOOP('',(#3011,#3012,#3013,#3014));
#480=EDGE_LOOP('',(#3015,#3016,#3017,#3018));
#481=EDGE_LOOP('',(#3019,#3020,#3021,#3022));
#482=EDGE_LOOP('',(#3023,#3024,#3025,#3026));
#483=EDGE_LOOP('',(#3027));
#484=EDGE_LOOP('',(#3028,#3029,#3030,#3031));
#485=EDGE_LOOP('',(#3032,#3033,#3034,#3035));
#486=EDGE_LOOP('',(#3036,#3037,#3038,#3039));
#487=EDGE_LOOP('',(#3040,#3041,#3042,#3043));
#488=EDGE_LOOP('',(#3044,#3045,#3046,#3047));
#489=EDGE_LOOP('',(#3048,#3049,#3050,#3051,#3052,#3053,#3054,#3055));
#490=EDGE_LOOP('',(#3056,#3057,#3058,#3059));
#491=EDGE_LOOP('',(#3060,#3061,#3062,#3063));
#492=EDGE_LOOP('',(#3064,#3065,#3066,#3067));
#493=EDGE_LOOP('',(#3068,#3069,#3070,#3071));
#494=EDGE_LOOP('',(#3072,#3073,#3074,#3075));
#495=EDGE_LOOP('',(#3076,#3077,#3078,#3079));
#496=EDGE_LOOP('',(#3080,#3081,#3082,#3083));
#497=EDGE_LOOP('',(#3084,#3085,#3086,#3087));
#498=EDGE_LOOP('',(#3088,#3089,#3090,#3091));
#499=EDGE_LOOP('',(#3092,#3093,#3094,#3095));
#500=EDGE_LOOP('',(#3096,#3097,#3098,#3099));
#501=EDGE_LOOP('',(#3100,#3101,#3102,#3103));
#502=EDGE_LOOP('',(#3104,#3105,#3106,#3107));
#503=EDGE_LOOP('',(#3108,#3109,#3110,#3111));
#504=EDGE_LOOP('',(#3112,#3113,#3114,#3115));
#505=EDGE_LOOP('',(#3116,#3117,#3118,#3119));
#506=EDGE_LOOP('',(#3120,#3121,#3122,#3123));
#507=EDGE_LOOP('',(#3124,#3125,#3126,#3127));
#508=EDGE_LOOP('',(#3128,#3129,#3130,#3131));
#509=EDGE_LOOP('',(#3132,#3133,#3134,#3135));
#510=EDGE_LOOP('',(#3136,#3137,#3138,#3139));
#511=EDGE_LOOP('',(#3140,#3141,#3142,#3143));
#512=EDGE_LOOP('',(#3144,#3145,#3146,#3147));
#513=EDGE_LOOP('',(#3148,#3149,#3150,#3151));
#514=EDGE_LOOP('',(#3152,#3153,#3154,#3155));
#515=EDGE_LOOP('',(#3156,#3157,#3158,#3159));
#516=EDGE_LOOP('',(#3160,#3161,#3162,#3163));
#517=EDGE_LOOP('',(#3164,#3165,#3166,#3167));
#518=EDGE_LOOP('',(#3168,#3169,#3170,#3171));
#519=EDGE_LOOP('',(#3172,#3173,#3174,#3175));
#520=EDGE_LOOP('',(#3176,#3177,#3178,#3179));
#521=EDGE_LOOP('',(#3180,#3181,#3182,#3183,#3184,#3185,#3186,#3187));
#522=EDGE_LOOP('',(#3188,#3189,#3190,#3191,#3192,#3193,#3194,#3195));
#523=EDGE_LOOP('',(#3196,#3197,#3198,#3199));
#524=EDGE_LOOP('',(#3200,#3201,#3202,#3203,#3204,#3205,#3206,#3207));
#525=EDGE_LOOP('',(#3208,#3209,#3210,#3211,#3212,#3213,#3214,#3215));
#526=CIRCLE('',#3562,1.2645);
#527=CIRCLE('',#3572,1.2645);
#528=CIRCLE('',#3574,1.2645);
#529=CIRCLE('',#3584,1.2645);
#530=CIRCLE('',#3586,1.2645);
#531=CIRCLE('',#3596,1.2645);
#532=CIRCLE('',#3598,1.54300000000001);
#533=CIRCLE('',#3608,1.54300000000001);
#534=CIRCLE('',#3610,1.543);
#535=CIRCLE('',#3620,1.543);
#536=CIRCLE('',#3622,1.543);
#537=CIRCLE('',#3632,1.543);
#538=CIRCLE('',#3634,1.2645);
#539=CIRCLE('',#3644,1.2645);
#540=CIRCLE('',#3646,1.54300000000001);
#541=CIRCLE('',#3656,1.54300000000001);
#542=CIRCLE('',#3658,1.);
#543=CIRCLE('',#3659,0.999999999999996);
#544=CIRCLE('',#3661,1.);
#545=CIRCLE('',#3662,1.);
#546=CIRCLE('',#3664,1.);
#547=CIRCLE('',#3667,1.);
#548=CIRCLE('',#3668,0.999999999999996);
#549=CIRCLE('',#3670,1.);
#550=CIRCLE('',#3671,1.);
#551=CIRCLE('',#3675,0.499999999999998);
#552=CIRCLE('',#3676,0.500000000000002);
#553=CIRCLE('',#3678,0.5);
#554=CIRCLE('',#3679,1.5);
#555=CIRCLE('',#3680,1.);
#556=CIRCLE('',#3682,0.500000000000003);
#557=CIRCLE('',#3684,0.5);
#558=CIRCLE('',#3685,1.5);
#559=CIRCLE('',#3686,1.);
#560=CIRCLE('',#3688,0.5);
#561=CIRCLE('',#3690,0.5);
#562=CIRCLE('',#3691,1.5);
#563=CIRCLE('',#3692,1.);
#564=CIRCLE('',#3694,0.500000000000002);
#565=CIRCLE('',#3696,1.);
#566=CIRCLE('',#3697,1.5);
#567=CIRCLE('',#3699,1.);
#568=CIRCLE('',#3702,1.);
#569=CIRCLE('',#3706,0.499999999999998);
#570=CIRCLE('',#3707,0.500000000000003);
#571=CIRCLE('',#3709,0.499999999999999);
#572=CIRCLE('',#3710,1.5);
#573=CIRCLE('',#3712,0.500000000000002);
#574=CIRCLE('',#3714,0.5);
#575=CIRCLE('',#3715,1.5);
#576=CIRCLE('',#3716,1.);
#577=CIRCLE('',#3718,0.500000000000002);
#578=CIRCLE('',#3720,0.499999999999998);
#579=CIRCLE('',#3721,1.5);
#580=CIRCLE('',#3722,1.);
#581=CIRCLE('',#3724,0.5);
#582=CIRCLE('',#3726,1.5);
#583=CIRCLE('',#3733,1.);
#584=CIRCLE('',#3734,1.);
#585=CIRCLE('',#3735,1.);
#586=CIRCLE('',#3737,1.5);
#587=CIRCLE('',#3738,1.5);
#588=CIRCLE('',#3740,1.);
#589=CIRCLE('',#3741,1.);
#590=CIRCLE('',#3742,1.);
#591=CIRCLE('',#3743,1.);
#592=CIRCLE('',#3744,3.);
#593=CIRCLE('',#3745,2.99999999999999);
#594=CIRCLE('',#3746,3.);
#595=CIRCLE('',#3747,2.99999999999999);
#596=CIRCLE('',#3748,1.);
#597=CIRCLE('',#3749,0.5);
#598=CIRCLE('',#3750,1.5);
#599=CIRCLE('',#3753,1.);
#600=CIRCLE('',#3754,1.);
#601=CIRCLE('',#3756,0.5);
#602=CIRCLE('',#3758,0.999999999999979);
#603=CIRCLE('',#3759,0.5);
#604=CIRCLE('',#3760,1.5);
#605=CIRCLE('',#3761,1.5);
#606=CIRCLE('',#3764,0.5);
#607=CIRCLE('',#3766,1.);
#608=CIRCLE('',#3768,1.);
#609=CIRCLE('',#3769,1.5);
#610=CIRCLE('',#3776,2.);
#611=CIRCLE('',#3778,2.);
#612=CIRCLE('',#3783,1.99999999999999);
#613=CIRCLE('',#3784,2.99999999999999);
#614=CIRCLE('',#3793,1.99999999999999);
#615=CIRCLE('',#3794,2.99999999999999);
#616=CIRCLE('',#3800,2.);
#617=CIRCLE('',#3801,3.);
#618=CIRCLE('',#3807,2.);
#619=CIRCLE('',#3808,3.);
#620=CIRCLE('',#3816,4.5);
#621=CIRCLE('',#3817,4.5);
#622=CIRCLE('',#3818,4.5);
#623=CIRCLE('',#3819,4.5);
#624=CIRCLE('',#3825,2.);
#625=CIRCLE('',#3826,2.);
#626=CIRCLE('',#3827,2.5);
#627=CIRCLE('',#3829,2.);
#628=CIRCLE('',#3831,2.);
#629=CIRCLE('',#3832,2.5);
#630=CIRCLE('',#3836,2.);
#631=CIRCLE('',#3837,2.);
#632=CIRCLE('',#3839,2.);
#633=CIRCLE('',#3840,2.5);
#634=CIRCLE('',#3842,2.);
#635=CIRCLE('',#3844,2.5);
#636=CIRCLE('',#3847,1.);
#637=CIRCLE('',#3850,1.);
#638=CIRCLE('',#3851,1.);
#639=CIRCLE('',#3854,1.);
#640=CIRCLE('',#3857,1.);
#641=CIRCLE('',#3858,1.);
#642=CIRCLE('',#3861,1.);
#643=CIRCLE('',#3864,1.);
#644=CIRCLE('',#3865,1.);
#645=CIRCLE('',#3868,1.);
#646=CIRCLE('',#3869,1.);
#647=CIRCLE('',#3872,1.);
#648=B_SPLINE_CURVE_WITH_KNOTS('',3,(#4732,#4733,#4734,#4735),
 .UNSPECIFIED.,.F.,.F.,(4,4),(64.141416212773,64.8524255635528),
 .UNSPECIFIED.);
#649=B_SPLINE_CURVE_WITH_KNOTS('',3,(#4738,#4739,#4740,#4741,#4742,#4743,
#4744,#4745,#4746,#4747),.UNSPECIFIED.,.F.,.F.,(4,3,3,4),(-62.8318530717958,
-61.8592366913888,-60.8615070673341,-60.4012697689859),.UNSPECIFIED.);
#650=B_SPLINE_CURVE_WITH_KNOTS('',3,(#4752,#4753,#4754,#4755,#4756,#4757,
#4758,#4759,#4760,#4761,#4762,#4763,#4764,#4765,#4766,#4767,#4768,#4769,
#4770,#4771,#4772,#4773,#4774,#4775,#4776),.UNSPECIFIED.,.F.,.F.,(4,3,3,
3,3,3,3,3,4),(57.8582309055933,57.8683181951702,58.8660478192248,59.8637774432795,
60.8615070673342,61.8592366913888,62.8569663154435,63.8546959394981,64.141416212773),
 .UNSPECIFIED.);
#651=B_SPLINE_CURVE_WITH_KNOTS('',3,(#4777,#4778,#4779,#4780,#4781,#4782,
#4783,#4784,#4785,#4786,#4787,#4788,#4789,#4790,#4791,#4792,#4793,#4794,
#4795,#4796,#4797,#4798),.UNSPECIFIED.,.F.,.F.,(4,3,3,3,3,3,3,4),(-60.4012697689859,
-59.8637774432795,-58.8660478192248,-57.8683181951702,-56.8705885711155,
-55.8728589470608,-54.8751293230062,-54.1180844618063),.UNSPECIFIED.);
#652=B_SPLINE_CURVE_WITH_KNOTS('',3,(#4803,#4804,#4805,#4806,#4807,#4808,
#4809,#4810,#4811,#4812,#4813,#4814,#4815,#4816,#4817,#4818,#4819,#4820,
#4821,#4822,#4823,#4824),.UNSPECIFIED.,.F.,.F.,(4,3,3,3,3,3,3,4),(51.5750455984138,
51.8819404508422,52.8796700748969,53.8773996989515,54.8751293230062,55.8728589470609,
56.8705885711155,57.8582309055933),.UNSPECIFIED.);
#653=B_SPLINE_CURVE_WITH_KNOTS('',3,(#4825,#4826,#4827,#4828,#4829,#4830,
#4831,#4832,#4833,#4834,#4835,#4836,#4837,#4838,#4839,#4840,#4841,#4842,
#4843,#4844,#4845,#4846,#4847,#4848,#4849),.UNSPECIFIED.,.F.,.F.,(4,3,3,
3,3,3,3,3,4),(-54.1180844618063,-53.8773996989515,-52.8796700748969,-51.8819404508422,
-50.8842108267876,-49.8864812027329,-48.8887515786782,-47.8910219546236,
-47.8348991546267),.UNSPECIFIED.);
#654=B_SPLINE_CURVE_WITH_KNOTS('',3,(#4854,#4855,#4856,#4857,#4858,#4859,
#4860,#4861,#4862,#4863,#4864,#4865,#4866,#4867,#4868,#4869,#4870,#4871,
#4872,#4873,#4874,#4875),.UNSPECIFIED.,.F.,.F.,(4,3,3,3,3,3,3,4),(45.2918602912342,
45.8955627065143,46.8932923305689,47.8910219546236,48.8887515786782,49.8864812027329,
50.8842108267876,51.5750455984138),.UNSPECIFIED.);
#655=B_SPLINE_CURVE_WITH_KNOTS('',3,(#4876,#4877,#4878,#4879,#4880,#4881,
#4882,#4883,#4884,#4885,#4886,#4887,#4888,#4889,#4890,#4891,#4892,#4893,
#4894,#4895,#4896,#4897),.UNSPECIFIED.,.F.,.F.,(4,3,3,3,3,3,3,4),(-47.8348991546267,
-46.8932923305689,-45.8955627065143,-44.8978330824596,-43.900103458405,
-42.9023738343503,-41.9046442102956,-41.5517138474471),.UNSPECIFIED.);
#656=B_SPLINE_CURVE_WITH_KNOTS('',3,(#4902,#4903,#4904,#4905,#4906,#4907,
#4908,#4909,#4910,#4911,#4912,#4913,#4914,#4915,#4916,#4917,#4918,#4919,
#4920,#4921,#4922,#4923),.UNSPECIFIED.,.F.,.F.,(4,3,3,3,3,3,3,4),(39.0086749840546,
39.9091849621863,40.906914586241,41.9046442102956,42.9023738343503,43.9001034584049,
44.8978330824596,45.2918602912342),.UNSPECIFIED.);
#657=B_SPLINE_CURVE_WITH_KNOTS('',3,(#4924,#4925,#4926,#4927,#4928,#4929,
#4930,#4931,#4932,#4933,#4934,#4935,#4936,#4937,#4938,#4939,#4940,#4941,
#4942,#4943,#4944,#4945),.UNSPECIFIED.,.F.,.F.,(4,3,3,3,3,3,3,4),(-41.5517138474471,
-40.906914586241,-39.9091849621863,-38.9114553381317,-37.913725714077,-36.9159960900223,
-35.9182664659677,-35.2685285402675),.UNSPECIFIED.);
#658=B_SPLINE_CURVE_WITH_KNOTS('',3,(#4950,#4951,#4952,#4953,#4954,#4955,
#4956,#4957,#4958,#4959,#4960,#4961,#4962,#4963,#4964,#4965,#4966,#4967,
#4968,#4969,#4970,#4971,#4972,#4973,#4974),.UNSPECIFIED.,.F.,.F.,(4,3,3,
3,3,3,3,3,4),(32.725489676875,32.9250775938037,33.9228072178584,34.920536841913,
35.9182664659677,36.9159960900223,37.913725714077,38.9114553381317,39.0086749840546),
 .UNSPECIFIED.);
#659=B_SPLINE_CURVE_WITH_KNOTS('',3,(#4975,#4976,#4977,#4978,#4979,#4980,
#4981,#4982,#4983,#4984,#4985,#4986,#4987,#4988,#4989,#4990,#4991,#4992,
#4993,#4994,#4995,#4996),.UNSPECIFIED.,.F.,.F.,(4,3,3,3,3,3,3,4),(-35.2685285402675,
-34.920536841913,-33.9228072178584,-32.9250775938037,-31.9273479697491,
-30.9296183456944,-29.9318887216397,-28.9853432330879),.UNSPECIFIED.);
#660=B_SPLINE_CURVE_WITH_KNOTS('',3,(#5001,#5002,#5003,#5004,#5005,#5006,
#5007,#5008,#5009,#5010,#5011,#5012,#5013,#5014,#5015,#5016,#5017,#5018,
#5019,#5020,#5021,#5022),.UNSPECIFIED.,.F.,.F.,(4,3,3,3,3,3,3,4),(26.4423043696954,
26.9386998494758,27.9364294735304,28.9341590975851,29.9318887216397,30.9296183456944,
31.9273479697491,32.725489676875),.UNSPECIFIED.);
#661=B_SPLINE_CURVE_WITH_KNOTS('',3,(#5023,#5024,#5025,#5026,#5027,#5028,
#5029,#5030,#5031,#5032,#5033,#5034,#5035,#5036,#5037,#5038,#5039,#5040,
#5041,#5042,#5043,#5044,#5045,#5046,#5047),.UNSPECIFIED.,.F.,.F.,(4,3,3,
3,3,3,3,3,4),(-28.9853432330879,-28.9341590975851,-27.9364294735304,-26.9386998494758,
-25.9409702254211,-24.9432406013664,-23.9455109773118,-22.9477813532571,
-22.7021579259084),.UNSPECIFIED.);
#662=B_SPLINE_CURVE_WITH_KNOTS('',3,(#5052,#5053,#5054,#5055,#5056,#5057,
#5058,#5059,#5060,#5061,#5062,#5063,#5064,#5065,#5066,#5067,#5068,#5069,
#5070,#5071,#5072,#5073),.UNSPECIFIED.,.F.,.F.,(4,3,3,3,3,3,3,4),(20.1591190625158,
20.9523221051478,21.9500517292025,22.9477813532571,23.9455109773118,24.9432406013665,
25.9409702254211,26.4423043696954),.UNSPECIFIED.);
#663=B_SPLINE_CURVE_WITH_KNOTS('',3,(#5074,#5075,#5076,#5077,#5078,#5079,
#5080,#5081,#5082,#5083,#5084,#5085,#5086,#5087,#5088,#5089,#5090,#5091,
#5092,#5093,#5094,#5095),.UNSPECIFIED.,.F.,.F.,(4,3,3,3,3,3,3,4),(-22.7021579259084,
-21.9500517292025,-20.9523221051478,-19.9545924810932,-18.9568628570385,
-17.9591332329838,-16.9614036089292,-16.4189726187288),.UNSPECIFIED.);
#664=B_SPLINE_CURVE_WITH_KNOTS('',3,(#5100,#5101,#5102,#5103,#5104,#5105,
#5106,#5107,#5108,#5109,#5110,#5111,#5112,#5113,#5114,#5115,#5116,#5117,
#5118,#5119,#5120,#5121,#5122,#5123,#5124),.UNSPECIFIED.,.F.,.F.,(4,3,3,
3,3,3,3,3,4),(13.8759337553362,13.9682147367652,14.9659443608199,15.9636739848745,
16.9614036089292,17.9591332329838,18.9568628570385,19.9545924810932,20.1591190625158),
 .UNSPECIFIED.);
#665=B_SPLINE_CURVE_WITH_KNOTS('',3,(#5125,#5126,#5127,#5128,#5129,#5130,
#5131,#5132,#5133,#5134,#5135,#5136,#5137,#5138,#5139,#5140,#5141,#5142,
#5143,#5144,#5145,#5146),.UNSPECIFIED.,.F.,.F.,(4,3,3,3,3,3,3,4),(-16.4189726187288,
-15.9636739848745,-14.9659443608199,-13.9682147367652,-12.9704851127106,
-11.9727554886559,-10.9750258646012,-10.1357873115492),.UNSPECIFIED.);
#666=B_SPLINE_CURVE_WITH_KNOTS('',3,(#5152,#5153,#5154,#5155,#5156,#5157,
#5158,#5159,#5160,#5161,#5162,#5163,#5164),.UNSPECIFIED.,.F.,.F.,(4,3,3,
3,4),(-3.85260200436961,-2.99318887216397,-1.99545924810931,-0.997729624054655,
0.),.UNSPECIFIED.);
#667=B_SPLINE_CURVE_WITH_KNOTS('',3,(#5167,#5168,#5169,#5170,#5171,#5172,
#5173,#5174,#5175,#5176,#5177,#5178,#5179,#5180,#5181,#5182,#5183,#5184,
#5185),.UNSPECIFIED.,.F.,.F.,(4,3,3,3,3,3,4),(2.02057249175696,2.99318887216397,
3.99091849621863,4.98864812027328,5.98637774432794,6.9841073683826,7.59274844815664),
 .UNSPECIFIED.);
#668=B_SPLINE_CURVE_WITH_KNOTS('',3,(#5191,#5192,#5193,#5194),
 .UNSPECIFIED.,.F.,.F.,(4,4),(64.141416212773,64.8524255635528),
 .UNSPECIFIED.);
#669=B_SPLINE_CURVE_WITH_KNOTS('',3,(#5197,#5198,#5199,#5200,#5201,#5202,
#5203,#5204,#5205,#5206),.UNSPECIFIED.,.F.,.F.,(4,3,3,4),(-62.8318530717958,
-61.8592366913888,-60.8615070673341,-60.4012697689859),.UNSPECIFIED.);
#670=B_SPLINE_CURVE_WITH_KNOTS('',3,(#5211,#5212,#5213,#5214,#5215,#5216,
#5217,#5218,#5219,#5220,#5221,#5222,#5223,#5224,#5225,#5226,#5227,#5228,
#5229,#5230,#5231,#5232,#5233,#5234,#5235),.UNSPECIFIED.,.F.,.F.,(4,3,3,
3,3,3,3,3,4),(57.8582309055933,57.8683181951702,58.8660478192248,59.8637774432795,
60.8615070673341,61.8592366913888,62.8569663154435,63.8546959394981,64.141416212773),
 .UNSPECIFIED.);
#671=B_SPLINE_CURVE_WITH_KNOTS('',3,(#5236,#5237,#5238,#5239,#5240,#5241,
#5242,#5243,#5244,#5245,#5246,#5247,#5248,#5249,#5250,#5251,#5252,#5253,
#5254,#5255,#5256,#5257),.UNSPECIFIED.,.F.,.F.,(4,3,3,3,3,3,3,4),(-60.4012697689859,
-59.8637774432795,-58.8660478192248,-57.8683181951702,-56.8705885711155,
-55.8728589470608,-54.8751293230062,-54.1180844618063),.UNSPECIFIED.);
#672=B_SPLINE_CURVE_WITH_KNOTS('',3,(#5262,#5263,#5264,#5265,#5266,#5267,
#5268,#5269,#5270,#5271,#5272,#5273,#5274,#5275,#5276,#5277,#5278,#5279,
#5280,#5281,#5282,#5283),.UNSPECIFIED.,.F.,.F.,(4,3,3,3,3,3,3,4),(51.5750455984138,
51.8819404508422,52.8796700748969,53.8773996989515,54.8751293230062,55.8728589470609,
56.8705885711155,57.8582309055933),.UNSPECIFIED.);
#673=B_SPLINE_CURVE_WITH_KNOTS('',3,(#5284,#5285,#5286,#5287,#5288,#5289,
#5290,#5291,#5292,#5293,#5294,#5295,#5296,#5297,#5298,#5299,#5300,#5301,
#5302,#5303,#5304,#5305,#5306,#5307,#5308),.UNSPECIFIED.,.F.,.F.,(4,3,3,
3,3,3,3,3,4),(-54.1180844618063,-53.8773996989515,-52.8796700748969,-51.8819404508422,
-50.8842108267876,-49.8864812027329,-48.8887515786782,-47.8910219546236,
-47.8348991546267),.UNSPECIFIED.);
#674=B_SPLINE_CURVE_WITH_KNOTS('',3,(#5313,#5314,#5315,#5316,#5317,#5318,
#5319,#5320,#5321,#5322,#5323,#5324,#5325,#5326,#5327,#5328,#5329,#5330,
#5331,#5332,#5333,#5334),.UNSPECIFIED.,.F.,.F.,(4,3,3,3,3,3,3,4),(45.2918602912342,
45.8955627065143,46.8932923305689,47.8910219546236,48.8887515786782,49.8864812027329,
50.8842108267876,51.5750455984138),.UNSPECIFIED.);
#675=B_SPLINE_CURVE_WITH_KNOTS('',3,(#5335,#5336,#5337,#5338,#5339,#5340,
#5341,#5342,#5343,#5344,#5345,#5346,#5347,#5348,#5349,#5350,#5351,#5352,
#5353,#5354,#5355,#5356),.UNSPECIFIED.,.F.,.F.,(4,3,3,3,3,3,3,4),(-47.8348991546267,
-46.8932923305689,-45.8955627065143,-44.8978330824596,-43.900103458405,
-42.9023738343503,-41.9046442102956,-41.5517138474471),.UNSPECIFIED.);
#676=B_SPLINE_CURVE_WITH_KNOTS('',3,(#5361,#5362,#5363,#5364,#5365,#5366,
#5367,#5368,#5369,#5370,#5371,#5372,#5373,#5374,#5375,#5376,#5377,#5378,
#5379,#5380,#5381,#5382),.UNSPECIFIED.,.F.,.F.,(4,3,3,3,3,3,3,4),(39.0086749840546,
39.9091849621863,40.906914586241,41.9046442102956,42.9023738343503,43.900103458405,
44.8978330824596,45.2918602912342),.UNSPECIFIED.);
#677=B_SPLINE_CURVE_WITH_KNOTS('',3,(#5383,#5384,#5385,#5386,#5387,#5388,
#5389,#5390,#5391,#5392,#5393,#5394,#5395,#5396,#5397,#5398,#5399,#5400,
#5401,#5402,#5403,#5404),.UNSPECIFIED.,.F.,.F.,(4,3,3,3,3,3,3,4),(-41.5517138474471,
-40.906914586241,-39.9091849621863,-38.9114553381317,-37.913725714077,-36.9159960900223,
-35.9182664659677,-35.2685285402675),.UNSPECIFIED.);
#678=B_SPLINE_CURVE_WITH_KNOTS('',3,(#5409,#5410,#5411,#5412,#5413,#5414,
#5415,#5416,#5417,#5418,#5419,#5420,#5421,#5422,#5423,#5424,#5425,#5426,
#5427,#5428,#5429,#5430,#5431,#5432,#5433),.UNSPECIFIED.,.F.,.F.,(4,3,3,
3,3,3,3,3,4),(32.725489676875,32.9250775938037,33.9228072178584,34.920536841913,
35.9182664659677,36.9159960900224,37.913725714077,38.9114553381317,39.0086749840546),
 .UNSPECIFIED.);
#679=B_SPLINE_CURVE_WITH_KNOTS('',3,(#5434,#5435,#5436,#5437,#5438,#5439,
#5440,#5441,#5442,#5443,#5444,#5445,#5446,#5447,#5448,#5449,#5450,#5451,
#5452,#5453,#5454,#5455),.UNSPECIFIED.,.F.,.F.,(4,3,3,3,3,3,3,4),(-35.2685285402675,
-34.920536841913,-33.9228072178584,-32.9250775938037,-31.9273479697491,
-30.9296183456944,-29.9318887216397,-28.9853432330879),.UNSPECIFIED.);
#680=B_SPLINE_CURVE_WITH_KNOTS('',3,(#5460,#5461,#5462,#5463,#5464,#5465,
#5466,#5467,#5468,#5469,#5470,#5471,#5472,#5473,#5474,#5475,#5476,#5477,
#5478,#5479,#5480,#5481),.UNSPECIFIED.,.F.,.F.,(4,3,3,3,3,3,3,4),(26.4423043696954,
26.9386998494758,27.9364294735304,28.9341590975851,29.9318887216397,30.9296183456944,
31.9273479697491,32.725489676875),.UNSPECIFIED.);
#681=B_SPLINE_CURVE_WITH_KNOTS('',3,(#5482,#5483,#5484,#5485,#5486,#5487,
#5488,#5489,#5490,#5491,#5492,#5493,#5494,#5495,#5496,#5497,#5498,#5499,
#5500,#5501,#5502,#5503,#5504,#5505,#5506),.UNSPECIFIED.,.F.,.F.,(4,3,3,
3,3,3,3,3,4),(-28.9853432330879,-28.9341590975851,-27.9364294735304,-26.9386998494758,
-25.9409702254211,-24.9432406013664,-23.9455109773118,-22.9477813532571,
-22.7021579259084),.UNSPECIFIED.);
#682=B_SPLINE_CURVE_WITH_KNOTS('',3,(#5511,#5512,#5513,#5514,#5515,#5516,
#5517,#5518,#5519,#5520,#5521,#5522,#5523,#5524,#5525,#5526,#5527,#5528,
#5529,#5530,#5531,#5532),.UNSPECIFIED.,.F.,.F.,(4,3,3,3,3,3,3,4),(20.1591190625158,
20.9523221051478,21.9500517292025,22.9477813532571,23.9455109773118,24.9432406013665,
25.9409702254211,26.4423043696954),.UNSPECIFIED.);
#683=B_SPLINE_CURVE_WITH_KNOTS('',3,(#5533,#5534,#5535,#5536,#5537,#5538,
#5539,#5540,#5541,#5542,#5543,#5544,#5545,#5546,#5547,#5548,#5549,#5550,
#5551,#5552,#5553,#5554),.UNSPECIFIED.,.F.,.F.,(4,3,3,3,3,3,3,4),(-22.7021579259084,
-21.9500517292025,-20.9523221051478,-19.9545924810932,-18.9568628570385,
-17.9591332329838,-16.9614036089292,-16.4189726187288),.UNSPECIFIED.);
#684=B_SPLINE_CURVE_WITH_KNOTS('',3,(#5559,#5560,#5561,#5562,#5563,#5564,
#5565,#5566,#5567,#5568,#5569,#5570,#5571,#5572,#5573,#5574,#5575,#5576,
#5577,#5578,#5579,#5580,#5581,#5582,#5583),.UNSPECIFIED.,.F.,.F.,(4,3,3,
3,3,3,3,3,4),(13.8759337553362,13.9682147367652,14.9659443608199,15.9636739848745,
16.9614036089292,17.9591332329838,18.9568628570385,19.9545924810932,20.1591190625158),
 .UNSPECIFIED.);
#685=B_SPLINE_CURVE_WITH_KNOTS('',3,(#5584,#5585,#5586,#5587,#5588,#5589,
#5590,#5591,#5592,#5593,#5594,#5595,#5596,#5597,#5598,#5599,#5600,#5601,
#5602,#5603,#5604,#5605),.UNSPECIFIED.,.F.,.F.,(4,3,3,3,3,3,3,4),(-16.4189726187288,
-15.9636739848745,-14.9659443608199,-13.9682147367652,-12.9704851127106,
-11.9727554886559,-10.9750258646012,-10.1357873115492),.UNSPECIFIED.);
#686=B_SPLINE_CURVE_WITH_KNOTS('',3,(#5611,#5612,#5613,#5614,#5615,#5616,
#5617,#5618,#5619,#5620,#5621,#5622,#5623),.UNSPECIFIED.,.F.,.F.,(4,3,3,
3,4),(-3.85260200436961,-2.99318887216397,-1.99545924810931,-0.997729624054655,
0.),.UNSPECIFIED.);
#687=B_SPLINE_CURVE_WITH_KNOTS('',3,(#5626,#5627,#5628,#5629,#5630,#5631,
#5632,#5633,#5634,#5635,#5636,#5637,#5638,#5639,#5640,#5641,#5642,#5643,
#5644),.UNSPECIFIED.,.F.,.F.,(4,3,3,3,3,3,4),(2.02057249175696,2.99318887216397,
3.99091849621863,4.98864812027329,5.98637774432795,6.98410736838261,7.59274844815664),
 .UNSPECIFIED.);
#688=B_SPLINE_CURVE_WITH_KNOTS('',3,(#5650,#5651,#5652,#5653),
 .UNSPECIFIED.,.F.,.F.,(4,4),(64.141416212773,64.8524255635528),
 .UNSPECIFIED.);
#689=B_SPLINE_CURVE_WITH_KNOTS('',3,(#5656,#5657,#5658,#5659,#5660,#5661,
#5662,#5663,#5664,#5665),.UNSPECIFIED.,.F.,.F.,(4,3,3,4),(-62.8318530717958,
-61.8592366913888,-60.8615070673342,-60.4012697689859),.UNSPECIFIED.);
#690=B_SPLINE_CURVE_WITH_KNOTS('',3,(#5670,#5671,#5672,#5673,#5674,#5675,
#5676,#5677,#5678,#5679,#5680,#5681,#5682,#5683,#5684,#5685,#5686,#5687,
#5688,#5689,#5690,#5691,#5692,#5693,#5694),.UNSPECIFIED.,.F.,.F.,(4,3,3,
3,3,3,3,3,4),(57.8582309055934,57.8683181951702,58.8660478192248,59.8637774432795,
60.8615070673342,61.8592366913888,62.8569663154435,63.8546959394982,64.141416212773),
 .UNSPECIFIED.);
#691=B_SPLINE_CURVE_WITH_KNOTS('',3,(#5695,#5696,#5697,#5698,#5699,#5700,
#5701,#5702,#5703,#5704,#5705,#5706,#5707,#5708,#5709,#5710,#5711,#5712,
#5713,#5714,#5715,#5716),.UNSPECIFIED.,.F.,.F.,(4,3,3,3,3,3,3,4),(-60.4012697689859,
-59.8637774432795,-58.8660478192248,-57.8683181951702,-56.8705885711155,
-55.8728589470609,-54.8751293230062,-54.1180844618063),.UNSPECIFIED.);
#692=B_SPLINE_CURVE_WITH_KNOTS('',3,(#5721,#5722,#5723,#5724,#5725,#5726,
#5727,#5728,#5729,#5730,#5731,#5732,#5733,#5734,#5735,#5736,#5737,#5738,
#5739,#5740,#5741,#5742),.UNSPECIFIED.,.F.,.F.,(4,3,3,3,3,3,3,4),(51.5750455984138,
51.8819404508422,52.8796700748969,53.8773996989516,54.8751293230062,55.8728589470609,
56.8705885711155,57.8582309055934),.UNSPECIFIED.);
#693=B_SPLINE_CURVE_WITH_KNOTS('',3,(#5743,#5744,#5745,#5746,#5747,#5748,
#5749,#5750,#5751,#5752,#5753,#5754,#5755,#5756,#5757,#5758,#5759,#5760,
#5761,#5762,#5763,#5764,#5765,#5766,#5767),.UNSPECIFIED.,.F.,.F.,(4,3,3,
3,3,3,3,3,4),(-54.1180844618063,-53.8773996989515,-52.8796700748969,-51.8819404508422,
-50.8842108267876,-49.8864812027329,-48.8887515786783,-47.8910219546236,
-47.8348991546267),.UNSPECIFIED.);
#694=B_SPLINE_CURVE_WITH_KNOTS('',3,(#5772,#5773,#5774,#5775,#5776,#5777,
#5778,#5779,#5780,#5781,#5782,#5783,#5784,#5785,#5786,#5787,#5788,#5789,
#5790,#5791,#5792,#5793),.UNSPECIFIED.,.F.,.F.,(4,3,3,3,3,3,3,4),(45.2918602912342,
45.8955627065143,46.893292330569,47.8910219546236,48.8887515786783,49.8864812027329,
50.8842108267876,51.5750455984138),.UNSPECIFIED.);
#695=B_SPLINE_CURVE_WITH_KNOTS('',3,(#5794,#5795,#5796,#5797,#5798,#5799,
#5800,#5801,#5802,#5803,#5804,#5805,#5806,#5807,#5808,#5809,#5810,#5811,
#5812,#5813,#5814,#5815),.UNSPECIFIED.,.F.,.F.,(4,3,3,3,3,3,3,4),(-47.8348991546267,
-46.8932923305689,-45.8955627065143,-44.8978330824596,-43.900103458405,
-42.9023738343503,-41.9046442102957,-41.5517138474471),.UNSPECIFIED.);
#696=B_SPLINE_CURVE_WITH_KNOTS('',3,(#5820,#5821,#5822,#5823,#5824,#5825,
#5826,#5827,#5828,#5829,#5830,#5831,#5832,#5833,#5834,#5835,#5836,#5837,
#5838,#5839,#5840,#5841),.UNSPECIFIED.,.F.,.F.,(4,3,3,3,3,3,3,4),(39.0086749840546,
39.9091849621863,40.906914586241,41.9046442102957,42.9023738343503,43.900103458405,
44.8978330824596,45.2918602912342),.UNSPECIFIED.);
#697=B_SPLINE_CURVE_WITH_KNOTS('',3,(#5842,#5843,#5844,#5845,#5846,#5847,
#5848,#5849,#5850,#5851,#5852,#5853,#5854,#5855,#5856,#5857,#5858,#5859,
#5860,#5861,#5862,#5863),.UNSPECIFIED.,.F.,.F.,(4,3,3,3,3,3,3,4),(-41.5517138474471,
-40.906914586241,-39.9091849621863,-38.9114553381317,-37.913725714077,-36.9159960900224,
-35.9182664659677,-35.2685285402676),.UNSPECIFIED.);
#698=B_SPLINE_CURVE_WITH_KNOTS('',3,(#5868,#5869,#5870,#5871,#5872,#5873,
#5874,#5875,#5876,#5877,#5878,#5879,#5880,#5881,#5882,#5883,#5884,#5885,
#5886,#5887,#5888,#5889,#5890,#5891,#5892),.UNSPECIFIED.,.F.,.F.,(4,3,3,
3,3,3,3,3,4),(32.725489676875,32.9250775938037,33.9228072178584,34.9205368419131,
35.9182664659677,36.9159960900224,37.913725714077,38.9114553381317,39.0086749840546),
 .UNSPECIFIED.);
#699=B_SPLINE_CURVE_WITH_KNOTS('',3,(#5893,#5894,#5895,#5896,#5897,#5898,
#5899,#5900,#5901,#5902,#5903,#5904,#5905,#5906,#5907,#5908,#5909,#5910,
#5911,#5912,#5913,#5914),.UNSPECIFIED.,.F.,.F.,(4,3,3,3,3,3,3,4),(-35.2685285402676,
-34.920536841913,-33.9228072178584,-32.9250775938037,-31.9273479697491,
-30.9296183456944,-29.9318887216397,-28.985343233088),.UNSPECIFIED.);
#700=B_SPLINE_CURVE_WITH_KNOTS('',3,(#5919,#5920,#5921,#5922,#5923,#5924,
#5925,#5926,#5927,#5928,#5929,#5930,#5931,#5932,#5933,#5934,#5935,#5936,
#5937,#5938,#5939,#5940),.UNSPECIFIED.,.F.,.F.,(4,3,3,3,3,3,3,4),(26.4423043696954,
26.9386998494758,27.9364294735304,28.9341590975851,29.9318887216398,30.9296183456944,
31.9273479697491,32.725489676875),.UNSPECIFIED.);
#701=B_SPLINE_CURVE_WITH_KNOTS('',3,(#5941,#5942,#5943,#5944,#5945,#5946,
#5947,#5948,#5949,#5950,#5951,#5952,#5953,#5954,#5955,#5956,#5957,#5958,
#5959,#5960,#5961,#5962,#5963,#5964,#5965),.UNSPECIFIED.,.F.,.F.,(4,3,3,
3,3,3,3,3,4),(-28.985343233088,-28.9341590975851,-27.9364294735304,-26.9386998494758,
-25.9409702254211,-24.9432406013665,-23.9455109773118,-22.9477813532571,
-22.7021579259084),.UNSPECIFIED.);
#702=B_SPLINE_CURVE_WITH_KNOTS('',3,(#5970,#5971,#5972,#5973,#5974,#5975,
#5976,#5977,#5978,#5979,#5980,#5981,#5982,#5983,#5984,#5985,#5986,#5987,
#5988,#5989,#5990,#5991),.UNSPECIFIED.,.F.,.F.,(4,3,3,3,3,3,3,4),(20.1591190625158,
20.9523221051478,21.9500517292025,22.9477813532571,23.9455109773118,24.9432406013665,
25.9409702254211,26.4423043696954),.UNSPECIFIED.);
#703=B_SPLINE_CURVE_WITH_KNOTS('',3,(#5992,#5993,#5994,#5995,#5996,#5997,
#5998,#5999,#6000,#6001,#6002,#6003,#6004,#6005,#6006,#6007,#6008,#6009,
#6010,#6011,#6012,#6013),.UNSPECIFIED.,.F.,.F.,(4,3,3,3,3,3,3,4),(-22.7021579259084,
-21.9500517292025,-20.9523221051478,-19.9545924810932,-18.9568628570385,
-17.9591332329839,-16.9614036089292,-16.4189726187288),.UNSPECIFIED.);
#704=B_SPLINE_CURVE_WITH_KNOTS('',3,(#6018,#6019,#6020,#6021,#6022,#6023,
#6024,#6025,#6026,#6027,#6028,#6029,#6030,#6031,#6032,#6033,#6034,#6035,
#6036,#6037,#6038,#6039,#6040,#6041,#6042),.UNSPECIFIED.,.F.,.F.,(4,3,3,
3,3,3,3,3,4),(13.8759337553362,13.9682147367652,14.9659443608199,15.9636739848745,
16.9614036089292,17.9591332329838,18.9568628570385,19.9545924810932,20.1591190625158),
 .UNSPECIFIED.);
#705=B_SPLINE_CURVE_WITH_KNOTS('',3,(#6043,#6044,#6045,#6046,#6047,#6048,
#6049,#6050,#6051,#6052,#6053,#6054,#6055,#6056,#6057,#6058,#6059,#6060,
#6061,#6062,#6063,#6064),.UNSPECIFIED.,.F.,.F.,(4,3,3,3,3,3,3,4),(-16.4189726187288,
-15.9636739848745,-14.9659443608199,-13.9682147367652,-12.9704851127106,
-11.9727554886559,-10.9750258646012,-10.1357873115492),.UNSPECIFIED.);
#706=B_SPLINE_CURVE_WITH_KNOTS('',3,(#6070,#6071,#6072,#6073,#6074,#6075,
#6076,#6077,#6078,#6079,#6080,#6081,#6082),.UNSPECIFIED.,.F.,.F.,(4,3,3,
3,4),(-3.85260200436963,-2.99318887216397,-1.99545924810931,-0.997729624054652,
0.),.UNSPECIFIED.);
#707=B_SPLINE_CURVE_WITH_KNOTS('',3,(#6085,#6086,#6087,#6088,#6089,#6090,
#6091,#6092,#6093,#6094,#6095,#6096,#6097,#6098,#6099,#6100,#6101,#6102,
#6103),.UNSPECIFIED.,.F.,.F.,(4,3,3,3,3,3,4),(2.02057249175693,2.99318887216397,
3.99091849621863,4.98864812027329,5.98637774432795,6.98410736838261,7.59274844815667),
 .UNSPECIFIED.);
#708=B_SPLINE_CURVE_WITH_KNOTS('',3,(#6109,#6110,#6111,#6112,#6113,#6114,
#6115,#6116),.UNSPECIFIED.,.F.,.F.,(4,1,1,1,1,4),(72.2566310325653,72.7168683309135,
73.7145979549681,74.7123275790228,75.7100572030774,76.7077868271321),
 .UNSPECIFIED.);
#709=B_SPLINE_CURVE_WITH_KNOTS('',3,(#6119,#6120,#6121,#6122,#6123,#6124,
#6125,#6126,#6127),.UNSPECIFIED.,.F.,.F.,(4,1,1,1,1,1,4),(72.2566310325652,
72.266718322142,73.2644479461967,74.2621775702513,75.259907194306,76.2576368183606,
77.2302531987677),.UNSPECIFIED.);
#710=B_SPLINE_CURVE_WITH_KNOTS('',3,(#6132,#6133,#6134,#6135,#6136,#6137,
#6138,#6139,#6140,#6141),.UNSPECIFIED.,.F.,.F.,(4,1,1,1,1,1,1,4),(65.9734457253857,
66.7304905865855,67.7282202106402,68.7259498346948,69.7236794587495,70.7214090828041,
71.7191387068588,72.2566310325653),.UNSPECIFIED.);
#711=B_SPLINE_CURVE_WITH_KNOTS('',3,(#6142,#6143,#6144,#6145,#6146,#6147,
#6148,#6149,#6150,#6151),.UNSPECIFIED.,.F.,.F.,(4,1,1,1,1,1,1,4),(65.9734457253856,
66.280340577814,67.2780702018687,68.2757998259234,69.273529449978,70.2712590740327,
71.2689886980873,72.2566310325652),.UNSPECIFIED.);
#712=B_SPLINE_CURVE_WITH_KNOTS('',3,(#6156,#6157,#6158,#6159,#6160,#6161,
#6162,#6163,#6164,#6165,#6166),.UNSPECIFIED.,.F.,.F.,(4,1,1,1,1,1,1,1,4),
(59.6902604182061,59.7463832182029,60.7441128422576,61.7418424663122,62.7395720903669,
63.7373017144215,64.7350313384762,65.7327609625308,65.9734457253857),
 .UNSPECIFIED.);
#713=B_SPLINE_CURVE_WITH_KNOTS('',3,(#6167,#6168,#6169,#6170,#6171,#6172,
#6173,#6174,#6175,#6176),.UNSPECIFIED.,.F.,.F.,(4,1,1,1,1,1,1,4),(59.690260418206,
60.2939628334861,61.2916924575408,62.2894220815954,63.2871517056501,64.2848813297047,
65.2826109537594,65.9734457253856),.UNSPECIFIED.);
#714=B_SPLINE_CURVE_WITH_KNOTS('',3,(#6181,#6182,#6183,#6184,#6185,#6186,
#6187,#6188,#6189,#6190),.UNSPECIFIED.,.F.,.F.,(4,1,1,1,1,1,1,4),(53.4070751110265,
53.760005473875,54.7577350979296,55.7554647219843,56.7531943460389,57.7509239700936,
58.7486535941482,59.6902604182061),.UNSPECIFIED.);
#715=B_SPLINE_CURVE_WITH_KNOTS('',3,(#6191,#6192,#6193,#6194,#6195,#6196,
#6197,#6198,#6199,#6200),.UNSPECIFIED.,.F.,.F.,(4,1,1,1,1,1,1,4),(53.4070751110264,
54.3075850891581,55.3053147132128,56.3030443372675,57.3007739613221,58.2985035853768,
59.2962332094314,59.690260418206),.UNSPECIFIED.);
#716=B_SPLINE_CURVE_WITH_KNOTS('',3,(#6205,#6206,#6207,#6208,#6209,#6210,
#6211,#6212,#6213,#6214),.UNSPECIFIED.,.F.,.F.,(4,1,1,1,1,1,1,4),(47.1238898038469,
47.773627729547,48.7713573536017,49.7690869776563,50.766816601711,51.7645462257656,
52.7622758498203,53.4070751110265),.UNSPECIFIED.);
#717=B_SPLINE_CURVE_WITH_KNOTS('',3,(#6215,#6216,#6217,#6218,#6219,#6220,
#6221,#6222,#6223,#6224,#6225),.UNSPECIFIED.,.F.,.F.,(4,1,1,1,1,1,1,1,4),
(47.1238898038468,47.3234777207755,48.3212073448302,49.3189369688849,50.3166665929395,
51.3143962169942,52.3121258410488,53.3098554651035,53.4070751110264),
 .UNSPECIFIED.);
#718=B_SPLINE_CURVE_WITH_KNOTS('',3,(#6230,#6231,#6232,#6233,#6234,#6235,
#6236,#6237,#6238,#6239),.UNSPECIFIED.,.F.,.F.,(4,1,1,1,1,1,1,4),(40.8407044966673,
41.787249985219,42.7849796092737,43.7827092333284,44.780438857383,45.7781684814377,
46.7758981054923,47.1238898038469),.UNSPECIFIED.);
#719=B_SPLINE_CURVE_WITH_KNOTS('',3,(#6240,#6241,#6242,#6243,#6244,#6245,
#6246,#6247,#6248,#6249),.UNSPECIFIED.,.F.,.F.,(4,1,1,1,1,1,1,4),(40.8407044966673,
41.3370999764476,42.3348296005022,43.3325592245569,44.3302888486116,45.3280184726662,
46.3257480967209,47.1238898038468),.UNSPECIFIED.);
#720=B_SPLINE_CURVE_WITH_KNOTS('',3,(#6254,#6255,#6256,#6257,#6258,#6259,
#6260,#6261,#6262,#6263,#6264),.UNSPECIFIED.,.F.,.F.,(4,1,1,1,1,1,1,1,4),
(34.5575191894877,34.8031426168364,35.8008722408911,36.7986018649458,37.7963314890004,
38.7940611130551,39.7917907371097,40.7895203611644,40.8407044966673),
 .UNSPECIFIED.);
#721=B_SPLINE_CURVE_WITH_KNOTS('',3,(#6265,#6266,#6267,#6268,#6269,#6270,
#6271,#6272,#6273,#6274),.UNSPECIFIED.,.F.,.F.,(4,1,1,1,1,1,1,4),(34.5575191894877,
35.3507222321196,36.3484518561743,37.3461814802289,38.3439111042836,39.3416407283383,
40.3393703523929,40.8407044966673),.UNSPECIFIED.);
#722=B_SPLINE_CURVE_WITH_KNOTS('',3,(#6279,#6280,#6281,#6282,#6283,#6284,
#6285,#6286,#6287,#6288),.UNSPECIFIED.,.F.,.F.,(4,1,1,1,1,1,1,4),(28.2743338823081,
28.8167648725085,29.8144944965631,30.8122241206178,31.8099537446725,32.8076833687271,
33.8054129927818,34.5575191894877),.UNSPECIFIED.);
#723=B_SPLINE_CURVE_WITH_KNOTS('',3,(#6289,#6290,#6291,#6292,#6293,#6294,
#6295,#6296,#6297,#6298,#6299),.UNSPECIFIED.,.F.,.F.,(4,1,1,1,1,1,1,1,4),
(28.2743338823081,28.366614863737,29.3643444877917,30.3620741118463,31.359803735901,
32.3575333599557,33.3552629840103,34.352992608065,34.5575191894877),
 .UNSPECIFIED.);
#724=B_SPLINE_CURVE_WITH_KNOTS('',3,(#6304,#6305,#6306,#6307,#6308,#6309,
#6310,#6311,#6312,#6313),.UNSPECIFIED.,.F.,.F.,(4,1,1,1,1,1,1,4),(21.9911485751285,
22.8303871281805,23.8281167522352,24.8258463762899,25.8235760003445,26.8213056243992,
27.8190352484538,28.2743338823081),.UNSPECIFIED.);
#725=B_SPLINE_CURVE_WITH_KNOTS('',3,(#6314,#6315,#6316,#6317,#6318,#6319,
#6320,#6321,#6322,#6323),.UNSPECIFIED.,.F.,.F.,(4,1,1,1,1,1,1,4),(21.9911485751285,
22.3802371194091,23.3779667434637,24.3756963675184,25.373425991573,26.3711556156277,
27.3688852396824,28.2743338823081),.UNSPECIFIED.);
#726=B_SPLINE_CURVE_WITH_KNOTS('',3,(#6329,#6330,#6331,#6332,#6333),
 .UNSPECIFIED.,.F.,.F.,(4,1,4),(14.3984001269718,15.3961297510265,15.7079632679489),
 .UNSPECIFIED.);
#727=B_SPLINE_CURVE_WITH_KNOTS('',3,(#6336,#6337,#6338,#6339,#6340),
 .UNSPECIFIED.,.F.,.F.,(4,1,4),(13.8759337553362,14.8485501357433,15.7079632679489),
 .UNSPECIFIED.);
#728=B_SPLINE_CURVE_WITH_KNOTS('',3,(#6346,#6347,#6348,#6349,#6350,#6351,
#6352,#6353),.UNSPECIFIED.,.F.,.F.,(4,1,1,1,1,4),(72.2566310325653,72.7168683309135,
73.7145979549681,74.7123275790228,75.7100572030774,76.7077868271321),
 .UNSPECIFIED.);
#729=B_SPLINE_CURVE_WITH_KNOTS('',3,(#6356,#6357,#6358,#6359,#6360,#6361,
#6362,#6363,#6364),.UNSPECIFIED.,.F.,.F.,(4,1,1,1,1,1,4),(72.2566310325652,
72.266718322142,73.2644479461967,74.2621775702513,75.259907194306,76.2576368183606,
77.2302531987677),.UNSPECIFIED.);
#730=B_SPLINE_CURVE_WITH_KNOTS('',3,(#6369,#6370,#6371,#6372,#6373,#6374,
#6375,#6376,#6377,#6378),.UNSPECIFIED.,.F.,.F.,(4,1,1,1,1,1,1,4),(65.9734457253857,
66.7304905865855,67.7282202106402,68.7259498346948,69.7236794587495,70.7214090828041,
71.7191387068588,72.2566310325653),.UNSPECIFIED.);
#731=B_SPLINE_CURVE_WITH_KNOTS('',3,(#6379,#6380,#6381,#6382,#6383,#6384,
#6385,#6386,#6387,#6388),.UNSPECIFIED.,.F.,.F.,(4,1,1,1,1,1,1,4),(65.9734457253856,
66.2803405778141,67.2780702018687,68.2757998259234,69.273529449978,70.2712590740327,
71.2689886980873,72.2566310325652),.UNSPECIFIED.);
#732=B_SPLINE_CURVE_WITH_KNOTS('',3,(#6393,#6394,#6395,#6396,#6397,#6398,
#6399,#6400,#6401,#6402,#6403),.UNSPECIFIED.,.F.,.F.,(4,1,1,1,1,1,1,1,4),
(59.6902604182061,59.7463832182029,60.7441128422576,61.7418424663122,62.7395720903669,
63.7373017144215,64.7350313384762,65.7327609625309,65.9734457253857),
 .UNSPECIFIED.);
#733=B_SPLINE_CURVE_WITH_KNOTS('',3,(#6404,#6405,#6406,#6407,#6408,#6409,
#6410,#6411,#6412,#6413),.UNSPECIFIED.,.F.,.F.,(4,1,1,1,1,1,1,4),(59.6902604182061,
60.2939628334861,61.2916924575408,62.2894220815954,63.2871517056501,64.2848813297047,
65.2826109537594,65.9734457253856),.UNSPECIFIED.);
#734=B_SPLINE_CURVE_WITH_KNOTS('',3,(#6418,#6419,#6420,#6421,#6422,#6423,
#6424,#6425,#6426,#6427),.UNSPECIFIED.,.F.,.F.,(4,1,1,1,1,1,1,4),(53.4070751110265,
53.760005473875,54.7577350979296,55.7554647219843,56.7531943460389,57.7509239700936,
58.7486535941483,59.6902604182061),.UNSPECIFIED.);
#735=B_SPLINE_CURVE_WITH_KNOTS('',3,(#6428,#6429,#6430,#6431,#6432,#6433,
#6434,#6435,#6436,#6437),.UNSPECIFIED.,.F.,.F.,(4,1,1,1,1,1,1,4),(53.4070751110265,
54.3075850891582,55.3053147132128,56.3030443372675,57.3007739613221,58.2985035853768,
59.2962332094314,59.6902604182061),.UNSPECIFIED.);
#736=B_SPLINE_CURVE_WITH_KNOTS('',3,(#6442,#6443,#6444,#6445,#6446,#6447,
#6448,#6449,#6450,#6451),.UNSPECIFIED.,.F.,.F.,(4,1,1,1,1,1,1,4),(47.1238898038469,
47.773627729547,48.7713573536017,49.7690869776563,50.766816601711,51.7645462257656,
52.7622758498203,53.4070751110265),.UNSPECIFIED.);
#737=B_SPLINE_CURVE_WITH_KNOTS('',3,(#6452,#6453,#6454,#6455,#6456,#6457,
#6458,#6459,#6460,#6461,#6462),.UNSPECIFIED.,.F.,.F.,(4,1,1,1,1,1,1,1,4),
(47.1238898038469,47.3234777207755,48.3212073448302,49.3189369688849,50.3166665929395,
51.3143962169942,52.3121258410488,53.3098554651035,53.4070751110265),
 .UNSPECIFIED.);
#738=B_SPLINE_CURVE_WITH_KNOTS('',3,(#6467,#6468,#6469,#6470,#6471,#6472,
#6473,#6474,#6475,#6476),.UNSPECIFIED.,.F.,.F.,(4,1,1,1,1,1,1,4),(40.8407044966673,
41.7872499852191,42.7849796092737,43.7827092333284,44.780438857383,45.7781684814377,
46.7758981054924,47.1238898038469),.UNSPECIFIED.);
#739=B_SPLINE_CURVE_WITH_KNOTS('',3,(#6477,#6478,#6479,#6480,#6481,#6482,
#6483,#6484,#6485,#6486),.UNSPECIFIED.,.F.,.F.,(4,1,1,1,1,1,1,4),(40.8407044966673,
41.3370999764476,42.3348296005023,43.3325592245569,44.3302888486116,45.3280184726662,
46.3257480967209,47.1238898038469),.UNSPECIFIED.);
#740=B_SPLINE_CURVE_WITH_KNOTS('',3,(#6491,#6492,#6493,#6494,#6495,#6496,
#6497,#6498,#6499,#6500,#6501),.UNSPECIFIED.,.F.,.F.,(4,1,1,1,1,1,1,1,4),
(34.5575191894877,34.8031426168365,35.8008722408911,36.7986018649458,37.7963314890004,
38.7940611130551,39.7917907371097,40.7895203611644,40.8407044966673),
 .UNSPECIFIED.);
#741=B_SPLINE_CURVE_WITH_KNOTS('',3,(#6502,#6503,#6504,#6505,#6506,#6507,
#6508,#6509,#6510,#6511),.UNSPECIFIED.,.F.,.F.,(4,1,1,1,1,1,1,4),(34.5575191894877,
35.3507222321197,36.3484518561743,37.346181480229,38.3439111042836,39.3416407283383,
40.3393703523929,40.8407044966673),.UNSPECIFIED.);
#742=B_SPLINE_CURVE_WITH_KNOTS('',3,(#6516,#6517,#6518,#6519,#6520,#6521,
#6522,#6523,#6524,#6525),.UNSPECIFIED.,.F.,.F.,(4,1,1,1,1,1,1,4),(28.2743338823081,
28.8167648725085,29.8144944965632,30.8122241206178,31.8099537446725,32.8076833687271,
33.8054129927818,34.5575191894877),.UNSPECIFIED.);
#743=B_SPLINE_CURVE_WITH_KNOTS('',3,(#6526,#6527,#6528,#6529,#6530,#6531,
#6532,#6533,#6534,#6535,#6536),.UNSPECIFIED.,.F.,.F.,(4,1,1,1,1,1,1,1,4),
(28.2743338823081,28.366614863737,29.3643444877917,30.3620741118464,31.359803735901,
32.3575333599557,33.3552629840103,34.352992608065,34.5575191894877),
 .UNSPECIFIED.);
#744=B_SPLINE_CURVE_WITH_KNOTS('',3,(#6541,#6542,#6543,#6544,#6545,#6546,
#6547,#6548,#6549,#6550),.UNSPECIFIED.,.F.,.F.,(4,1,1,1,1,1,1,4),(21.9911485751285,
22.8303871281806,23.8281167522352,24.8258463762899,25.8235760003445,26.8213056243992,
27.8190352484539,28.2743338823081),.UNSPECIFIED.);
#745=B_SPLINE_CURVE_WITH_KNOTS('',3,(#6551,#6552,#6553,#6554,#6555,#6556,
#6557,#6558,#6559,#6560),.UNSPECIFIED.,.F.,.F.,(4,1,1,1,1,1,1,4),(21.9911485751285,
22.3802371194091,23.3779667434638,24.3756963675184,25.3734259915731,26.3711556156277,
27.3688852396824,28.2743338823081),.UNSPECIFIED.);
#746=B_SPLINE_CURVE_WITH_KNOTS('',3,(#6566,#6567,#6568,#6569,#6570),
 .UNSPECIFIED.,.F.,.F.,(4,1,4),(14.3984001269718,15.3961297510265,15.7079632679489),
 .UNSPECIFIED.);
#747=B_SPLINE_CURVE_WITH_KNOTS('',3,(#6573,#6574,#6575,#6576,#6577),
 .UNSPECIFIED.,.F.,.F.,(4,1,4),(13.8759337553363,14.8485501357433,15.7079632679489),
 .UNSPECIFIED.);
#748=B_SPLINE_CURVE_WITH_KNOTS('',3,(#6583,#6584,#6585,#6586,#6587,#6588,
#6589,#6590),.UNSPECIFIED.,.F.,.F.,(4,1,1,1,1,4),(72.2566310325653,72.7168683309135,
73.7145979549681,74.7123275790228,75.7100572030774,76.7077868271321),
 .UNSPECIFIED.);
#749=B_SPLINE_CURVE_WITH_KNOTS('',3,(#6593,#6594,#6595,#6596,#6597,#6598,
#6599,#6600,#6601),.UNSPECIFIED.,.F.,.F.,(4,1,1,1,1,1,4),(72.2566310325652,
72.266718322142,73.2644479461967,74.2621775702513,75.259907194306,76.2576368183606,
77.2302531987677),.UNSPECIFIED.);
#750=B_SPLINE_CURVE_WITH_KNOTS('',3,(#6606,#6607,#6608,#6609,#6610,#6611,
#6612,#6613,#6614,#6615),.UNSPECIFIED.,.F.,.F.,(4,1,1,1,1,1,1,4),(65.9734457253857,
66.7304905865855,67.7282202106402,68.7259498346948,69.7236794587495,70.7214090828041,
71.7191387068588,72.2566310325653),.UNSPECIFIED.);
#751=B_SPLINE_CURVE_WITH_KNOTS('',3,(#6616,#6617,#6618,#6619,#6620,#6621,
#6622,#6623,#6624,#6625),.UNSPECIFIED.,.F.,.F.,(4,1,1,1,1,1,1,4),(65.9734457253856,
66.280340577814,67.2780702018687,68.2757998259234,69.273529449978,70.2712590740327,
71.2689886980873,72.2566310325652),.UNSPECIFIED.);
#752=B_SPLINE_CURVE_WITH_KNOTS('',3,(#6630,#6631,#6632,#6633,#6634,#6635,
#6636,#6637,#6638,#6639,#6640),.UNSPECIFIED.,.F.,.F.,(4,1,1,1,1,1,1,1,4),
(59.6902604182061,59.7463832182029,60.7441128422576,61.7418424663122,62.7395720903669,
63.7373017144215,64.7350313384762,65.7327609625309,65.9734457253857),
 .UNSPECIFIED.);
#753=B_SPLINE_CURVE_WITH_KNOTS('',3,(#6641,#6642,#6643,#6644,#6645,#6646,
#6647,#6648,#6649,#6650),.UNSPECIFIED.,.F.,.F.,(4,1,1,1,1,1,1,4),(59.690260418206,
60.2939628334861,61.2916924575408,62.2894220815954,63.2871517056501,64.2848813297047,
65.2826109537594,65.9734457253856),.UNSPECIFIED.);
#754=B_SPLINE_CURVE_WITH_KNOTS('',3,(#6655,#6656,#6657,#6658,#6659,#6660,
#6661,#6662,#6663,#6664),.UNSPECIFIED.,.F.,.F.,(4,1,1,1,1,1,1,4),(53.4070751110265,
53.760005473875,54.7577350979296,55.7554647219843,56.7531943460389,57.7509239700936,
58.7486535941483,59.6902604182061),.UNSPECIFIED.);
#755=B_SPLINE_CURVE_WITH_KNOTS('',3,(#6665,#6666,#6667,#6668,#6669,#6670,
#6671,#6672,#6673,#6674),.UNSPECIFIED.,.F.,.F.,(4,1,1,1,1,1,1,4),(53.4070751110264,
54.3075850891582,55.3053147132128,56.3030443372675,57.3007739613221,58.2985035853768,
59.2962332094314,59.690260418206),.UNSPECIFIED.);
#756=B_SPLINE_CURVE_WITH_KNOTS('',3,(#6679,#6680,#6681,#6682,#6683,#6684,
#6685,#6686,#6687,#6688),.UNSPECIFIED.,.F.,.F.,(4,1,1,1,1,1,1,4),(47.1238898038469,
47.773627729547,48.7713573536017,49.7690869776563,50.766816601711,51.7645462257656,
52.7622758498203,53.4070751110265),.UNSPECIFIED.);
#757=B_SPLINE_CURVE_WITH_KNOTS('',3,(#6689,#6690,#6691,#6692,#6693,#6694,
#6695,#6696,#6697,#6698,#6699),.UNSPECIFIED.,.F.,.F.,(4,1,1,1,1,1,1,1,4),
(47.1238898038468,47.3234777207755,48.3212073448302,49.3189369688849,50.3166665929395,
51.3143962169942,52.3121258410488,53.3098554651035,53.4070751110264),
 .UNSPECIFIED.);
#758=B_SPLINE_CURVE_WITH_KNOTS('',3,(#6704,#6705,#6706,#6707,#6708,#6709,
#6710,#6711,#6712,#6713),.UNSPECIFIED.,.F.,.F.,(4,1,1,1,1,1,1,4),(40.8407044966673,
41.7872499852191,42.7849796092737,43.7827092333284,44.780438857383,45.7781684814377,
46.7758981054924,47.1238898038469),.UNSPECIFIED.);
#759=B_SPLINE_CURVE_WITH_KNOTS('',3,(#6714,#6715,#6716,#6717,#6718,#6719,
#6720,#6721,#6722,#6723),.UNSPECIFIED.,.F.,.F.,(4,1,1,1,1,1,1,4),(40.8407044966673,
41.3370999764476,42.3348296005023,43.3325592245569,44.3302888486116,45.3280184726662,
46.3257480967209,47.1238898038468),.UNSPECIFIED.);
#760=B_SPLINE_CURVE_WITH_KNOTS('',3,(#6728,#6729,#6730,#6731,#6732,#6733,
#6734,#6735,#6736,#6737,#6738),.UNSPECIFIED.,.F.,.F.,(4,1,1,1,1,1,1,1,4),
(34.5575191894877,34.8031426168365,35.8008722408911,36.7986018649458,37.7963314890004,
38.7940611130551,39.7917907371097,40.7895203611644,40.8407044966673),
 .UNSPECIFIED.);
#761=B_SPLINE_CURVE_WITH_KNOTS('',3,(#6739,#6740,#6741,#6742,#6743,#6744,
#6745,#6746,#6747,#6748),.UNSPECIFIED.,.F.,.F.,(4,1,1,1,1,1,1,4),(34.5575191894877,
35.3507222321197,36.3484518561743,37.346181480229,38.3439111042836,39.3416407283383,
40.3393703523929,40.8407044966673),.UNSPECIFIED.);
#762=B_SPLINE_CURVE_WITH_KNOTS('',3,(#6753,#6754,#6755,#6756,#6757,#6758,
#6759,#6760,#6761,#6762),.UNSPECIFIED.,.F.,.F.,(4,1,1,1,1,1,1,4),(28.2743338823081,
28.8167648725085,29.8144944965632,30.8122241206178,31.8099537446725,32.8076833687271,
33.8054129927818,34.5575191894877),.UNSPECIFIED.);
#763=B_SPLINE_CURVE_WITH_KNOTS('',3,(#6763,#6764,#6765,#6766,#6767,#6768,
#6769,#6770,#6771,#6772,#6773),.UNSPECIFIED.,.F.,.F.,(4,1,1,1,1,1,1,1,4),
(28.2743338823081,28.366614863737,29.3643444877917,30.3620741118464,31.359803735901,
32.3575333599557,33.3552629840103,34.352992608065,34.5575191894877),
 .UNSPECIFIED.);
#764=B_SPLINE_CURVE_WITH_KNOTS('',3,(#6778,#6779,#6780,#6781,#6782,#6783,
#6784,#6785,#6786,#6787),.UNSPECIFIED.,.F.,.F.,(4,1,1,1,1,1,1,4),(21.9911485751285,
22.8303871281806,23.8281167522352,24.8258463762899,25.8235760003445,26.8213056243992,
27.8190352484539,28.2743338823081),.UNSPECIFIED.);
#765=B_SPLINE_CURVE_WITH_KNOTS('',3,(#6788,#6789,#6790,#6791,#6792,#6793,
#6794,#6795,#6796,#6797),.UNSPECIFIED.,.F.,.F.,(4,1,1,1,1,1,1,4),(21.9911485751285,
22.3802371194091,23.3779667434638,24.3756963675184,25.3734259915731,26.3711556156277,
27.3688852396824,28.2743338823081),.UNSPECIFIED.);
#766=B_SPLINE_CURVE_WITH_KNOTS('',3,(#6803,#6804,#6805,#6806,#6807),
 .UNSPECIFIED.,.F.,.F.,(4,1,4),(14.3984001269718,15.3961297510265,15.7079632679489),
 .UNSPECIFIED.);
#767=B_SPLINE_CURVE_WITH_KNOTS('',3,(#6810,#6811,#6812,#6813,#6814),
 .UNSPECIFIED.,.F.,.F.,(4,1,4),(13.8759337553363,14.8485501357433,15.7079632679489),
 .UNSPECIFIED.);
#768=B_SPLINE_CURVE_WITH_KNOTS('',3,(#6820,#6821,#6822,#6823),
 .UNSPECIFIED.,.F.,.F.,(4,4),(64.141416212773,64.8524255635528),
 .UNSPECIFIED.);
#769=B_SPLINE_CURVE_WITH_KNOTS('',3,(#6826,#6827,#6828,#6829,#6830,#6831,
#6832,#6833,#6834,#6835),.UNSPECIFIED.,.F.,.F.,(4,3,3,4),(-62.8318530717959,
-61.8592366913888,-60.8615070673342,-60.401269768986),.UNSPECIFIED.);
#770=B_SPLINE_CURVE_WITH_KNOTS('',3,(#6840,#6841,#6842,#6843,#6844,#6845,
#6846,#6847,#6848,#6849,#6850,#6851,#6852,#6853,#6854,#6855,#6856,#6857,
#6858,#6859,#6860,#6861,#6862,#6863,#6864),.UNSPECIFIED.,.F.,.F.,(4,3,3,
3,3,3,3,3,4),(57.8582309055934,57.8683181951702,58.8660478192248,59.8637774432795,
60.8615070673341,61.8592366913888,62.8569663154435,63.8546959394981,64.141416212773),
 .UNSPECIFIED.);
#771=B_SPLINE_CURVE_WITH_KNOTS('',3,(#6865,#6866,#6867,#6868,#6869,#6870,
#6871,#6872,#6873,#6874,#6875,#6876,#6877,#6878,#6879,#6880,#6881,#6882,
#6883,#6884,#6885,#6886),.UNSPECIFIED.,.F.,.F.,(4,3,3,3,3,3,3,4),(-60.401269768986,
-59.8637774432795,-58.8660478192249,-57.8683181951702,-56.8705885711155,
-55.8728589470609,-54.8751293230062,-54.1180844618064),.UNSPECIFIED.);
#772=B_SPLINE_CURVE_WITH_KNOTS('',3,(#6891,#6892,#6893,#6894,#6895,#6896,
#6897,#6898,#6899,#6900,#6901,#6902,#6903,#6904,#6905,#6906,#6907,#6908,
#6909,#6910,#6911,#6912),.UNSPECIFIED.,.F.,.F.,(4,3,3,3,3,3,3,4),(51.5750455984138,
51.8819404508422,52.8796700748969,53.8773996989515,54.8751293230062,55.8728589470609,
56.8705885711155,57.8582309055934),.UNSPECIFIED.);
#773=B_SPLINE_CURVE_WITH_KNOTS('',3,(#6913,#6914,#6915,#6916,#6917,#6918,
#6919,#6920,#6921,#6922,#6923,#6924,#6925,#6926,#6927,#6928,#6929,#6930,
#6931,#6932,#6933,#6934,#6935,#6936,#6937),.UNSPECIFIED.,.F.,.F.,(4,3,3,
3,3,3,3,3,4),(-54.1180844618064,-53.8773996989516,-52.8796700748969,-51.8819404508423,
-50.8842108267876,-49.8864812027329,-48.8887515786783,-47.8910219546236,
-47.8348991546268),.UNSPECIFIED.);
#774=B_SPLINE_CURVE_WITH_KNOTS('',3,(#6942,#6943,#6944,#6945,#6946,#6947,
#6948,#6949,#6950,#6951,#6952,#6953,#6954,#6955,#6956,#6957,#6958,#6959,
#6960,#6961,#6962,#6963),.UNSPECIFIED.,.F.,.F.,(4,3,3,3,3,3,3,4),(45.2918602912342,
45.8955627065143,46.8932923305689,47.8910219546236,48.8887515786783,49.8864812027329,
50.8842108267876,51.5750455984138),.UNSPECIFIED.);
#775=B_SPLINE_CURVE_WITH_KNOTS('',3,(#6964,#6965,#6966,#6967,#6968,#6969,
#6970,#6971,#6972,#6973,#6974,#6975,#6976,#6977,#6978,#6979,#6980,#6981,
#6982,#6983,#6984,#6985),.UNSPECIFIED.,.F.,.F.,(4,3,3,3,3,3,3,4),(-47.8348991546268,
-46.8932923305689,-45.8955627065143,-44.8978330824596,-43.900103458405,
-42.9023738343503,-41.9046442102957,-41.5517138474472),.UNSPECIFIED.);
#776=B_SPLINE_CURVE_WITH_KNOTS('',3,(#6990,#6991,#6992,#6993,#6994,#6995,
#6996,#6997,#6998,#6999,#7000,#7001,#7002,#7003,#7004,#7005,#7006,#7007,
#7008,#7009,#7010,#7011),.UNSPECIFIED.,.F.,.F.,(4,3,3,3,3,3,3,4),(39.0086749840546,
39.9091849621863,40.906914586241,41.9046442102957,42.9023738343503,43.900103458405,
44.8978330824596,45.2918602912342),.UNSPECIFIED.);
#777=B_SPLINE_CURVE_WITH_KNOTS('',3,(#7012,#7013,#7014,#7015,#7016,#7017,
#7018,#7019,#7020,#7021,#7022,#7023,#7024,#7025,#7026,#7027,#7028,#7029,
#7030,#7031,#7032,#7033),.UNSPECIFIED.,.F.,.F.,(4,3,3,3,3,3,3,4),(-41.5517138474472,
-40.906914586241,-39.9091849621863,-38.9114553381317,-37.913725714077,-36.9159960900224,
-35.9182664659677,-35.2685285402676),.UNSPECIFIED.);
#778=B_SPLINE_CURVE_WITH_KNOTS('',3,(#7038,#7039,#7040,#7041,#7042,#7043,
#7044,#7045,#7046,#7047,#7048,#7049,#7050,#7051,#7052,#7053,#7054,#7055,
#7056,#7057,#7058,#7059,#7060,#7061,#7062),.UNSPECIFIED.,.F.,.F.,(4,3,3,
3,3,3,3,3,4),(32.725489676875,32.9250775938037,33.9228072178584,34.920536841913,
35.9182664659677,36.9159960900224,37.913725714077,38.9114553381317,39.0086749840546),
 .UNSPECIFIED.);
#779=B_SPLINE_CURVE_WITH_KNOTS('',3,(#7063,#7064,#7065,#7066,#7067,#7068,
#7069,#7070,#7071,#7072,#7073,#7074,#7075,#7076,#7077,#7078,#7079,#7080,
#7081,#7082,#7083,#7084),.UNSPECIFIED.,.F.,.F.,(4,3,3,3,3,3,3,4),(-35.2685285402676,
-34.920536841913,-33.9228072178584,-32.9250775938037,-31.9273479697491,
-30.9296183456944,-29.9318887216397,-28.985343233088),.UNSPECIFIED.);
#780=B_SPLINE_CURVE_WITH_KNOTS('',3,(#7089,#7090,#7091,#7092,#7093,#7094,
#7095,#7096,#7097,#7098,#7099,#7100,#7101,#7102,#7103,#7104,#7105,#7106,
#7107,#7108,#7109,#7110),.UNSPECIFIED.,.F.,.F.,(4,3,3,3,3,3,3,4),(26.4423043696954,
26.9386998494758,27.9364294735304,28.9341590975851,29.9318887216397,30.9296183456944,
31.9273479697491,32.725489676875),.UNSPECIFIED.);
#781=B_SPLINE_CURVE_WITH_KNOTS('',3,(#7111,#7112,#7113,#7114,#7115,#7116,
#7117,#7118,#7119,#7120,#7121,#7122,#7123,#7124,#7125,#7126,#7127,#7128,
#7129,#7130,#7131,#7132,#7133,#7134,#7135),.UNSPECIFIED.,.F.,.F.,(4,3,3,
3,3,3,3,3,4),(-28.985343233088,-28.9341590975851,-27.9364294735304,-26.9386998494758,
-25.9409702254211,-24.9432406013665,-23.9455109773118,-22.9477813532571,
-22.7021579259084),.UNSPECIFIED.);
#782=B_SPLINE_CURVE_WITH_KNOTS('',3,(#7140,#7141,#7142,#7143,#7144,#7145,
#7146,#7147,#7148,#7149,#7150,#7151,#7152,#7153,#7154,#7155,#7156,#7157,
#7158,#7159,#7160,#7161),.UNSPECIFIED.,.F.,.F.,(4,3,3,3,3,3,3,4),(20.1591190625159,
20.9523221051478,21.9500517292025,22.9477813532571,23.9455109773118,24.9432406013665,
25.9409702254211,26.4423043696954),.UNSPECIFIED.);
#783=B_SPLINE_CURVE_WITH_KNOTS('',3,(#7162,#7163,#7164,#7165,#7166,#7167,
#7168,#7169,#7170,#7171,#7172,#7173,#7174,#7175,#7176,#7177,#7178,#7179,
#7180,#7181,#7182,#7183),.UNSPECIFIED.,.F.,.F.,(4,3,3,3,3,3,3,4),(-22.7021579259084,
-21.9500517292025,-20.9523221051478,-19.9545924810932,-18.9568628570385,
-17.9591332329838,-16.9614036089292,-16.4189726187288),.UNSPECIFIED.);
#784=B_SPLINE_CURVE_WITH_KNOTS('',3,(#7188,#7189,#7190,#7191,#7192,#7193,
#7194,#7195,#7196,#7197,#7198,#7199,#7200,#7201,#7202,#7203,#7204,#7205,
#7206,#7207,#7208,#7209,#7210,#7211,#7212),.UNSPECIFIED.,.F.,.F.,(4,3,3,
3,3,3,3,3,4),(13.8759337553363,13.9682147367652,14.9659443608199,15.9636739848745,
16.9614036089292,17.9591332329838,18.9568628570385,19.9545924810932,20.1591190625159),
 .UNSPECIFIED.);
#785=B_SPLINE_CURVE_WITH_KNOTS('',3,(#7213,#7214,#7215,#7216,#7217,#7218,
#7219,#7220,#7221,#7222,#7223,#7224,#7225,#7226,#7227,#7228,#7229,#7230,
#7231,#7232,#7233,#7234),.UNSPECIFIED.,.F.,.F.,(4,3,3,3,3,3,3,4),(-16.4189726187288,
-15.9636739848745,-14.9659443608199,-13.9682147367652,-12.9704851127106,
-11.9727554886559,-10.9750258646012,-10.1357873115492),.UNSPECIFIED.);
#786=B_SPLINE_CURVE_WITH_KNOTS('',3,(#7240,#7241,#7242,#7243,#7244,#7245,
#7246,#7247,#7248,#7249,#7250,#7251,#7252),.UNSPECIFIED.,.F.,.F.,(4,3,3,
3,4),(-3.85260200436963,-2.99318887216397,-1.99545924810932,-0.997729624054657,
0.),.UNSPECIFIED.);
#787=B_SPLINE_CURVE_WITH_KNOTS('',3,(#7255,#7256,#7257,#7258,#7259,#7260,
#7261,#7262,#7263,#7264,#7265,#7266,#7267,#7268,#7269,#7270,#7271,#7272,
#7273),.UNSPECIFIED.,.F.,.F.,(4,3,3,3,3,3,4),(2.02057249175693,2.99318887216397,
3.99091849621863,4.98864812027328,5.98637774432795,6.98410736838261,7.59274844815667),
 .UNSPECIFIED.);
#788=B_SPLINE_CURVE_WITH_KNOTS('',3,(#7279,#7280,#7281,#7282,#7283,#7284,
#7285,#7286),.UNSPECIFIED.,.F.,.F.,(4,1,1,1,1,4),(72.2566310325652,72.7168683309134,
73.7145979549681,74.7123275790228,75.7100572030774,76.7077868271321),
 .UNSPECIFIED.);
#789=B_SPLINE_CURVE_WITH_KNOTS('',3,(#7289,#7290,#7291,#7292,#7293,#7294,
#7295,#7296,#7297),.UNSPECIFIED.,.F.,.F.,(4,1,1,1,1,1,4),(72.2566310325652,
72.266718322142,73.2644479461966,74.2621775702513,75.2599071943059,76.2576368183606,
77.2302531987676),.UNSPECIFIED.);
#790=B_SPLINE_CURVE_WITH_KNOTS('',3,(#7302,#7303,#7304,#7305,#7306,#7307,
#7308,#7309,#7310,#7311),.UNSPECIFIED.,.F.,.F.,(4,1,1,1,1,1,1,4),(65.9734457253856,
66.7304905865855,67.7282202106401,68.7259498346948,69.7236794587495,70.7214090828041,
71.7191387068588,72.2566310325652),.UNSPECIFIED.);
#791=B_SPLINE_CURVE_WITH_KNOTS('',3,(#7312,#7313,#7314,#7315,#7316,#7317,
#7318,#7319,#7320,#7321),.UNSPECIFIED.,.F.,.F.,(4,1,1,1,1,1,1,4),(65.9734457253856,
66.280340577814,67.2780702018687,68.2757998259233,69.273529449978,70.2712590740327,
71.2689886980873,72.2566310325652),.UNSPECIFIED.);
#792=B_SPLINE_CURVE_WITH_KNOTS('',3,(#7326,#7327,#7328,#7329,#7330,#7331,
#7332,#7333,#7334,#7335,#7336),.UNSPECIFIED.,.F.,.F.,(4,1,1,1,1,1,1,1,4),
(59.6902604182061,59.7463832182029,60.7441128422575,61.7418424663122,62.7395720903668,
63.7373017144215,64.7350313384762,65.7327609625308,65.9734457253856),
 .UNSPECIFIED.);
#793=B_SPLINE_CURVE_WITH_KNOTS('',3,(#7337,#7338,#7339,#7340,#7341,#7342,
#7343,#7344,#7345,#7346),.UNSPECIFIED.,.F.,.F.,(4,1,1,1,1,1,1,4),(59.690260418206,
60.2939628334861,61.2916924575407,62.2894220815954,63.28715170565,64.2848813297047,
65.2826109537594,65.9734457253856),.UNSPECIFIED.);
#794=B_SPLINE_CURVE_WITH_KNOTS('',3,(#7351,#7352,#7353,#7354,#7355,#7356,
#7357,#7358,#7359,#7360),.UNSPECIFIED.,.F.,.F.,(4,1,1,1,1,1,1,4),(53.4070751110265,
53.7600054738749,54.7577350979296,55.7554647219842,56.7531943460389,57.7509239700936,
58.7486535941482,59.6902604182061),.UNSPECIFIED.);
#795=B_SPLINE_CURVE_WITH_KNOTS('',3,(#7361,#7362,#7363,#7364,#7365,#7366,
#7367,#7368,#7369,#7370),.UNSPECIFIED.,.F.,.F.,(4,1,1,1,1,1,1,4),(53.4070751110264,
54.3075850891581,55.3053147132128,56.3030443372674,57.3007739613221,58.2985035853767,
59.2962332094314,59.690260418206),.UNSPECIFIED.);
#796=B_SPLINE_CURVE_WITH_KNOTS('',3,(#7375,#7376,#7377,#7378,#7379,#7380,
#7381,#7382,#7383,#7384),.UNSPECIFIED.,.F.,.F.,(4,1,1,1,1,1,1,4),(47.1238898038469,
47.773627729547,48.7713573536016,49.7690869776563,50.7668166017109,51.7645462257656,
52.7622758498203,53.4070751110265),.UNSPECIFIED.);
#797=B_SPLINE_CURVE_WITH_KNOTS('',3,(#7385,#7386,#7387,#7388,#7389,#7390,
#7391,#7392,#7393,#7394,#7395),.UNSPECIFIED.,.F.,.F.,(4,1,1,1,1,1,1,1,4),
(47.1238898038468,47.3234777207755,48.3212073448302,49.3189369688848,50.3166665929395,
51.3143962169941,52.3121258410488,53.3098554651035,53.4070751110264),
 .UNSPECIFIED.);
#798=B_SPLINE_CURVE_WITH_KNOTS('',3,(#7400,#7401,#7402,#7403,#7404,#7405,
#7406,#7407,#7408,#7409),.UNSPECIFIED.,.F.,.F.,(4,1,1,1,1,1,1,4),(40.8407044966673,
41.787249985219,42.7849796092737,43.7827092333283,44.780438857383,45.7781684814377,
46.7758981054923,47.1238898038469),.UNSPECIFIED.);
#799=B_SPLINE_CURVE_WITH_KNOTS('',3,(#7410,#7411,#7412,#7413,#7414,#7415,
#7416,#7417,#7418,#7419),.UNSPECIFIED.,.F.,.F.,(4,1,1,1,1,1,1,4),(40.8407044966673,
41.3370999764476,42.3348296005022,43.3325592245569,44.3302888486115,45.3280184726662,
46.3257480967209,47.1238898038468),.UNSPECIFIED.);
#800=B_SPLINE_CURVE_WITH_KNOTS('',3,(#7424,#7425,#7426,#7427,#7428,#7429,
#7430,#7431,#7432,#7433,#7434),.UNSPECIFIED.,.F.,.F.,(4,1,1,1,1,1,1,1,4),
(34.5575191894877,34.8031426168364,35.8008722408911,36.7986018649457,37.7963314890004,
38.794061113055,39.7917907371097,40.7895203611644,40.8407044966673),
 .UNSPECIFIED.);
#801=B_SPLINE_CURVE_WITH_KNOTS('',3,(#7435,#7436,#7437,#7438,#7439,#7440,
#7441,#7442,#7443,#7444),.UNSPECIFIED.,.F.,.F.,(4,1,1,1,1,1,1,4),(34.5575191894877,
35.3507222321196,36.3484518561743,37.3461814802289,38.3439111042836,39.3416407283382,
40.3393703523929,40.8407044966673),.UNSPECIFIED.);
#802=B_SPLINE_CURVE_WITH_KNOTS('',3,(#7449,#7450,#7451,#7452,#7453,#7454,
#7455,#7456,#7457,#7458),.UNSPECIFIED.,.F.,.F.,(4,1,1,1,1,1,1,4),(28.2743338823081,
28.8167648725085,29.8144944965631,30.8122241206178,31.8099537446724,32.8076833687271,
33.8054129927818,34.5575191894877),.UNSPECIFIED.);
#803=B_SPLINE_CURVE_WITH_KNOTS('',3,(#7459,#7460,#7461,#7462,#7463,#7464,
#7465,#7466,#7467,#7468,#7469),.UNSPECIFIED.,.F.,.F.,(4,1,1,1,1,1,1,1,4),
(28.2743338823081,28.366614863737,29.3643444877917,30.3620741118463,31.359803735901,
32.3575333599556,33.3552629840103,34.3529926080649,34.5575191894877),
 .UNSPECIFIED.);
#804=B_SPLINE_CURVE_WITH_KNOTS('',3,(#7474,#7475,#7476,#7477,#7478,#7479,
#7480,#7481,#7482,#7483),.UNSPECIFIED.,.F.,.F.,(4,1,1,1,1,1,1,4),(21.9911485751285,
22.8303871281805,23.8281167522352,24.8258463762898,25.8235760003445,26.8213056243991,
27.8190352484538,28.2743338823081),.UNSPECIFIED.);
#805=B_SPLINE_CURVE_WITH_KNOTS('',3,(#7484,#7485,#7486,#7487,#7488,#7489,
#7490,#7491,#7492,#7493),.UNSPECIFIED.,.F.,.F.,(4,1,1,1,1,1,1,4),(21.9911485751285,
22.380237119409,23.3779667434637,24.3756963675184,25.373425991573,26.3711556156277,
27.3688852396823,28.2743338823081),.UNSPECIFIED.);
#806=B_SPLINE_CURVE_WITH_KNOTS('',3,(#7499,#7500,#7501,#7502,#7503),
 .UNSPECIFIED.,.F.,.F.,(4,1,4),(14.3984001269718,15.3961297510264,15.7079632679489),
 .UNSPECIFIED.);
#807=B_SPLINE_CURVE_WITH_KNOTS('',3,(#7506,#7507,#7508,#7509,#7510),
 .UNSPECIFIED.,.F.,.F.,(4,1,4),(13.8759337553362,14.8485501357432,15.7079632679489),
 .UNSPECIFIED.);
#808=B_SPLINE_CURVE_WITH_KNOTS('',3,(#7825,#7826,#7827,#7828,#7829,#7830,
#7831,#7832,#7833,#7834,#7835),.UNSPECIFIED.,.F.,.F.,(4,1,1,1,1,1,1,1,4),
(15.7079632679489,15.8462797597979,16.8440093838526,17.8417390079072,18.8394686319619,
19.8371982560165,20.8349278800712,21.8326575041259,21.9911485751285),
 .UNSPECIFIED.);
#809=B_SPLINE_CURVE_WITH_KNOTS('',3,(#7836,#7837,#7838,#7839,#7840,#7841,
#7842,#7843,#7844,#7845),.UNSPECIFIED.,.F.,.F.,(4,1,1,1,1,1,1,4),(15.7079632679489,
16.3938593750811,17.3915889991358,18.3893186231904,19.3870482472451,20.3847778712997,
21.3825074953544,21.9911485751285),.UNSPECIFIED.);
#810=B_SPLINE_CURVE_WITH_KNOTS('',3,(#8118,#8119,#8120,#8121,#8122,#8123,
#8124,#8125,#8126,#8127,#8128,#8129,#8130,#8131,#8132,#8133,#8134,#8135,
#8136,#8137,#8138,#8139,#8140,#8141,#8142,#8143,#8144,#8145,#8146,#8147,
#8148,#8149,#8150,#8151,#8152,#8153,#8154,#8155,#8156,#8157,#8158,#8159,
#8160,#8161,#8162,#8163,#8164,#8165,#8166,#8167,#8168,#8169,#8170,#8171,
#8172,#8173,#8174,#8175,#8176,#8177,#8178,#8179,#8180,#8181,#8182,#8183,
#8184,#8185,#8186,#8187,#8188,#8189,#8190,#8191,#8192,#8193),
 .UNSPECIFIED.,.F.,.F.,(4,3,3,3,3,3,3,3,3,3,3,3,3,3,3,3,3,3,3,3,3,3,3,3,
3,4),(-0.285142803995057,-0.266695300315497,-0.248994175244965,-0.244701967369338,
-0.226724945009092,-0.21515106662933,-0.210341761541593,-0.192147014795838,
-0.175010004340817,-0.165404079346932,-0.156923467375358,-0.15398512796653,
-0.137562774558574,-0.120467735875294,-0.105809321662709,-0.102709529056413,
-0.0997719453727321,-0.0831581670894593,-0.0666435513659097,-0.058134352121936,
-0.0526925746260828,-0.0496800896487331,-0.0337386633501599,-0.0183627166752357,
-0.00320042217461619,0.),.UNSPECIFIED.);
#811=B_SPLINE_CURVE_WITH_KNOTS('',3,(#8194,#8195,#8196,#8197,#8198,#8199,
#8200,#8201,#8202,#8203,#8204,#8205,#8206,#8207,#8208,#8209,#8210,#8211,
#8212,#8213,#8214,#8215,#8216,#8217,#8218,#8219,#8220,#8221,#8222,#8223,
#8224,#8225,#8226,#8227,#8228,#8229,#8230,#8231,#8232,#8233,#8234,#8235,
#8236,#8237,#8238,#8239,#8240,#8241,#8242,#8243,#8244,#8245,#8246,#8247,
#8248,#8249,#8250,#8251,#8252,#8253,#8254,#8255,#8256,#8257,#8258,#8259,
#8260,#8261,#8262,#8263,#8264,#8265,#8266,#8267,#8268,#8269,#8270,#8271,
#8272),.UNSPECIFIED.,.F.,.F.,(4,3,3,3,3,3,3,3,3,3,3,3,3,3,3,3,3,3,3,3,3,
3,3,3,3,3,4),(0.,0.0151296261925796,0.0309433690754083,0.0438269993588217,
0.0499153973329878,0.0529403795016812,0.0692619731426814,0.0858335946802155,
0.0978782988458406,0.10197471430953,0.105093904438399,0.122172033040229,
0.134012411342716,0.150662045921967,0.155446714874047,0.158498827755358,
0.175523113469981,0.192956081638107,0.203995282607549,0.212544550413647,
0.215900796521309,0.232243019739393,0.244621411145784,0.248847087115081,
0.267054802624613,0.281269689393646,0.285142803995212),.UNSPECIFIED.);
#812=B_SPLINE_CURVE_WITH_KNOTS('',3,(#8273,#8274,#8275,#8276,#8277,#8278,
#8279,#8280,#8281,#8282,#8283,#8284,#8285,#8286,#8287,#8288,#8289,#8290,
#8291,#8292,#8293,#8294,#8295,#8296,#8297),.UNSPECIFIED.,.F.,.F.,(4,3,3,
3,3,3,3,3,4),(-10.1357873115492,-9.97729624054658,-8.97956661649192,-7.98183699243727,
-6.98410736838261,-5.98637774432795,-4.98864812027329,-3.99091849621863,
-3.85260200436963),.UNSPECIFIED.);
#813=B_SPLINE_CURVE_WITH_KNOTS('',3,(#8570,#8571,#8572,#8573,#8574,#8575,
#8576,#8577,#8578,#8579,#8580,#8581,#8582,#8583,#8584,#8585,#8586,#8587,
#8588,#8589,#8590,#8591,#8592,#8593,#8594,#8595,#8596,#8597,#8598,#8599,
#8600,#8601,#8602,#8603,#8604,#8605,#8606,#8607,#8608,#8609,#8610,#8611,
#8612,#8613,#8614,#8615,#8616,#8617,#8618,#8619,#8620,#8621,#8622,#8623,
#8624,#8625,#8626,#8627,#8628,#8629,#8630,#8631,#8632,#8633,#8634,#8635,
#8636,#8637,#8638,#8639,#8640,#8641,#8642,#8643,#8644,#8645,#8646,#8647,
#8648),.UNSPECIFIED.,.F.,.F.,(4,3,3,3,3,3,3,3,3,3,3,3,3,3,3,3,3,3,3,3,3,
3,3,3,3,3,4),(-0.286347380332278,-0.271033468469053,-0.259859487164103,
-0.255833895498599,-0.251913943104594,-0.235726052266269,-0.229249870633821,
-0.224476745262414,-0.221427678617173,-0.204051440898969,-0.187264127922321,
-0.17842877787783,-0.172432456642052,-0.168803044783199,-0.151922727744357,
-0.135322015065701,-0.118892834158971,-0.115940521349201,-0.098687387625204,
-0.0810294503170739,-0.063259150453068,-0.0596713483183052,-0.0569042719689301,
-0.0386790444175737,-0.0206348876493737,-0.00388856781186072,0.),
 .UNSPECIFIED.);
#814=B_SPLINE_CURVE_WITH_KNOTS('',3,(#8649,#8650,#8651,#8652,#8653,#8654,
#8655,#8656,#8657,#8658,#8659,#8660,#8661,#8662,#8663,#8664,#8665,#8666,
#8667,#8668,#8669,#8670),.UNSPECIFIED.,.F.,.F.,(4,3,3,3,3,3,3,4),(7.59274844815667,
7.98183699243726,8.97956661649192,9.97729624054658,10.9750258646012,11.9727554886559,
12.9704851127106,13.8759337553363),.UNSPECIFIED.);
#815=B_SPLINE_CURVE_WITH_KNOTS('',3,(#8671,#8672,#8673,#8674,#8675,#8676,
#8677,#8678,#8679,#8680,#8681,#8682,#8683,#8684,#8685,#8686,#8687,#8688,
#8689,#8690,#8691,#8692,#8693,#8694,#8695,#8696,#8697,#8698,#8699,#8700,
#8701,#8702,#8703,#8704,#8705,#8706,#8707,#8708,#8709,#8710,#8711,#8712,
#8713,#8714,#8715,#8716,#8717,#8718,#8719,#8720,#8721,#8722,#8723,#8724,
#8725,#8726,#8727,#8728,#8729,#8730,#8731,#8732,#8733,#8734,#8735,#8736,
#8737,#8738,#8739,#8740,#8741,#8742,#8743,#8744,#8745,#8746,#8747,#8748,
#8749),.UNSPECIFIED.,.F.,.F.,(4,3,3,3,3,3,3,3,3,3,3,3,3,3,3,3,3,3,3,3,3,
3,3,3,3,3,4),(0.,0.0185446662744545,0.0367872899287062,0.0507335449620724,
0.0582998404330808,0.0610566510019113,0.0788126394346313,0.0962068360685552,
0.109244459600325,0.115851622937813,0.118955750067816,0.135793057681724,
0.148357330195636,0.165204664660866,0.169987574882963,0.17302269719673,
0.189791496505729,0.206553889426806,0.216705911833942,0.221978065471813,
0.226242365990911,0.242338554674601,0.253620931300755,0.258179209708273,
0.273636618098634,0.283136005917477,0.28634738033224),.UNSPECIFIED.);
#816=B_SPLINE_CURVE_WITH_KNOTS('',3,(#8762,#8763,#8764,#8765,#8766,#8767,
#8768,#8769,#8770,#8771,#8772),.UNSPECIFIED.,.F.,.F.,(4,1,1,1,1,1,1,1,4),
(15.7079632679489,15.846279759798,16.8440093838526,17.8417390079073,18.8394686319619,
19.8371982560166,20.8349278800712,21.8326575041259,21.9911485751285),
 .UNSPECIFIED.);
#817=B_SPLINE_CURVE_WITH_KNOTS('',3,(#8773,#8774,#8775,#8776,#8777,#8778,
#8779,#8780,#8781,#8782),.UNSPECIFIED.,.F.,.F.,(4,1,1,1,1,1,1,4),(15.7079632679489,
16.3938593750811,17.3915889991358,18.3893186231905,19.3870482472451,20.3847778712998,
21.3825074953544,21.9911485751285),.UNSPECIFIED.);
#818=B_SPLINE_CURVE_WITH_KNOTS('',3,(#9055,#9056,#9057,#9058,#9059,#9060,
#9061,#9062,#9063,#9064,#9065,#9066,#9067,#9068,#9069,#9070,#9071,#9072,
#9073,#9074,#9075,#9076,#9077,#9078,#9079,#9080,#9081,#9082,#9083,#9084,
#9085,#9086,#9087,#9088,#9089,#9090,#9091,#9092,#9093,#9094,#9095,#9096,
#9097,#9098,#9099,#9100,#9101,#9102,#9103,#9104,#9105,#9106,#9107,#9108,
#9109,#9110,#9111,#9112,#9113,#9114,#9115,#9116,#9117,#9118,#9119,#9120,
#9121,#9122,#9123,#9124,#9125,#9126,#9127,#9128,#9129,#9130),
 .UNSPECIFIED.,.F.,.F.,(4,3,3,3,3,3,3,3,3,3,3,3,3,3,3,3,3,3,3,3,3,3,3,3,
3,4),(-0.285142803995123,-0.266695300315559,-0.248992710399594,-0.244701672875162,
-0.226724840682214,-0.215150284513611,-0.210341648056858,-0.192146929682297,
-0.175010858503471,-0.165404801310135,-0.156924548893484,-0.153987277900489,
-0.137562774558616,-0.120467555678563,-0.105809163990569,-0.102709664604987,
-0.0997723348761167,-0.0831583783299117,-0.0666439830506134,-0.0581350119557676,
-0.0526947189283585,-0.0496837064703206,-0.0337426624446554,-0.0183683570530035,
-0.00320042217461449,0.),.UNSPECIFIED.);
#819=B_SPLINE_CURVE_WITH_KNOTS('',3,(#9131,#9132,#9133,#9134,#9135,#9136,
#9137,#9138,#9139,#9140,#9141,#9142,#9143,#9144,#9145,#9146,#9147,#9148,
#9149,#9150,#9151,#9152,#9153,#9154,#9155,#9156,#9157,#9158,#9159,#9160,
#9161,#9162,#9163,#9164,#9165,#9166,#9167,#9168,#9169,#9170,#9171,#9172,
#9173,#9174,#9175,#9176,#9177,#9178,#9179,#9180,#9181,#9182,#9183,#9184,
#9185,#9186,#9187,#9188,#9189,#9190,#9191,#9192,#9193,#9194,#9195,#9196,
#9197,#9198,#9199,#9200,#9201,#9202,#9203,#9204,#9205,#9206,#9207,#9208,
#9209),.UNSPECIFIED.,.F.,.F.,(4,3,3,3,3,3,3,3,3,3,3,3,3,3,3,3,3,3,3,3,3,
3,3,3,3,3,4),(0.,0.0151333822229305,0.0309498241238127,0.0438326475261727,
0.0499391171163398,0.0529447405772757,0.0692689712521543,0.0858433749052624,
0.09788563401462,0.101634847832344,0.104289667295246,0.1213695480202,0.134012411342693,
0.150660334799464,0.155443743231566,0.158497513075467,0.175519794118463,
0.192951800739653,0.203991536821389,0.212545142997664,0.215900599032036,
0.232242871622412,0.244620867328646,0.248846863116336,0.267054636163949,
0.28126968939354,0.285142803995095),.UNSPECIFIED.);
#820=B_SPLINE_CURVE_WITH_KNOTS('',3,(#9210,#9211,#9212,#9213,#9214,#9215,
#9216,#9217,#9218,#9219,#9220,#9221,#9222,#9223,#9224,#9225,#9226,#9227,
#9228,#9229,#9230,#9231,#9232,#9233,#9234),.UNSPECIFIED.,.F.,.F.,(4,3,3,
3,3,3,3,3,4),(-10.1357873115492,-9.97729624054658,-8.97956661649192,-7.98183699243727,
-6.9841073683826,-5.98637774432795,-4.98864812027329,-3.99091849621863,
-3.85260200436961),.UNSPECIFIED.);
#821=B_SPLINE_CURVE_WITH_KNOTS('',3,(#9507,#9508,#9509,#9510,#9511,#9512,
#9513,#9514,#9515,#9516,#9517,#9518,#9519,#9520,#9521,#9522,#9523,#9524,
#9525,#9526,#9527,#9528,#9529,#9530,#9531,#9532,#9533,#9534,#9535,#9536,
#9537,#9538,#9539,#9540,#9541,#9542,#9543,#9544,#9545,#9546,#9547,#9548,
#9549,#9550,#9551,#9552,#9553,#9554,#9555,#9556,#9557,#9558,#9559,#9560,
#9561,#9562,#9563,#9564,#9565,#9566,#9567,#9568,#9569,#9570,#9571,#9572,
#9573,#9574,#9575,#9576,#9577,#9578,#9579,#9580,#9581,#9582,#9583,#9584,
#9585),.UNSPECIFIED.,.F.,.F.,(4,3,3,3,3,3,3,3,3,3,3,3,3,3,3,3,3,3,3,3,3,
3,3,3,3,3,4),(-0.286347380332243,-0.271029872552709,-0.259844896139202,
-0.255809548324107,-0.251910356424644,-0.235720031881224,-0.229236963729744,
-0.22434093720796,-0.220964215274406,-0.203703843391888,-0.18691932494852,
-0.178170175647474,-0.171666354560971,-0.168992719477804,-0.151922727744334,
-0.135324263956732,-0.118894801938624,-0.115940095201874,-0.0986888208691684,
-0.081031693643067,-0.0632613953100174,-0.0596981308088915,-0.05663566260779,
-0.0384085718087608,-0.0203679753045288,-0.0038885678118627,0.),
 .UNSPECIFIED.);
#822=B_SPLINE_CURVE_WITH_KNOTS('',3,(#9586,#9587,#9588,#9589,#9590,#9591,
#9592,#9593,#9594,#9595,#9596,#9597,#9598,#9599,#9600,#9601,#9602,#9603,
#9604,#9605,#9606,#9607),.UNSPECIFIED.,.F.,.F.,(4,3,3,3,3,3,3,4),(7.59274844815664,
7.98183699243726,8.97956661649192,9.97729624054658,10.9750258646012,11.9727554886559,
12.9704851127106,13.8759337553362),.UNSPECIFIED.);
#823=B_SPLINE_CURVE_WITH_KNOTS('',3,(#9608,#9609,#9610,#9611,#9612,#9613,
#9614,#9615,#9616,#9617,#9618,#9619,#9620,#9621,#9622,#9623,#9624,#9625,
#9626,#9627,#9628,#9629,#9630,#9631,#9632,#9633,#9634,#9635,#9636,#9637,
#9638,#9639,#9640,#9641,#9642,#9643,#9644,#9645,#9646,#9647,#9648,#9649,
#9650,#9651,#9652,#9653,#9654,#9655,#9656,#9657,#9658,#9659,#9660,#9661,
#9662,#9663,#9664,#9665,#9666,#9667,#9668,#9669,#9670,#9671,#9672,#9673,
#9674,#9675,#9676,#9677,#9678,#9679,#9680,#9681,#9682,#9683,#9684,#9685,
#9686),.UNSPECIFIED.,.F.,.F.,(4,3,3,3,3,3,3,3,3,3,3,3,3,3,3,3,3,3,3,3,3,
3,3,3,3,3,4),(0.,0.0185446662744542,0.0367875100559194,0.0507337375733836,
0.0583004747883766,0.0610574655384721,0.0788134904281699,0.0962066928954726,
0.109244352220513,0.115851632316,0.118955938390796,0.13579233376454,0.148357330195633,
0.165204664660867,0.169987333492427,0.173022471286162,0.189791393288785,
0.206553753441693,0.216707047551668,0.221978031713634,0.226242082101461,
0.242337443285721,0.2536187544979,0.258178109029442,0.27363398658866,0.2831360059175,
0.286347380332261),.UNSPECIFIED.);
#824=B_SPLINE_CURVE_WITH_KNOTS('',3,(#9688,#9689,#9690,#9691,#9692,#9693,
#9694,#9695,#9696,#9697,#9698),.UNSPECIFIED.,.F.,.F.,(4,1,1,1,1,1,1,1,4),
(15.7079632679489,15.846279759798,16.8440093838526,17.8417390079073,18.8394686319619,
19.8371982560166,20.8349278800712,21.8326575041259,21.9911485751285),
 .UNSPECIFIED.);
#825=B_SPLINE_CURVE_WITH_KNOTS('',3,(#9699,#9700,#9701,#9702,#9703,#9704,
#9705,#9706,#9707,#9708),.UNSPECIFIED.,.F.,.F.,(4,1,1,1,1,1,1,4),(15.7079632679489,
16.3938593750812,17.3915889991358,18.3893186231905,19.3870482472451,20.3847778712998,
21.3825074953544,21.9911485751285),.UNSPECIFIED.);
#826=B_SPLINE_CURVE_WITH_KNOTS('',3,(#9981,#9982,#9983,#9984,#9985,#9986,
#9987,#9988,#9989,#9990,#9991,#9992,#9993,#9994,#9995,#9996,#9997,#9998,
#9999,#10000,#10001,#10002,#10003,#10004,#10005,#10006,#10007,#10008,#10009,
#10010,#10011,#10012,#10013,#10014,#10015,#10016,#10017,#10018,#10019,#10020,
#10021,#10022,#10023,#10024,#10025,#10026,#10027,#10028,#10029,#10030,#10031,
#10032,#10033,#10034,#10035,#10036,#10037,#10038,#10039,#10040,#10041,#10042,
#10043,#10044,#10045,#10046,#10047,#10048,#10049,#10050,#10051,#10052,#10053,
#10054,#10055,#10056),.UNSPECIFIED.,.F.,.F.,(4,3,3,3,3,3,3,3,3,3,3,3,3,
3,3,3,3,3,3,3,3,3,3,3,3,4),(-0.285142803995123,-0.266695300315559,-0.248992614506754,
-0.244701653721304,-0.226724836646961,-0.215150239195149,-0.210341640523949,
-0.192146924032616,-0.17501091758825,-0.1654048513446,-0.15692462596256,
-0.15398743288109,-0.137562774558616,-0.120467545291728,-0.105809154902089,
-0.102709678037644,-0.0997723685765705,-0.0831584018636728,-0.0666440261703246,
-0.0581350761253211,-0.0526949118291093,-0.049684021066018,-0.0337430073771009,
-0.018368820803082,-0.00320042217461449,0.),.UNSPECIFIED.);
#827=B_SPLINE_CURVE_WITH_KNOTS('',3,(#10057,#10058,#10059,#10060,#10061,
#10062,#10063,#10064,#10065,#10066,#10067,#10068,#10069,#10070,#10071,#10072,
#10073,#10074,#10075,#10076,#10077,#10078,#10079,#10080,#10081,#10082,#10083,
#10084,#10085,#10086,#10087,#10088,#10089,#10090,#10091,#10092,#10093,#10094,
#10095,#10096,#10097,#10098,#10099,#10100,#10101,#10102,#10103,#10104,#10105,
#10106,#10107,#10108,#10109,#10110,#10111,#10112,#10113,#10114,#10115,#10116,
#10117,#10118,#10119,#10120,#10121,#10122,#10123,#10124,#10125,#10126,#10127,
#10128,#10129,#10130,#10131,#10132,#10133,#10134,#10135),.UNSPECIFIED.,
 .F.,.F.,(4,3,3,3,3,3,3,3,3,3,3,3,3,3,3,3,3,3,3,3,3,3,3,3,3,3,4),(0.,0.0151336305337653,
0.0309502492870939,0.0438330195440438,0.0499406855710759,0.0529450372466567,
0.0692694406553092,0.0858440248807545,0.097886121496239,0.101617503237106,
0.104266814854648,0.121346725583539,0.134012411342693,0.150660217364256,
0.155443534738935,0.158497420408599,0.175519563541797,0.192951504755232,
0.203991277835021,0.212545180067047,0.215900583983331,0.232242860335884,
0.244620828949045,0.248846847538388,0.267054623021155,0.28126968939354,
0.285142803995095),.UNSPECIFIED.);
#828=B_SPLINE_CURVE_WITH_KNOTS('',3,(#10136,#10137,#10138,#10139,#10140,
#10141,#10142,#10143,#10144,#10145,#10146,#10147,#10148,#10149,#10150,#10151,
#10152,#10153,#10154,#10155,#10156,#10157,#10158,#10159,#10160),
 .UNSPECIFIED.,.F.,.F.,(4,3,3,3,3,3,3,3,4),(-10.1357873115492,-9.97729624054658,
-8.97956661649192,-7.98183699243727,-6.9841073683826,-5.98637774432795,
-4.98864812027329,-3.99091849621863,-3.85260200436961),.UNSPECIFIED.);
#829=B_SPLINE_CURVE_WITH_KNOTS('',3,(#10433,#10434,#10435,#10436,#10437,
#10438,#10439,#10440,#10441,#10442,#10443,#10444,#10445,#10446,#10447,#10448,
#10449,#10450,#10451,#10452,#10453,#10454,#10455,#10456,#10457,#10458,#10459,
#10460,#10461,#10462,#10463,#10464,#10465,#10466,#10467,#10468,#10469,#10470,
#10471,#10472,#10473,#10474,#10475,#10476,#10477,#10478,#10479,#10480,#10481,
#10482,#10483,#10484,#10485,#10486,#10487,#10488,#10489,#10490,#10491,#10492,
#10493,#10494,#10495,#10496,#10497,#10498,#10499,#10500,#10501,#10502,#10503,
#10504,#10505,#10506,#10507,#10508,#10509,#10510,#10511),.UNSPECIFIED.,
 .F.,.F.,(4,3,3,3,3,3,3,3,3,3,3,3,3,3,3,3,3,3,3,3,3,3,3,3,3,3,4),(-0.286347380332297,
-0.271029614385021,-0.259843850678858,-0.25580795691323,-0.251910114420173,
-0.235719617402121,-0.22923607486974,-0.224331076882269,-0.220947520226024,
-0.203691322105613,-0.186906928580772,-0.178160878371673,-0.171635354089617,
-0.168954844525979,-0.151922727744378,-0.135324432549911,-0.118894949457655,
-0.115940058597962,-0.0986889230249656,-0.0810318554395353,-0.0632615574254295,
-0.0597000530272432,-0.056638347630027,-0.0384113003617552,-0.0203706771199573,
-0.00388856781186082,0.),.UNSPECIFIED.);
#830=B_SPLINE_CURVE_WITH_KNOTS('',3,(#10512,#10513,#10514,#10515,#10516,
#10517,#10518,#10519,#10520,#10521,#10522,#10523,#10524,#10525,#10526,#10527,
#10528,#10529,#10530,#10531,#10532,#10533),.UNSPECIFIED.,.F.,.F.,(4,3,3,
3,3,3,3,4),(7.59274844815664,7.98183699243726,8.97956661649192,9.97729624054658,
10.9750258646012,11.9727554886559,12.9704851127106,13.8759337553362),
 .UNSPECIFIED.);
#831=B_SPLINE_CURVE_WITH_KNOTS('',3,(#10534,#10535,#10536,#10537,#10538,
#10539,#10540,#10541,#10542,#10543,#10544,#10545,#10546,#10547,#10548,#10549,
#10550,#10551,#10552,#10553,#10554,#10555,#10556,#10557,#10558,#10559,#10560,
#10561,#10562,#10563,#10564,#10565,#10566,#10567,#10568,#10569,#10570,#10571,
#10572,#10573,#10574,#10575,#10576,#10577,#10578,#10579,#10580,#10581,#10582,
#10583,#10584,#10585,#10586,#10587,#10588,#10589,#10590,#10591,#10592,#10593,
#10594,#10595,#10596,#10597,#10598,#10599,#10600,#10601,#10602,#10603,#10604,
#10605,#10606,#10607,#10608,#10609,#10610,#10611,#10612),.UNSPECIFIED.,
 .F.,.F.,(4,3,3,3,3,3,3,3,3,3,3,3,3,3,3,3,3,3,3,3,3,3,3,3,3,3,4),(0.,0.0185446662744541,
0.0367875232729751,0.0507337491383073,0.0583005157631338,0.0610575190275924,
0.0788135438974913,0.0962066721002264,0.109244336624078,0.115851618793777,
0.118955948847988,0.135792275875823,0.148357330195633,0.165204664660865,
0.169987310883981,0.173022450828465,0.189791380336289,0.2065537337979,0.216707134620726,
0.221978028039346,0.226242059992132,0.242337352751789,0.253618581291904,
0.258178023094541,0.273633778594851,0.283136005917493,0.286347380332253),
 .UNSPECIFIED.);
#832=B_SPLINE_CURVE_WITH_KNOTS('',3,(#10614,#10615,#10616,#10617,#10618,
#10619,#10620,#10621,#10622,#10623,#10624),.UNSPECIFIED.,.F.,.F.,(4,1,1,
1,1,1,1,1,4),(15.7079632679489,15.8462797597979,16.8440093838526,17.8417390079072,
18.8394686319619,19.8371982560166,20.8349278800712,21.8326575041259,21.9911485751285),
 .UNSPECIFIED.);
#833=B_SPLINE_CURVE_WITH_KNOTS('',3,(#10625,#10626,#10627,#10628,#10629,
#10630,#10631,#10632,#10633,#10634),.UNSPECIFIED.,.F.,.F.,(4,1,1,1,1,1,
1,4),(15.7079632679489,16.3938593750811,17.3915889991358,18.3893186231904,
19.3870482472451,20.3847778712998,21.3825074953544,21.9911485751285),
 .UNSPECIFIED.);
#834=B_SPLINE_CURVE_WITH_KNOTS('',3,(#10907,#10908,#10909,#10910,#10911,
#10912,#10913,#10914,#10915,#10916,#10917,#10918,#10919,#10920,#10921,#10922,
#10923,#10924,#10925,#10926,#10927,#10928,#10929,#10930,#10931,#10932,#10933,
#10934,#10935,#10936,#10937,#10938,#10939,#10940,#10941,#10942,#10943,#10944,
#10945,#10946,#10947,#10948,#10949,#10950,#10951,#10952,#10953,#10954,#10955,
#10956,#10957,#10958,#10959,#10960,#10961,#10962,#10963,#10964,#10965,#10966,
#10967,#10968,#10969,#10970,#10971,#10972,#10973,#10974,#10975,#10976,#10977,
#10978,#10979,#10980,#10981,#10982),.UNSPECIFIED.,.F.,.F.,(4,3,3,3,3,3,
3,3,3,3,3,3,3,3,3,3,3,3,3,3,3,3,3,3,3,4),(-0.285142803995046,-0.266695300315491,
-0.248994178854347,-0.244701968099418,-0.22672494537115,-0.21515106877312,
-0.210341761824887,-0.192147015008317,-0.175010002366688,-0.165404077681189,
-0.156923464958113,-0.153985123204863,-0.137562774558607,-0.120467736369918,
-0.105809322095505,-0.102709528907783,-0.0997719447274352,-0.0831581669372878,
-0.0666435508526579,-0.0581343512749823,-0.0526925713020949,-0.0496800836990894,
-0.0337386566439125,-0.0183627063297451,-0.0032004221746181,0.),
 .UNSPECIFIED.);
#835=B_SPLINE_CURVE_WITH_KNOTS('',3,(#10983,#10984,#10985,#10986,#10987,
#10988,#10989,#10990,#10991,#10992,#10993,#10994,#10995,#10996,#10997,#10998,
#10999,#11000,#11001,#11002,#11003,#11004,#11005,#11006,#11007,#11008,#11009,
#11010,#11011,#11012,#11013,#11014,#11015,#11016,#11017,#11018,#11019,#11020,
#11021,#11022,#11023,#11024,#11025,#11026,#11027,#11028,#11029,#11030,#11031,
#11032,#11033,#11034,#11035,#11036,#11037,#11038,#11039,#11040,#11041,#11042,
#11043,#11044,#11045,#11046,#11047,#11048,#11049,#11050,#11051,#11052,#11053,
#11054,#11055,#11056,#11057,#11058,#11059,#11060,#11061),.UNSPECIFIED.,
 .F.,.F.,(4,3,3,3,3,3,3,3,3,3,3,3,3,3,3,3,3,3,3,3,3,3,3,3,3,3,4),(0.,0.0151296170431087,
0.0309433532947659,0.0438269855507587,0.0499153395553514,0.0529403691668408,
0.0692619563269006,0.0858335709993786,0.0978782810852112,0.101975778576377,
0.105094004600937,0.122172133686566,0.134012411342709,0.150662049926546,
0.155446721661962,0.15849883074591,0.175523121141208,0.192956091576907,
0.203995291303998,0.212544548894718,0.215900796927917,0.232243020044345,
0.244621412369686,0.24884708763806,0.267054802958668,0.28126968939363,0.285142803995192),
 .UNSPECIFIED.);
#836=B_SPLINE_CURVE_WITH_KNOTS('',3,(#11062,#11063,#11064,#11065,#11066,
#11067,#11068,#11069,#11070,#11071,#11072,#11073,#11074,#11075,#11076,#11077,
#11078,#11079,#11080,#11081,#11082,#11083,#11084,#11085,#11086),
 .UNSPECIFIED.,.F.,.F.,(4,3,3,3,3,3,3,3,4),(-10.1357873115492,-9.97729624054658,
-8.97956661649192,-7.98183699243726,-6.98410736838261,-5.98637774432795,
-4.98864812027328,-3.99091849621863,-3.85260200436963),.UNSPECIFIED.);
#837=B_SPLINE_CURVE_WITH_KNOTS('',3,(#11359,#11360,#11361,#11362,#11363,
#11364,#11365,#11366,#11367,#11368,#11369,#11370,#11371,#11372,#11373,#11374,
#11375,#11376,#11377,#11378,#11379,#11380,#11381,#11382,#11383,#11384,#11385,
#11386,#11387,#11388,#11389,#11390,#11391,#11392,#11393,#11394,#11395,#11396,
#11397,#11398,#11399,#11400,#11401,#11402,#11403,#11404,#11405,#11406,#11407,
#11408,#11409,#11410,#11411,#11412,#11413,#11414,#11415,#11416,#11417,#11418,
#11419,#11420,#11421,#11422,#11423,#11424,#11425,#11426,#11427,#11428,#11429,
#11430,#11431,#11432,#11433,#11434,#11435,#11436,#11437),.UNSPECIFIED.,
 .F.,.F.,(4,3,3,3,3,3,3,3,3,3,3,3,3,3,3,3,3,3,3,3,3,3,3,3,3,3,4),(-0.28634738033226,
-0.271033465168683,-0.2598594737722,-0.255833846259329,-0.251913936139514,
-0.235726042964413,-0.22924985091408,-0.224476548281298,-0.221427291350745,
-0.204051150449152,-0.187263839704597,-0.17842856171454,-0.172431880908065,
-0.168802832396328,-0.151922727744372,-0.135322017039162,-0.118892835885749,
-0.115940521006804,-0.0986873889193927,-0.0810294523327094,-0.0632591524670866,
-0.0596713725481561,-0.056904306981022,-0.0386790799980065,-0.0206349228013186,
-0.00388856781186064,0.),.UNSPECIFIED.);
#838=B_SPLINE_CURVE_WITH_KNOTS('',3,(#11438,#11439,#11440,#11441,#11442,
#11443,#11444,#11445,#11446,#11447,#11448,#11449,#11450,#11451,#11452,#11453,
#11454,#11455,#11456,#11457,#11458,#11459),.UNSPECIFIED.,.F.,.F.,(4,3,3,
3,3,3,3,4),(7.59274844815667,7.98183699243727,8.97956661649192,9.97729624054658,
10.9750258646012,11.9727554886559,12.9704851127106,13.8759337553362),
 .UNSPECIFIED.);
#839=B_SPLINE_CURVE_WITH_KNOTS('',3,(#11460,#11461,#11462,#11463,#11464,
#11465,#11466,#11467,#11468,#11469,#11470,#11471,#11472,#11473,#11474,#11475,
#11476,#11477,#11478,#11479,#11480,#11481,#11482,#11483,#11484,#11485,#11486,
#11487,#11488,#11489,#11490,#11491,#11492,#11493,#11494,#11495,#11496,#11497,
#11498,#11499,#11500,#11501,#11502,#11503,#11504,#11505,#11506,#11507,#11508,
#11509,#11510,#11511,#11512,#11513,#11514,#11515,#11516,#11517,#11518,#11519,
#11520,#11521,#11522,#11523,#11524,#11525,#11526,#11527,#11528,#11529,#11530,
#11531,#11532,#11533,#11534,#11535,#11536,#11537,#11538),.UNSPECIFIED.,
 .F.,.F.,(4,3,3,3,3,3,3,3,3,3,3,3,3,3,3,3,3,3,3,3,3,3,3,3,3,3,4),(0.,0.0185446662744549,
0.0367872901633648,0.0507335451673991,0.0582998410732115,0.0610566518155721,
0.0788126403151476,0.0962068360744265,0.10924445960473,0.115851623131241,
0.118955750280358,0.13579305709461,0.148357330195639,0.165204664660871,
0.169987574727951,0.173022697025302,0.189791496463757,0.206553889407133,
0.216705912813184,0.221978065461642,0.226242365760547,0.242338553792034,
0.253620929521181,0.258179208795149,0.273636615926448,0.283136005917495,
0.286347380332261),.UNSPECIFIED.);
#840=LINE('',#4730,#1058);
#841=LINE('',#4751,#1059);
#842=LINE('',#4802,#1060);
#843=LINE('',#4853,#1061);
#844=LINE('',#4901,#1062);
#845=LINE('',#4949,#1063);
#846=LINE('',#5000,#1064);
#847=LINE('',#5051,#1065);
#848=LINE('',#5099,#1066);
#849=LINE('',#5150,#1067);
#850=LINE('',#5189,#1068);
#851=LINE('',#5210,#1069);
#852=LINE('',#5261,#1070);
#853=LINE('',#5312,#1071);
#854=LINE('',#5360,#1072);
#855=LINE('',#5408,#1073);
#856=LINE('',#5459,#1074);
#857=LINE('',#5510,#1075);
#858=LINE('',#5558,#1076);
#859=LINE('',#5609,#1077);
#860=LINE('',#5648,#1078);
#861=LINE('',#5669,#1079);
#862=LINE('',#5720,#1080);
#863=LINE('',#5771,#1081);
#864=LINE('',#5819,#1082);
#865=LINE('',#5867,#1083);
#866=LINE('',#5918,#1084);
#867=LINE('',#5969,#1085);
#868=LINE('',#6017,#1086);
#869=LINE('',#6068,#1087);
#870=LINE('',#6107,#1088);
#871=LINE('',#6131,#1089);
#872=LINE('',#6155,#1090);
#873=LINE('',#6180,#1091);
#874=LINE('',#6204,#1092);
#875=LINE('',#6229,#1093);
#876=LINE('',#6253,#1094);
#877=LINE('',#6278,#1095);
#878=LINE('',#6303,#1096);
#879=LINE('',#6327,#1097);
#880=LINE('',#6344,#1098);
#881=LINE('',#6368,#1099);
#882=LINE('',#6392,#1100);
#883=LINE('',#6417,#1101);
#884=LINE('',#6441,#1102);
#885=LINE('',#6466,#1103);
#886=LINE('',#6490,#1104);
#887=LINE('',#6515,#1105);
#888=LINE('',#6540,#1106);
#889=LINE('',#6564,#1107);
#890=LINE('',#6581,#1108);
#891=LINE('',#6605,#1109);
#892=LINE('',#6629,#1110);
#893=LINE('',#6654,#1111);
#894=LINE('',#6678,#1112);
#895=LINE('',#6703,#1113);
#896=LINE('',#6727,#1114);
#897=LINE('',#6752,#1115);
#898=LINE('',#6777,#1116);
#899=LINE('',#6801,#1117);
#900=LINE('',#6818,#1118);
#901=LINE('',#6839,#1119);
#902=LINE('',#6890,#1120);
#903=LINE('',#6941,#1121);
#904=LINE('',#6989,#1122);
#905=LINE('',#7037,#1123);
#906=LINE('',#7088,#1124);
#907=LINE('',#7139,#1125);
#908=LINE('',#7187,#1126);
#909=LINE('',#7238,#1127);
#910=LINE('',#7277,#1128);
#911=LINE('',#7301,#1129);
#912=LINE('',#7325,#1130);
#913=LINE('',#7350,#1131);
#914=LINE('',#7374,#1132);
#915=LINE('',#7399,#1133);
#916=LINE('',#7423,#1134);
#917=LINE('',#7448,#1135);
#918=LINE('',#7473,#1136);
#919=LINE('',#7497,#1137);
#920=LINE('',#7516,#1138);
#921=LINE('',#7519,#1139);
#922=LINE('',#7526,#1140);
#923=LINE('',#7529,#1141);
#924=LINE('',#7532,#1142);
#925=LINE('',#7533,#1143);
#926=LINE('',#7539,#1144);
#927=LINE('',#7542,#1145);
#928=LINE('',#7548,#1146);
#929=LINE('',#7549,#1147);
#930=LINE('',#7551,#1148);
#931=LINE('',#7557,#1149);
#932=LINE('',#7560,#1150);
#933=LINE('',#7571,#1151);
#934=LINE('',#7572,#1152);
#935=LINE('',#7583,#1153);
#936=LINE('',#7584,#1154);
#937=LINE('',#7595,#1155);
#938=LINE('',#7596,#1156);
#939=LINE('',#7602,#1157);
#940=LINE('',#7605,#1158);
#941=LINE('',#7608,#1159);
#942=LINE('',#7609,#1160);
#943=LINE('',#7612,#1161);
#944=LINE('',#7616,#1162);
#945=LINE('',#7617,#1163);
#946=LINE('',#7621,#1164);
#947=LINE('',#7623,#1165);
#948=LINE('',#7625,#1166);
#949=LINE('',#7626,#1167);
#950=LINE('',#7632,#1168);
#951=LINE('',#7640,#1169);
#952=LINE('',#7651,#1170);
#953=LINE('',#7652,#1171);
#954=LINE('',#7662,#1172);
#955=LINE('',#7663,#1173);
#956=LINE('',#7667,#1174);
#957=LINE('',#7671,#1175);
#958=LINE('',#7673,#1176);
#959=LINE('',#7675,#1177);
#960=LINE('',#7676,#1178);
#961=LINE('',#7678,#1179);
#962=LINE('',#7680,#1180);
#963=LINE('',#7685,#1181);
#964=LINE('',#7689,#1182);
#965=LINE('',#7693,#1183);
#966=LINE('',#7699,#1184);
#967=LINE('',#7706,#1185);
#968=LINE('',#7710,#1186);
#969=LINE('',#7714,#1187);
#970=LINE('',#7724,#1188);
#971=LINE('',#7726,#1189);
#972=LINE('',#7728,#1190);
#973=LINE('',#7730,#1191);
#974=LINE('',#7732,#1192);
#975=LINE('',#7738,#1193);
#976=LINE('',#7741,#1194);
#977=LINE('',#7742,#1195);
#978=LINE('',#7745,#1196);
#979=LINE('',#7749,#1197);
#980=LINE('',#7752,#1198);
#981=LINE('',#7756,#1199);
#982=LINE('',#7759,#1200);
#983=LINE('',#7761,#1201);
#984=LINE('',#7762,#1202);
#985=LINE('',#7781,#1203);
#986=LINE('',#7784,#1204);
#987=LINE('',#7787,#1205);
#988=LINE('',#7791,#1206);
#989=LINE('',#7792,#1207);
#990=LINE('',#7805,#1208);
#991=LINE('',#7809,#1209);
#992=LINE('',#7810,#1210);
#993=LINE('',#7813,#1211);
#994=LINE('',#7814,#1212);
#995=LINE('',#7816,#1213);
#996=LINE('',#7822,#1214);
#997=LINE('',#8754,#1215);
#998=LINE('',#8757,#1216);
#999=LINE('',#11543,#1217);
#1000=LINE('',#11546,#1218);
#1001=LINE('',#11554,#1219);
#1002=LINE('',#11557,#1220);
#1003=LINE('',#11565,#1221);
#1004=LINE('',#11568,#1222);
#1005=LINE('',#11575,#1223);
#1006=LINE('',#11577,#1224);
#1007=LINE('',#11579,#1225);
#1008=LINE('',#11580,#1226);
#1009=LINE('',#11583,#1227);
#1010=LINE('',#11585,#1228);
#1011=LINE('',#11586,#1229);
#1012=LINE('',#11589,#1230);
#1013=LINE('',#11590,#1231);
#1014=LINE('',#11592,#1232);
#1015=LINE('',#11594,#1233);
#1016=LINE('',#11595,#1234);
#1017=LINE('',#11598,#1235);
#1018=LINE('',#11602,#1236);
#1019=LINE('',#11606,#1237);
#1020=LINE('',#11610,#1238);
#1021=LINE('',#11614,#1239);
#1022=LINE('',#11615,#1240);
#1023=LINE('',#11618,#1241);
#1024=LINE('',#11619,#1242);
#1025=LINE('',#11621,#1243);
#1026=LINE('',#11624,#1244);
#1027=LINE('',#11625,#1245);
#1028=LINE('',#11635,#1246);
#1029=LINE('',#11641,#1247);
#1030=LINE('',#11648,#1248);
#1031=LINE('',#11656,#1249);
#1032=LINE('',#11662,#1250);
#1033=LINE('',#11665,#1251);
#1034=LINE('',#11668,#1252);
#1035=LINE('',#11669,#1253);
#1036=LINE('',#11675,#1254);
#1037=LINE('',#11678,#1255);
#1038=LINE('',#11681,#1256);
#1039=LINE('',#11683,#1257);
#1040=LINE('',#11684,#1258);
#1041=LINE('',#11688,#1259);
#1042=LINE('',#11691,#1260);
#1043=LINE('',#11692,#1261);
#1044=LINE('',#11698,#1262);
#1045=LINE('',#11701,#1263);
#1046=LINE('',#11703,#1264);
#1047=LINE('',#11704,#1265);
#1048=LINE('',#11708,#1266);
#1049=LINE('',#11710,#1267);
#1050=LINE('',#11716,#1268);
#1051=LINE('',#11719,#1269);
#1052=LINE('',#11721,#1270);
#1053=LINE('',#11722,#1271);
#1054=LINE('',#11728,#1272);
#1055=LINE('',#11730,#1273);
#1056=LINE('',#11731,#1274);
#1057=LINE('',#11736,#1275);
#1058=VECTOR('',#3880,1.6);
#1059=VECTOR('',#3885,1.6);
#1060=VECTOR('',#3888,1.6);
#1061=VECTOR('',#3891,1.6);
#1062=VECTOR('',#3894,1.6);
#1063=VECTOR('',#3897,1.6);
#1064=VECTOR('',#3900,1.6);
#1065=VECTOR('',#3903,1.6);
#1066=VECTOR('',#3906,1.6);
#1067=VECTOR('',#3909,1.6);
#1068=VECTOR('',#3914,1.6);
#1069=VECTOR('',#3919,1.6);
#1070=VECTOR('',#3922,1.6);
#1071=VECTOR('',#3925,1.6);
#1072=VECTOR('',#3928,1.6);
#1073=VECTOR('',#3931,1.6);
#1074=VECTOR('',#3934,1.6);
#1075=VECTOR('',#3937,1.6);
#1076=VECTOR('',#3940,1.6);
#1077=VECTOR('',#3943,1.6);
#1078=VECTOR('',#3948,1.6);
#1079=VECTOR('',#3953,1.6);
#1080=VECTOR('',#3956,1.6);
#1081=VECTOR('',#3959,1.6);
#1082=VECTOR('',#3962,1.6);
#1083=VECTOR('',#3965,1.6);
#1084=VECTOR('',#3968,1.6);
#1085=VECTOR('',#3971,1.6);
#1086=VECTOR('',#3974,1.6);
#1087=VECTOR('',#3977,1.6);
#1088=VECTOR('',#3982,1.54300000000001);
#1089=VECTOR('',#3987,1.54300000000001);
#1090=VECTOR('',#3990,1.54300000000001);
#1091=VECTOR('',#3993,1.54300000000001);
#1092=VECTOR('',#3996,1.54300000000001);
#1093=VECTOR('',#3999,1.54300000000001);
#1094=VECTOR('',#4002,1.54300000000001);
#1095=VECTOR('',#4005,1.54300000000001);
#1096=VECTOR('',#4008,1.54300000000001);
#1097=VECTOR('',#4011,1.54300000000001);
#1098=VECTOR('',#4016,1.543);
#1099=VECTOR('',#4021,1.543);
#1100=VECTOR('',#4024,1.543);
#1101=VECTOR('',#4027,1.543);
#1102=VECTOR('',#4030,1.543);
#1103=VECTOR('',#4033,1.543);
#1104=VECTOR('',#4036,1.543);
#1105=VECTOR('',#4039,1.543);
#1106=VECTOR('',#4042,1.543);
#1107=VECTOR('',#4045,1.543);
#1108=VECTOR('',#4050,1.543);
#1109=VECTOR('',#4055,1.543);
#1110=VECTOR('',#4058,1.543);
#1111=VECTOR('',#4061,1.543);
#1112=VECTOR('',#4064,1.543);
#1113=VECTOR('',#4067,1.543);
#1114=VECTOR('',#4070,1.543);
#1115=VECTOR('',#4073,1.543);
#1116=VECTOR('',#4076,1.543);
#1117=VECTOR('',#4079,1.543);
#1118=VECTOR('',#4084,1.6);
#1119=VECTOR('',#4089,1.6);
#1120=VECTOR('',#4092,1.6);
#1121=VECTOR('',#4095,1.6);
#1122=VECTOR('',#4098,1.6);
#1123=VECTOR('',#4101,1.6);
#1124=VECTOR('',#4104,1.6);
#1125=VECTOR('',#4107,1.6);
#1126=VECTOR('',#4110,1.6);
#1127=VECTOR('',#4113,1.6);
#1128=VECTOR('',#4118,1.54300000000001);
#1129=VECTOR('',#4123,1.54300000000001);
#1130=VECTOR('',#4126,1.54300000000001);
#1131=VECTOR('',#4129,1.54300000000001);
#1132=VECTOR('',#4132,1.54300000000001);
#1133=VECTOR('',#4135,1.54300000000001);
#1134=VECTOR('',#4138,1.54300000000001);
#1135=VECTOR('',#4141,1.54300000000001);
#1136=VECTOR('',#4144,1.54300000000001);
#1137=VECTOR('',#4147,1.54300000000001);
#1138=VECTOR('',#4154,10.);
#1139=VECTOR('',#4157,10.);
#1140=VECTOR('',#4166,10.);
#1141=VECTOR('',#4169,10.);
#1142=VECTOR('',#4172,10.);
#1143=VECTOR('',#4173,10.);
#1144=VECTOR('',#4178,10.);
#1145=VECTOR('',#4181,10.);
#1146=VECTOR('',#4190,10.);
#1147=VECTOR('',#4191,10.);
#1148=VECTOR('',#4194,10.);
#1149=VECTOR('',#4199,10.);
#1150=VECTOR('',#4202,10.);
#1151=VECTOR('',#4215,10.);
#1152=VECTOR('',#4216,10.);
#1153=VECTOR('',#4229,10.);
#1154=VECTOR('',#4230,10.);
#1155=VECTOR('',#4243,10.);
#1156=VECTOR('',#4244,10.);
#1157=VECTOR('',#4253,10.);
#1158=VECTOR('',#4256,10.);
#1159=VECTOR('',#4259,10.);
#1160=VECTOR('',#4260,10.);
#1161=VECTOR('',#4263,10.);
#1162=VECTOR('',#4268,10.);
#1163=VECTOR('',#4269,10.);
#1164=VECTOR('',#4272,10.);
#1165=VECTOR('',#4273,10.);
#1166=VECTOR('',#4274,10.);
#1167=VECTOR('',#4275,10.);
#1168=VECTOR('',#4282,10.);
#1169=VECTOR('',#4293,10.);
#1170=VECTOR('',#4306,10.);
#1171=VECTOR('',#4307,10.);
#1172=VECTOR('',#4320,10.);
#1173=VECTOR('',#4321,10.);
#1174=VECTOR('',#4328,10.);
#1175=VECTOR('',#4331,10.);
#1176=VECTOR('',#4332,10.);
#1177=VECTOR('',#4333,10.);
#1178=VECTOR('',#4334,10.);
#1179=VECTOR('',#4337,10.);
#1180=VECTOR('',#4340,10.);
#1181=VECTOR('',#4345,10.);
#1182=VECTOR('',#4348,10.);
#1183=VECTOR('',#4351,10.);
#1184=VECTOR('',#4358,10.);
#1185=VECTOR('',#4365,10.);
#1186=VECTOR('',#4368,10.);
#1187=VECTOR('',#4373,10.);
#1188=VECTOR('',#4382,10.);
#1189=VECTOR('',#4383,10.);
#1190=VECTOR('',#4384,2.);
#1191=VECTOR('',#4385,10.);
#1192=VECTOR('',#4386,10.);
#1193=VECTOR('',#4393,10.);
#1194=VECTOR('',#4396,10.);
#1195=VECTOR('',#4397,10.);
#1196=VECTOR('',#4400,10.);
#1197=VECTOR('',#4403,10.);
#1198=VECTOR('',#4406,10.);
#1199=VECTOR('',#4411,10.);
#1200=VECTOR('',#4414,10.);
#1201=VECTOR('',#4415,10.);
#1202=VECTOR('',#4416,10.);
#1203=VECTOR('',#4429,10.);
#1204=VECTOR('',#4432,10.);
#1205=VECTOR('',#4435,10.);
#1206=VECTOR('',#4440,10.);
#1207=VECTOR('',#4441,10.);
#1208=VECTOR('',#4448,10.);
#1209=VECTOR('',#4453,10.);
#1210=VECTOR('',#4454,10.);
#1211=VECTOR('',#4457,10.);
#1212=VECTOR('',#4458,10.);
#1213=VECTOR('',#4461,10.);
#1214=VECTOR('',#4472,10.);
#1215=VECTOR('',#4481,2.49999999999999);
#1216=VECTOR('',#4486,2.99999999999999);
#1217=VECTOR('',#4503,2.49999999999999);
#1218=VECTOR('',#4508,2.99999999999999);
#1219=VECTOR('',#4519,2.5);
#1220=VECTOR('',#4524,3.);
#1221=VECTOR('',#4535,2.5);
#1222=VECTOR('',#4540,3.);
#1223=VECTOR('',#4549,10.);
#1224=VECTOR('',#4550,10.);
#1225=VECTOR('',#4551,10.);
#1226=VECTOR('',#4552,10.);
#1227=VECTOR('',#4555,10.);
#1228=VECTOR('',#4556,10.);
#1229=VECTOR('',#4557,10.);
#1230=VECTOR('',#4560,10.);
#1231=VECTOR('',#4561,10.);
#1232=VECTOR('',#4562,10.);
#1233=VECTOR('',#4563,10.);
#1234=VECTOR('',#4564,10.);
#1235=VECTOR('',#4565,10.);
#1236=VECTOR('',#4568,10.);
#1237=VECTOR('',#4571,10.);
#1238=VECTOR('',#4574,10.);
#1239=VECTOR('',#4579,10.);
#1240=VECTOR('',#4580,10.);
#1241=VECTOR('',#4583,10.);
#1242=VECTOR('',#4584,10.);
#1243=VECTOR('',#4587,10.);
#1244=VECTOR('',#4590,10.);
#1245=VECTOR('',#4591,10.);
#1246=VECTOR('',#4604,10.);
#1247=VECTOR('',#4613,10.);
#1248=VECTOR('',#4622,10.);
#1249=VECTOR('',#4633,10.);
#1250=VECTOR('',#4642,10.);
#1251=VECTOR('',#4645,10.);
#1252=VECTOR('',#4648,10.);
#1253=VECTOR('',#4649,10.);
#1254=VECTOR('',#4654,10.);
#1255=VECTOR('',#4657,10.);
#1256=VECTOR('',#4660,10.);
#1257=VECTOR('',#4661,10.);
#1258=VECTOR('',#4662,10.);
#1259=VECTOR('',#4667,10.);
#1260=VECTOR('',#4670,10.);
#1261=VECTOR('',#4671,10.);
#1262=VECTOR('',#4678,10.);
#1263=VECTOR('',#4681,10.);
#1264=VECTOR('',#4682,10.);
#1265=VECTOR('',#4683,10.);
#1266=VECTOR('',#4688,10.);
#1267=VECTOR('',#4691,10.);
#1268=VECTOR('',#4696,10.);
#1269=VECTOR('',#4699,10.);
#1270=VECTOR('',#4702,10.);
#1271=VECTOR('',#4703,10.);
#1272=VECTOR('',#4710,10.);
#1273=VECTOR('',#4713,10.);
#1274=VECTOR('',#4714,10.);
#1275=VECTOR('',#4723,10.);
#1276=VERTEX_POINT('',#4728);
#1277=VERTEX_POINT('',#4729);
#1278=VERTEX_POINT('',#4731);
#1279=VERTEX_POINT('',#4736);
#1280=VERTEX_POINT('',#4749);
#1281=VERTEX_POINT('',#4750);
#1282=VERTEX_POINT('',#4800);
#1283=VERTEX_POINT('',#4801);
#1284=VERTEX_POINT('',#4851);
#1285=VERTEX_POINT('',#4852);
#1286=VERTEX_POINT('',#4899);
#1287=VERTEX_POINT('',#4900);
#1288=VERTEX_POINT('',#4947);
#1289=VERTEX_POINT('',#4948);
#1290=VERTEX_POINT('',#4998);
#1291=VERTEX_POINT('',#4999);
#1292=VERTEX_POINT('',#5049);
#1293=VERTEX_POINT('',#5050);
#1294=VERTEX_POINT('',#5097);
#1295=VERTEX_POINT('',#5098);
#1296=VERTEX_POINT('',#5148);
#1297=VERTEX_POINT('',#5149);
#1298=VERTEX_POINT('',#5151);
#1299=VERTEX_POINT('',#5165);
#1300=VERTEX_POINT('',#5187);
#1301=VERTEX_POINT('',#5188);
#1302=VERTEX_POINT('',#5190);
#1303=VERTEX_POINT('',#5195);
#1304=VERTEX_POINT('',#5208);
#1305=VERTEX_POINT('',#5209);
#1306=VERTEX_POINT('',#5259);
#1307=VERTEX_POINT('',#5260);
#1308=VERTEX_POINT('',#5310);
#1309=VERTEX_POINT('',#5311);
#1310=VERTEX_POINT('',#5358);
#1311=VERTEX_POINT('',#5359);
#1312=VERTEX_POINT('',#5406);
#1313=VERTEX_POINT('',#5407);
#1314=VERTEX_POINT('',#5457);
#1315=VERTEX_POINT('',#5458);
#1316=VERTEX_POINT('',#5508);
#1317=VERTEX_POINT('',#5509);
#1318=VERTEX_POINT('',#5556);
#1319=VERTEX_POINT('',#5557);
#1320=VERTEX_POINT('',#5607);
#1321=VERTEX_POINT('',#5608);
#1322=VERTEX_POINT('',#5610);
#1323=VERTEX_POINT('',#5624);
#1324=VERTEX_POINT('',#5646);
#1325=VERTEX_POINT('',#5647);
#1326=VERTEX_POINT('',#5649);
#1327=VERTEX_POINT('',#5654);
#1328=VERTEX_POINT('',#5667);
#1329=VERTEX_POINT('',#5668);
#1330=VERTEX_POINT('',#5718);
#1331=VERTEX_POINT('',#5719);
#1332=VERTEX_POINT('',#5769);
#1333=VERTEX_POINT('',#5770);
#1334=VERTEX_POINT('',#5817);
#1335=VERTEX_POINT('',#5818);
#1336=VERTEX_POINT('',#5865);
#1337=VERTEX_POINT('',#5866);
#1338=VERTEX_POINT('',#5916);
#1339=VERTEX_POINT('',#5917);
#1340=VERTEX_POINT('',#5967);
#1341=VERTEX_POINT('',#5968);
#1342=VERTEX_POINT('',#6015);
#1343=VERTEX_POINT('',#6016);
#1344=VERTEX_POINT('',#6066);
#1345=VERTEX_POINT('',#6067);
#1346=VERTEX_POINT('',#6069);
#1347=VERTEX_POINT('',#6083);
#1348=VERTEX_POINT('',#6105);
#1349=VERTEX_POINT('',#6106);
#1350=VERTEX_POINT('',#6108);
#1351=VERTEX_POINT('',#6117);
#1352=VERTEX_POINT('',#6129);
#1353=VERTEX_POINT('',#6130);
#1354=VERTEX_POINT('',#6153);
#1355=VERTEX_POINT('',#6154);
#1356=VERTEX_POINT('',#6178);
#1357=VERTEX_POINT('',#6179);
#1358=VERTEX_POINT('',#6202);
#1359=VERTEX_POINT('',#6203);
#1360=VERTEX_POINT('',#6227);
#1361=VERTEX_POINT('',#6228);
#1362=VERTEX_POINT('',#6251);
#1363=VERTEX_POINT('',#6252);
#1364=VERTEX_POINT('',#6276);
#1365=VERTEX_POINT('',#6277);
#1366=VERTEX_POINT('',#6301);
#1367=VERTEX_POINT('',#6302);
#1368=VERTEX_POINT('',#6325);
#1369=VERTEX_POINT('',#6326);
#1370=VERTEX_POINT('',#6328);
#1371=VERTEX_POINT('',#6334);
#1372=VERTEX_POINT('',#6342);
#1373=VERTEX_POINT('',#6343);
#1374=VERTEX_POINT('',#6345);
#1375=VERTEX_POINT('',#6354);
#1376=VERTEX_POINT('',#6366);
#1377=VERTEX_POINT('',#6367);
#1378=VERTEX_POINT('',#6390);
#1379=VERTEX_POINT('',#6391);
#1380=VERTEX_POINT('',#6415);
#1381=VERTEX_POINT('',#6416);
#1382=VERTEX_POINT('',#6439);
#1383=VERTEX_POINT('',#6440);
#1384=VERTEX_POINT('',#6464);
#1385=VERTEX_POINT('',#6465);
#1386=VERTEX_POINT('',#6488);
#1387=VERTEX_POINT('',#6489);
#1388=VERTEX_POINT('',#6513);
#1389=VERTEX_POINT('',#6514);
#1390=VERTEX_POINT('',#6538);
#1391=VERTEX_POINT('',#6539);
#1392=VERTEX_POINT('',#6562);
#1393=VERTEX_POINT('',#6563);
#1394=VERTEX_POINT('',#6565);
#1395=VERTEX_POINT('',#6571);
#1396=VERTEX_POINT('',#6579);
#1397=VERTEX_POINT('',#6580);
#1398=VERTEX_POINT('',#6582);
#1399=VERTEX_POINT('',#6591);
#1400=VERTEX_POINT('',#6603);
#1401=VERTEX_POINT('',#6604);
#1402=VERTEX_POINT('',#6627);
#1403=VERTEX_POINT('',#6628);
#1404=VERTEX_POINT('',#6652);
#1405=VERTEX_POINT('',#6653);
#1406=VERTEX_POINT('',#6676);
#1407=VERTEX_POINT('',#6677);
#1408=VERTEX_POINT('',#6701);
#1409=VERTEX_POINT('',#6702);
#1410=VERTEX_POINT('',#6725);
#1411=VERTEX_POINT('',#6726);
#1412=VERTEX_POINT('',#6750);
#1413=VERTEX_POINT('',#6751);
#1414=VERTEX_POINT('',#6775);
#1415=VERTEX_POINT('',#6776);
#1416=VERTEX_POINT('',#6799);
#1417=VERTEX_POINT('',#6800);
#1418=VERTEX_POINT('',#6802);
#1419=VERTEX_POINT('',#6808);
#1420=VERTEX_POINT('',#6816);
#1421=VERTEX_POINT('',#6817);
#1422=VERTEX_POINT('',#6819);
#1423=VERTEX_POINT('',#6824);
#1424=VERTEX_POINT('',#6837);
#1425=VERTEX_POINT('',#6838);
#1426=VERTEX_POINT('',#6888);
#1427=VERTEX_POINT('',#6889);
#1428=VERTEX_POINT('',#6939);
#1429=VERTEX_POINT('',#6940);
#1430=VERTEX_POINT('',#6987);
#1431=VERTEX_POINT('',#6988);
#1432=VERTEX_POINT('',#7035);
#1433=VERTEX_POINT('',#7036);
#1434=VERTEX_POINT('',#7086);
#1435=VERTEX_POINT('',#7087);
#1436=VERTEX_POINT('',#7137);
#1437=VERTEX_POINT('',#7138);
#1438=VERTEX_POINT('',#7185);
#1439=VERTEX_POINT('',#7186);
#1440=VERTEX_POINT('',#7236);
#1441=VERTEX_POINT('',#7237);
#1442=VERTEX_POINT('',#7239);
#1443=VERTEX_POINT('',#7253);
#1444=VERTEX_POINT('',#7275);
#1445=VERTEX_POINT('',#7276);
#1446=VERTEX_POINT('',#7278);
#1447=VERTEX_POINT('',#7287);
#1448=VERTEX_POINT('',#7299);
#1449=VERTEX_POINT('',#7300);
#1450=VERTEX_POINT('',#7323);
#1451=VERTEX_POINT('',#7324);
#1452=VERTEX_POINT('',#7348);
#1453=VERTEX_POINT('',#7349);
#1454=VERTEX_POINT('',#7372);
#1455=VERTEX_POINT('',#7373);
#1456=VERTEX_POINT('',#7397);
#1457=VERTEX_POINT('',#7398);
#1458=VERTEX_POINT('',#7421);
#1459=VERTEX_POINT('',#7422);
#1460=VERTEX_POINT('',#7446);
#1461=VERTEX_POINT('',#7447);
#1462=VERTEX_POINT('',#7471);
#1463=VERTEX_POINT('',#7472);
#1464=VERTEX_POINT('',#7495);
#1465=VERTEX_POINT('',#7496);
#1466=VERTEX_POINT('',#7498);
#1467=VERTEX_POINT('',#7504);
#1468=VERTEX_POINT('',#7512);
#1469=VERTEX_POINT('',#7513);
#1470=VERTEX_POINT('',#7515);
#1471=VERTEX_POINT('',#7517);
#1472=VERTEX_POINT('',#7521);
#1473=VERTEX_POINT('',#7525);
#1474=VERTEX_POINT('',#7527);
#1475=VERTEX_POINT('',#7531);
#1476=VERTEX_POINT('',#7535);
#1477=VERTEX_POINT('',#7536);
#1478=VERTEX_POINT('',#7538);
#1479=VERTEX_POINT('',#7540);
#1480=VERTEX_POINT('',#7544);
#1481=VERTEX_POINT('',#7553);
#1482=VERTEX_POINT('',#7554);
#1483=VERTEX_POINT('',#7556);
#1484=VERTEX_POINT('',#7558);
#1485=VERTEX_POINT('',#7562);
#1486=VERTEX_POINT('',#7563);
#1487=VERTEX_POINT('',#7568);
#1488=VERTEX_POINT('',#7569);
#1489=VERTEX_POINT('',#7574);
#1490=VERTEX_POINT('',#7575);
#1491=VERTEX_POINT('',#7580);
#1492=VERTEX_POINT('',#7581);
#1493=VERTEX_POINT('',#7586);
#1494=VERTEX_POINT('',#7587);
#1495=VERTEX_POINT('',#7592);
#1496=VERTEX_POINT('',#7593);
#1497=VERTEX_POINT('',#7601);
#1498=VERTEX_POINT('',#7603);
#1499=VERTEX_POINT('',#7607);
#1500=VERTEX_POINT('',#7611);
#1501=VERTEX_POINT('',#7615);
#1502=VERTEX_POINT('',#7619);
#1503=VERTEX_POINT('',#7620);
#1504=VERTEX_POINT('',#7622);
#1505=VERTEX_POINT('',#7624);
#1506=VERTEX_POINT('',#7628);
#1507=VERTEX_POINT('',#7630);
#1508=VERTEX_POINT('',#7634);
#1509=VERTEX_POINT('',#7638);
#1510=VERTEX_POINT('',#7642);
#1511=VERTEX_POINT('',#7643);
#1512=VERTEX_POINT('',#7648);
#1513=VERTEX_POINT('',#7649);
#1514=VERTEX_POINT('',#7654);
#1515=VERTEX_POINT('',#7655);
#1516=VERTEX_POINT('',#7660);
#1517=VERTEX_POINT('',#7669);
#1518=VERTEX_POINT('',#7670);
#1519=VERTEX_POINT('',#7672);
#1520=VERTEX_POINT('',#7674);
#1521=VERTEX_POINT('',#7683);
#1522=VERTEX_POINT('',#7684);
#1523=VERTEX_POINT('',#7686);
#1524=VERTEX_POINT('',#7688);
#1525=VERTEX_POINT('',#7690);
#1526=VERTEX_POINT('',#7692);
#1527=VERTEX_POINT('',#7696);
#1528=VERTEX_POINT('',#7698);
#1529=VERTEX_POINT('',#7702);
#1530=VERTEX_POINT('',#7703);
#1531=VERTEX_POINT('',#7705);
#1532=VERTEX_POINT('',#7707);
#1533=VERTEX_POINT('',#7709);
#1534=VERTEX_POINT('',#7712);
#1535=VERTEX_POINT('',#7715);
#1536=VERTEX_POINT('',#7717);
#1537=VERTEX_POINT('',#7719);
#1538=VERTEX_POINT('',#7721);
#1539=VERTEX_POINT('',#7723);
#1540=VERTEX_POINT('',#7725);
#1541=VERTEX_POINT('',#7727);
#1542=VERTEX_POINT('',#7729);
#1543=VERTEX_POINT('',#7731);
#1544=VERTEX_POINT('',#7733);
#1545=VERTEX_POINT('',#7735);
#1546=VERTEX_POINT('',#7740);
#1547=VERTEX_POINT('',#7744);
#1548=VERTEX_POINT('',#7746);
#1549=VERTEX_POINT('',#7748);
#1550=VERTEX_POINT('',#7750);
#1551=VERTEX_POINT('',#7754);
#1552=VERTEX_POINT('',#7758);
#1553=VERTEX_POINT('',#7760);
#1554=VERTEX_POINT('',#7772);
#1555=VERTEX_POINT('',#7773);
#1556=VERTEX_POINT('',#7780);
#1557=VERTEX_POINT('',#7782);
#1558=VERTEX_POINT('',#7786);
#1559=VERTEX_POINT('',#7790);
#1560=VERTEX_POINT('',#7808);
#1561=VERTEX_POINT('',#7812);
#1562=VERTEX_POINT('',#8751);
#1563=VERTEX_POINT('',#8753);
#1564=VERTEX_POINT('',#11540);
#1565=VERTEX_POINT('',#11542);
#1566=VERTEX_POINT('',#11551);
#1567=VERTEX_POINT('',#11553);
#1568=VERTEX_POINT('',#11562);
#1569=VERTEX_POINT('',#11564);
#1570=VERTEX_POINT('',#11573);
#1571=VERTEX_POINT('',#11574);
#1572=VERTEX_POINT('',#11576);
#1573=VERTEX_POINT('',#11578);
#1574=VERTEX_POINT('',#11582);
#1575=VERTEX_POINT('',#11584);
#1576=VERTEX_POINT('',#11588);
#1577=VERTEX_POINT('',#11591);
#1578=VERTEX_POINT('',#11593);
#1579=VERTEX_POINT('',#11596);
#1580=VERTEX_POINT('',#11597);
#1581=VERTEX_POINT('',#11599);
#1582=VERTEX_POINT('',#11601);
#1583=VERTEX_POINT('',#11604);
#1584=VERTEX_POINT('',#11605);
#1585=VERTEX_POINT('',#11607);
#1586=VERTEX_POINT('',#11609);
#1587=VERTEX_POINT('',#11613);
#1588=VERTEX_POINT('',#11617);
#1589=VERTEX_POINT('',#11623);
#1590=VERTEX_POINT('',#11627);
#1591=VERTEX_POINT('',#11629);
#1592=VERTEX_POINT('',#11633);
#1593=VERTEX_POINT('',#11637);
#1594=VERTEX_POINT('',#11644);
#1595=VERTEX_POINT('',#11646);
#1596=VERTEX_POINT('',#11650);
#1597=VERTEX_POINT('',#11654);
#1598=VERTEX_POINT('',#11661);
#1599=VERTEX_POINT('',#11663);
#1600=VERTEX_POINT('',#11667);
#1601=VERTEX_POINT('',#11671);
#1602=VERTEX_POINT('',#11672);
#1603=VERTEX_POINT('',#11674);
#1604=VERTEX_POINT('',#11676);
#1605=VERTEX_POINT('',#11680);
#1606=VERTEX_POINT('',#11682);
#1607=VERTEX_POINT('',#11686);
#1608=VERTEX_POINT('',#11690);
#1609=VERTEX_POINT('',#11694);
#1610=VERTEX_POINT('',#11696);
#1611=VERTEX_POINT('',#11700);
#1612=VERTEX_POINT('',#11702);
#1613=VERTEX_POINT('',#11706);
#1614=VERTEX_POINT('',#11712);
#1615=VERTEX_POINT('',#11713);
#1616=VERTEX_POINT('',#11715);
#1617=VERTEX_POINT('',#11717);
#1618=VERTEX_POINT('',#11724);
#1619=VERTEX_POINT('',#11726);
#1620=EDGE_CURVE('',#1276,#1277,#840,.T.);
#1621=EDGE_CURVE('',#1277,#1278,#648,.T.);
#1622=EDGE_CURVE('',#1278,#1279,#526,.T.);
#1623=EDGE_CURVE('',#1279,#1276,#649,.T.);
#1624=EDGE_CURVE('',#1280,#1281,#841,.T.);
#1625=EDGE_CURVE('',#1281,#1277,#650,.T.);
#1626=EDGE_CURVE('',#1276,#1280,#651,.T.);
#1627=EDGE_CURVE('',#1282,#1283,#842,.T.);
#1628=EDGE_CURVE('',#1283,#1281,#652,.T.);
#1629=EDGE_CURVE('',#1280,#1282,#653,.T.);
#1630=EDGE_CURVE('',#1284,#1285,#843,.T.);
#1631=EDGE_CURVE('',#1285,#1283,#654,.T.);
#1632=EDGE_CURVE('',#1282,#1284,#655,.T.);
#1633=EDGE_CURVE('',#1286,#1287,#844,.T.);
#1634=EDGE_CURVE('',#1287,#1285,#656,.T.);
#1635=EDGE_CURVE('',#1284,#1286,#657,.T.);
#1636=EDGE_CURVE('',#1288,#1289,#845,.T.);
#1637=EDGE_CURVE('',#1289,#1287,#658,.T.);
#1638=EDGE_CURVE('',#1286,#1288,#659,.T.);
#1639=EDGE_CURVE('',#1290,#1291,#846,.T.);
#1640=EDGE_CURVE('',#1291,#1289,#660,.T.);
#1641=EDGE_CURVE('',#1288,#1290,#661,.T.);
#1642=EDGE_CURVE('',#1292,#1293,#847,.T.);
#1643=EDGE_CURVE('',#1293,#1291,#662,.T.);
#1644=EDGE_CURVE('',#1290,#1292,#663,.T.);
#1645=EDGE_CURVE('',#1294,#1295,#848,.T.);
#1646=EDGE_CURVE('',#1295,#1293,#664,.T.);
#1647=EDGE_CURVE('',#1292,#1294,#665,.T.);
#1648=EDGE_CURVE('',#1296,#1297,#849,.T.);
#1649=EDGE_CURVE('',#1296,#1298,#666,.T.);
#1650=EDGE_CURVE('',#1299,#1298,#527,.T.);
#1651=EDGE_CURVE('',#1299,#1297,#667,.T.);
#1652=EDGE_CURVE('',#1300,#1301,#850,.T.);
#1653=EDGE_CURVE('',#1301,#1302,#668,.T.);
#1654=EDGE_CURVE('',#1302,#1303,#528,.T.);
#1655=EDGE_CURVE('',#1303,#1300,#669,.T.);
#1656=EDGE_CURVE('',#1304,#1305,#851,.T.);
#1657=EDGE_CURVE('',#1305,#1301,#670,.T.);
#1658=EDGE_CURVE('',#1300,#1304,#671,.T.);
#1659=EDGE_CURVE('',#1306,#1307,#852,.T.);
#1660=EDGE_CURVE('',#1307,#1305,#672,.T.);
#1661=EDGE_CURVE('',#1304,#1306,#673,.T.);
#1662=EDGE_CURVE('',#1308,#1309,#853,.T.);
#1663=EDGE_CURVE('',#1309,#1307,#674,.T.);
#1664=EDGE_CURVE('',#1306,#1308,#675,.T.);
#1665=EDGE_CURVE('',#1310,#1311,#854,.T.);
#1666=EDGE_CURVE('',#1311,#1309,#676,.T.);
#1667=EDGE_CURVE('',#1308,#1310,#677,.T.);
#1668=EDGE_CURVE('',#1312,#1313,#855,.T.);
#1669=EDGE_CURVE('',#1313,#1311,#678,.T.);
#1670=EDGE_CURVE('',#1310,#1312,#679,.T.);
#1671=EDGE_CURVE('',#1314,#1315,#856,.T.);
#1672=EDGE_CURVE('',#1315,#1313,#680,.T.);
#1673=EDGE_CURVE('',#1312,#1314,#681,.T.);
#1674=EDGE_CURVE('',#1316,#1317,#857,.T.);
#1675=EDGE_CURVE('',#1317,#1315,#682,.T.);
#1676=EDGE_CURVE('',#1314,#1316,#683,.T.);
#1677=EDGE_CURVE('',#1318,#1319,#858,.T.);
#1678=EDGE_CURVE('',#1319,#1317,#684,.T.);
#1679=EDGE_CURVE('',#1316,#1318,#685,.T.);
#1680=EDGE_CURVE('',#1320,#1321,#859,.T.);
#1681=EDGE_CURVE('',#1320,#1322,#686,.T.);
#1682=EDGE_CURVE('',#1323,#1322,#529,.T.);
#1683=EDGE_CURVE('',#1323,#1321,#687,.T.);
#1684=EDGE_CURVE('',#1324,#1325,#860,.T.);
#1685=EDGE_CURVE('',#1325,#1326,#688,.T.);
#1686=EDGE_CURVE('',#1326,#1327,#530,.T.);
#1687=EDGE_CURVE('',#1327,#1324,#689,.T.);
#1688=EDGE_CURVE('',#1328,#1329,#861,.T.);
#1689=EDGE_CURVE('',#1329,#1325,#690,.T.);
#1690=EDGE_CURVE('',#1324,#1328,#691,.T.);
#1691=EDGE_CURVE('',#1330,#1331,#862,.T.);
#1692=EDGE_CURVE('',#1331,#1329,#692,.T.);
#1693=EDGE_CURVE('',#1328,#1330,#693,.T.);
#1694=EDGE_CURVE('',#1332,#1333,#863,.T.);
#1695=EDGE_CURVE('',#1333,#1331,#694,.T.);
#1696=EDGE_CURVE('',#1330,#1332,#695,.T.);
#1697=EDGE_CURVE('',#1334,#1335,#864,.T.);
#1698=EDGE_CURVE('',#1335,#1333,#696,.T.);
#1699=EDGE_CURVE('',#1332,#1334,#697,.T.);
#1700=EDGE_CURVE('',#1336,#1337,#865,.T.);
#1701=EDGE_CURVE('',#1337,#1335,#698,.T.);
#1702=EDGE_CURVE('',#1334,#1336,#699,.T.);
#1703=EDGE_CURVE('',#1338,#1339,#866,.T.);
#1704=EDGE_CURVE('',#1339,#1337,#700,.T.);
#1705=EDGE_CURVE('',#1336,#1338,#701,.T.);
#1706=EDGE_CURVE('',#1340,#1341,#867,.T.);
#1707=EDGE_CURVE('',#1341,#1339,#702,.T.);
#1708=EDGE_CURVE('',#1338,#1340,#703,.T.);
#1709=EDGE_CURVE('',#1342,#1343,#868,.T.);
#1710=EDGE_CURVE('',#1343,#1341,#704,.T.);
#1711=EDGE_CURVE('',#1340,#1342,#705,.T.);
#1712=EDGE_CURVE('',#1344,#1345,#869,.T.);
#1713=EDGE_CURVE('',#1344,#1346,#706,.T.);
#1714=EDGE_CURVE('',#1347,#1346,#531,.T.);
#1715=EDGE_CURVE('',#1347,#1345,#707,.T.);
#1716=EDGE_CURVE('',#1348,#1349,#870,.T.);
#1717=EDGE_CURVE('',#1349,#1350,#708,.T.);
#1718=EDGE_CURVE('',#1351,#1350,#532,.T.);
#1719=EDGE_CURVE('',#1348,#1351,#709,.T.);
#1720=EDGE_CURVE('',#1352,#1353,#871,.T.);
#1721=EDGE_CURVE('',#1353,#1349,#710,.T.);
#1722=EDGE_CURVE('',#1352,#1348,#711,.T.);
#1723=EDGE_CURVE('',#1354,#1355,#872,.T.);
#1724=EDGE_CURVE('',#1355,#1353,#712,.T.);
#1725=EDGE_CURVE('',#1354,#1352,#713,.T.);
#1726=EDGE_CURVE('',#1356,#1357,#873,.T.);
#1727=EDGE_CURVE('',#1357,#1355,#714,.T.);
#1728=EDGE_CURVE('',#1356,#1354,#715,.T.);
#1729=EDGE_CURVE('',#1358,#1359,#874,.T.);
#1730=EDGE_CURVE('',#1359,#1357,#716,.T.);
#1731=EDGE_CURVE('',#1358,#1356,#717,.T.);
#1732=EDGE_CURVE('',#1360,#1361,#875,.T.);
#1733=EDGE_CURVE('',#1361,#1359,#718,.T.);
#1734=EDGE_CURVE('',#1360,#1358,#719,.T.);
#1735=EDGE_CURVE('',#1362,#1363,#876,.T.);
#1736=EDGE_CURVE('',#1363,#1361,#720,.T.);
#1737=EDGE_CURVE('',#1362,#1360,#721,.T.);
#1738=EDGE_CURVE('',#1364,#1365,#877,.T.);
#1739=EDGE_CURVE('',#1365,#1363,#722,.T.);
#1740=EDGE_CURVE('',#1364,#1362,#723,.T.);
#1741=EDGE_CURVE('',#1366,#1367,#878,.T.);
#1742=EDGE_CURVE('',#1367,#1365,#724,.T.);
#1743=EDGE_CURVE('',#1366,#1364,#725,.T.);
#1744=EDGE_CURVE('',#1368,#1369,#879,.T.);
#1745=EDGE_CURVE('',#1370,#1368,#726,.T.);
#1746=EDGE_CURVE('',#1371,#1370,#533,.T.);
#1747=EDGE_CURVE('',#1371,#1369,#727,.T.);
#1748=EDGE_CURVE('',#1372,#1373,#880,.T.);
#1749=EDGE_CURVE('',#1373,#1374,#728,.T.);
#1750=EDGE_CURVE('',#1375,#1374,#534,.T.);
#1751=EDGE_CURVE('',#1372,#1375,#729,.T.);
#1752=EDGE_CURVE('',#1376,#1377,#881,.T.);
#1753=EDGE_CURVE('',#1377,#1373,#730,.T.);
#1754=EDGE_CURVE('',#1376,#1372,#731,.T.);
#1755=EDGE_CURVE('',#1378,#1379,#882,.T.);
#1756=EDGE_CURVE('',#1379,#1377,#732,.T.);
#1757=EDGE_CURVE('',#1378,#1376,#733,.T.);
#1758=EDGE_CURVE('',#1380,#1381,#883,.T.);
#1759=EDGE_CURVE('',#1381,#1379,#734,.T.);
#1760=EDGE_CURVE('',#1380,#1378,#735,.T.);
#1761=EDGE_CURVE('',#1382,#1383,#884,.T.);
#1762=EDGE_CURVE('',#1383,#1381,#736,.T.);
#1763=EDGE_CURVE('',#1382,#1380,#737,.T.);
#1764=EDGE_CURVE('',#1384,#1385,#885,.T.);
#1765=EDGE_CURVE('',#1385,#1383,#738,.T.);
#1766=EDGE_CURVE('',#1384,#1382,#739,.T.);
#1767=EDGE_CURVE('',#1386,#1387,#886,.T.);
#1768=EDGE_CURVE('',#1387,#1385,#740,.T.);
#1769=EDGE_CURVE('',#1386,#1384,#741,.T.);
#1770=EDGE_CURVE('',#1388,#1389,#887,.T.);
#1771=EDGE_CURVE('',#1389,#1387,#742,.T.);
#1772=EDGE_CURVE('',#1388,#1386,#743,.T.);
#1773=EDGE_CURVE('',#1390,#1391,#888,.T.);
#1774=EDGE_CURVE('',#1391,#1389,#744,.T.);
#1775=EDGE_CURVE('',#1390,#1388,#745,.T.);
#1776=EDGE_CURVE('',#1392,#1393,#889,.T.);
#1777=EDGE_CURVE('',#1394,#1392,#746,.T.);
#1778=EDGE_CURVE('',#1395,#1394,#535,.T.);
#1779=EDGE_CURVE('',#1395,#1393,#747,.T.);
#1780=EDGE_CURVE('',#1396,#1397,#890,.T.);
#1781=EDGE_CURVE('',#1397,#1398,#748,.T.);
#1782=EDGE_CURVE('',#1399,#1398,#536,.T.);
#1783=EDGE_CURVE('',#1396,#1399,#749,.T.);
#1784=EDGE_CURVE('',#1400,#1401,#891,.T.);
#1785=EDGE_CURVE('',#1401,#1397,#750,.T.);
#1786=EDGE_CURVE('',#1400,#1396,#751,.T.);
#1787=EDGE_CURVE('',#1402,#1403,#892,.T.);
#1788=EDGE_CURVE('',#1403,#1401,#752,.T.);
#1789=EDGE_CURVE('',#1402,#1400,#753,.T.);
#1790=EDGE_CURVE('',#1404,#1405,#893,.T.);
#1791=EDGE_CURVE('',#1405,#1403,#754,.T.);
#1792=EDGE_CURVE('',#1404,#1402,#755,.T.);
#1793=EDGE_CURVE('',#1406,#1407,#894,.T.);
#1794=EDGE_CURVE('',#1407,#1405,#756,.T.);
#1795=EDGE_CURVE('',#1406,#1404,#757,.T.);
#1796=EDGE_CURVE('',#1408,#1409,#895,.T.);
#1797=EDGE_CURVE('',#1409,#1407,#758,.T.);
#1798=EDGE_CURVE('',#1408,#1406,#759,.T.);
#1799=EDGE_CURVE('',#1410,#1411,#896,.T.);
#1800=EDGE_CURVE('',#1411,#1409,#760,.T.);
#1801=EDGE_CURVE('',#1410,#1408,#761,.T.);
#1802=EDGE_CURVE('',#1412,#1413,#897,.T.);
#1803=EDGE_CURVE('',#1413,#1411,#762,.T.);
#1804=EDGE_CURVE('',#1412,#1410,#763,.T.);
#1805=EDGE_CURVE('',#1414,#1415,#898,.T.);
#1806=EDGE_CURVE('',#1415,#1413,#764,.T.);
#1807=EDGE_CURVE('',#1414,#1412,#765,.T.);
#1808=EDGE_CURVE('',#1416,#1417,#899,.T.);
#1809=EDGE_CURVE('',#1418,#1416,#766,.T.);
#1810=EDGE_CURVE('',#1419,#1418,#537,.T.);
#1811=EDGE_CURVE('',#1419,#1417,#767,.T.);
#1812=EDGE_CURVE('',#1420,#1421,#900,.T.);
#1813=EDGE_CURVE('',#1421,#1422,#768,.T.);
#1814=EDGE_CURVE('',#1422,#1423,#538,.T.);
#1815=EDGE_CURVE('',#1423,#1420,#769,.T.);
#1816=EDGE_CURVE('',#1424,#1425,#901,.T.);
#1817=EDGE_CURVE('',#1425,#1421,#770,.T.);
#1818=EDGE_CURVE('',#1420,#1424,#771,.T.);
#1819=EDGE_CURVE('',#1426,#1427,#902,.T.);
#1820=EDGE_CURVE('',#1427,#1425,#772,.T.);
#1821=EDGE_CURVE('',#1424,#1426,#773,.T.);
#1822=EDGE_CURVE('',#1428,#1429,#903,.T.);
#1823=EDGE_CURVE('',#1429,#1427,#774,.T.);
#1824=EDGE_CURVE('',#1426,#1428,#775,.T.);
#1825=EDGE_CURVE('',#1430,#1431,#904,.T.);
#1826=EDGE_CURVE('',#1431,#1429,#776,.T.);
#1827=EDGE_CURVE('',#1428,#1430,#777,.T.);
#1828=EDGE_CURVE('',#1432,#1433,#905,.T.);
#1829=EDGE_CURVE('',#1433,#1431,#778,.T.);
#1830=EDGE_CURVE('',#1430,#1432,#779,.T.);
#1831=EDGE_CURVE('',#1434,#1435,#906,.T.);
#1832=EDGE_CURVE('',#1435,#1433,#780,.T.);
#1833=EDGE_CURVE('',#1432,#1434,#781,.T.);
#1834=EDGE_CURVE('',#1436,#1437,#907,.T.);
#1835=EDGE_CURVE('',#1437,#1435,#782,.T.);
#1836=EDGE_CURVE('',#1434,#1436,#783,.T.);
#1837=EDGE_CURVE('',#1438,#1439,#908,.T.);
#1838=EDGE_CURVE('',#1439,#1437,#784,.T.);
#1839=EDGE_CURVE('',#1436,#1438,#785,.T.);
#1840=EDGE_CURVE('',#1440,#1441,#909,.T.);
#1841=EDGE_CURVE('',#1440,#1442,#786,.T.);
#1842=EDGE_CURVE('',#1443,#1442,#539,.T.);
#1843=EDGE_CURVE('',#1443,#1441,#787,.T.);
#1844=EDGE_CURVE('',#1444,#1445,#910,.T.);
#1845=EDGE_CURVE('',#1445,#1446,#788,.T.);
#1846=EDGE_CURVE('',#1447,#1446,#540,.T.);
#1847=EDGE_CURVE('',#1444,#1447,#789,.T.);
#1848=EDGE_CURVE('',#1448,#1449,#911,.T.);
#1849=EDGE_CURVE('',#1449,#1445,#790,.T.);
#1850=EDGE_CURVE('',#1448,#1444,#791,.T.);
#1851=EDGE_CURVE('',#1450,#1451,#912,.T.);
#1852=EDGE_CURVE('',#1451,#1449,#792,.T.);
#1853=EDGE_CURVE('',#1450,#1448,#793,.T.);
#1854=EDGE_CURVE('',#1452,#1453,#913,.T.);
#1855=EDGE_CURVE('',#1453,#1451,#794,.T.);
#1856=EDGE_CURVE('',#1452,#1450,#795,.T.);
#1857=EDGE_CURVE('',#1454,#1455,#914,.T.);
#1858=EDGE_CURVE('',#1455,#1453,#796,.T.);
#1859=EDGE_CURVE('',#1454,#1452,#797,.T.);
#1860=EDGE_CURVE('',#1456,#1457,#915,.T.);
#1861=EDGE_CURVE('',#1457,#1455,#798,.T.);
#1862=EDGE_CURVE('',#1456,#1454,#799,.T.);
#1863=EDGE_CURVE('',#1458,#1459,#916,.T.);
#1864=EDGE_CURVE('',#1459,#1457,#800,.T.);
#1865=EDGE_CURVE('',#1458,#1456,#801,.T.);
#1866=EDGE_CURVE('',#1460,#1461,#917,.T.);
#1867=EDGE_CURVE('',#1461,#1459,#802,.T.);
#1868=EDGE_CURVE('',#1460,#1458,#803,.T.);
#1869=EDGE_CURVE('',#1462,#1463,#918,.T.);
#1870=EDGE_CURVE('',#1463,#1461,#804,.T.);
#1871=EDGE_CURVE('',#1462,#1460,#805,.T.);
#1872=EDGE_CURVE('',#1464,#1465,#919,.T.);
#1873=EDGE_CURVE('',#1466,#1464,#806,.T.);
#1874=EDGE_CURVE('',#1467,#1466,#541,.T.);
#1875=EDGE_CURVE('',#1467,#1465,#807,.T.);
#1876=EDGE_CURVE('',#1468,#1469,#542,.F.);
#1877=EDGE_CURVE('',#1469,#1470,#920,.T.);
#1878=EDGE_CURVE('',#1470,#1471,#543,.T.);
#1879=EDGE_CURVE('',#1471,#1468,#921,.T.);
#1880=EDGE_CURVE('',#1470,#1472,#544,.T.);
#1881=EDGE_CURVE('',#1472,#1471,#545,.T.);
#1882=EDGE_CURVE('',#1470,#1473,#922,.T.);
#1883=EDGE_CURVE('',#1474,#1473,#546,.T.);
#1884=EDGE_CURVE('',#1474,#1472,#923,.T.);
#1885=EDGE_CURVE('',#1475,#1469,#924,.T.);
#1886=EDGE_CURVE('',#1473,#1475,#925,.T.);
#1887=EDGE_CURVE('',#1476,#1477,#547,.F.);
#1888=EDGE_CURVE('',#1477,#1478,#926,.T.);
#1889=EDGE_CURVE('',#1478,#1479,#548,.T.);
#1890=EDGE_CURVE('',#1479,#1476,#927,.T.);
#1891=EDGE_CURVE('',#1478,#1480,#549,.T.);
#1892=EDGE_CURVE('',#1480,#1479,#550,.T.);
#1893=EDGE_CURVE('',#1472,#1480,#928,.T.);
#1894=EDGE_CURVE('',#1478,#1471,#929,.T.);
#1895=EDGE_CURVE('',#1468,#1477,#930,.T.);
#1896=EDGE_CURVE('',#1481,#1482,#551,.T.);
#1897=EDGE_CURVE('',#1482,#1483,#931,.T.);
#1898=EDGE_CURVE('',#1483,#1484,#552,.T.);
#1899=EDGE_CURVE('',#1484,#1481,#932,.T.);
#1900=EDGE_CURVE('',#1485,#1486,#553,.T.);
#1901=EDGE_CURVE('',#1486,#1484,#554,.T.);
#1902=EDGE_CURVE('',#1483,#1485,#555,.T.);
#1903=EDGE_CURVE('',#1487,#1488,#556,.T.);
#1904=EDGE_CURVE('',#1488,#1486,#933,.T.);
#1905=EDGE_CURVE('',#1485,#1487,#934,.T.);
#1906=EDGE_CURVE('',#1489,#1490,#557,.T.);
#1907=EDGE_CURVE('',#1490,#1488,#558,.T.);
#1908=EDGE_CURVE('',#1487,#1489,#559,.T.);
#1909=EDGE_CURVE('',#1491,#1492,#560,.T.);
#1910=EDGE_CURVE('',#1492,#1490,#935,.T.);
#1911=EDGE_CURVE('',#1489,#1491,#936,.T.);
#1912=EDGE_CURVE('',#1493,#1494,#561,.T.);
#1913=EDGE_CURVE('',#1494,#1492,#562,.T.);
#1914=EDGE_CURVE('',#1491,#1493,#563,.T.);
#1915=EDGE_CURVE('',#1495,#1496,#564,.T.);
#1916=EDGE_CURVE('',#1496,#1494,#937,.T.);
#1917=EDGE_CURVE('',#1493,#1495,#938,.T.);
#1918=EDGE_CURVE('',#1495,#1482,#565,.T.);
#1919=EDGE_CURVE('',#1481,#1496,#566,.T.);
#1920=EDGE_CURVE('',#1487,#1497,#939,.T.);
#1921=EDGE_CURVE('',#1498,#1497,#567,.T.);
#1922=EDGE_CURVE('',#1498,#1489,#940,.T.);
#1923=EDGE_CURVE('',#1499,#1485,#941,.T.);
#1924=EDGE_CURVE('',#1497,#1499,#942,.T.);
#1925=EDGE_CURVE('',#1483,#1500,#943,.T.);
#1926=EDGE_CURVE('',#1499,#1500,#568,.T.);
#1927=EDGE_CURVE('',#1501,#1482,#944,.T.);
#1928=EDGE_CURVE('',#1500,#1501,#945,.T.);
#1929=EDGE_CURVE('',#1502,#1503,#946,.T.);
#1930=EDGE_CURVE('',#1502,#1504,#947,.T.);
#1931=EDGE_CURVE('',#1505,#1504,#948,.T.);
#1932=EDGE_CURVE('',#1505,#1503,#949,.T.);
#1933=EDGE_CURVE('',#1506,#1497,#569,.T.);
#1934=EDGE_CURVE('',#1499,#1507,#570,.T.);
#1935=EDGE_CURVE('',#1507,#1506,#950,.T.);
#1936=EDGE_CURVE('',#1500,#1508,#571,.T.);
#1937=EDGE_CURVE('',#1508,#1507,#572,.T.);
#1938=EDGE_CURVE('',#1501,#1509,#573,.T.);
#1939=EDGE_CURVE('',#1509,#1508,#951,.T.);
#1940=EDGE_CURVE('',#1510,#1511,#574,.T.);
#1941=EDGE_CURVE('',#1511,#1509,#575,.T.);
#1942=EDGE_CURVE('',#1501,#1510,#576,.T.);
#1943=EDGE_CURVE('',#1512,#1513,#577,.T.);
#1944=EDGE_CURVE('',#1513,#1511,#952,.T.);
#1945=EDGE_CURVE('',#1510,#1512,#953,.T.);
#1946=EDGE_CURVE('',#1514,#1515,#578,.T.);
#1947=EDGE_CURVE('',#1515,#1513,#579,.T.);
#1948=EDGE_CURVE('',#1512,#1514,#580,.T.);
#1949=EDGE_CURVE('',#1498,#1516,#581,.T.);
#1950=EDGE_CURVE('',#1516,#1515,#954,.T.);
#1951=EDGE_CURVE('',#1514,#1498,#955,.T.);
#1952=EDGE_CURVE('',#1506,#1516,#582,.T.);
#1953=EDGE_CURVE('',#1495,#1510,#956,.T.);
#1954=EDGE_CURVE('',#1517,#1518,#957,.T.);
#1955=EDGE_CURVE('',#1519,#1517,#958,.T.);
#1956=EDGE_CURVE('',#1520,#1519,#959,.T.);
#1957=EDGE_CURVE('',#1518,#1520,#960,.T.);
#1958=EDGE_CURVE('',#1491,#1514,#961,.T.);
#1959=EDGE_CURVE('',#1512,#1493,#962,.T.);
#1960=EDGE_CURVE('',#1521,#1522,#963,.T.);
#1961=EDGE_CURVE('',#1523,#1522,#583,.T.);
#1962=EDGE_CURVE('',#1523,#1524,#964,.T.);
#1963=EDGE_CURVE('',#1525,#1524,#584,.T.);
#1964=EDGE_CURVE('',#1525,#1526,#965,.T.);
#1965=EDGE_CURVE('',#1526,#1521,#585,.T.);
#1966=EDGE_CURVE('',#1521,#1527,#586,.F.);
#1967=EDGE_CURVE('',#1527,#1528,#966,.T.);
#1968=EDGE_CURVE('',#1522,#1528,#587,.T.);
#1969=EDGE_CURVE('',#1529,#1530,#588,.T.);
#1970=EDGE_CURVE('',#1531,#1530,#967,.T.);
#1971=EDGE_CURVE('',#1531,#1532,#589,.T.);
#1972=EDGE_CURVE('',#1533,#1532,#968,.T.);
#1973=EDGE_CURVE('',#1533,#1504,#590,.T.);
#1974=EDGE_CURVE('',#1502,#1534,#591,.T.);
#1975=EDGE_CURVE('',#1529,#1534,#969,.T.);
#1976=EDGE_CURVE('',#1535,#1535,#592,.T.);
#1977=EDGE_CURVE('',#1536,#1536,#593,.T.);
#1978=EDGE_CURVE('',#1537,#1537,#594,.T.);
#1979=EDGE_CURVE('',#1538,#1538,#595,.T.);
#1980=EDGE_CURVE('',#1526,#1539,#970,.T.);
#1981=EDGE_CURVE('',#1540,#1539,#971,.T.);
#1982=EDGE_CURVE('',#1541,#1540,#972,.T.);
#1983=EDGE_CURVE('',#1541,#1542,#973,.T.);
#1984=EDGE_CURVE('',#1542,#1543,#974,.T.);
#1985=EDGE_CURVE('',#1544,#1543,#596,.T.);
#1986=EDGE_CURVE('',#1544,#1545,#597,.T.);
#1987=EDGE_CURVE('',#1545,#1475,#598,.T.);
#1988=EDGE_CURVE('',#1527,#1476,#975,.T.);
#1989=EDGE_CURVE('',#1546,#1525,#976,.T.);
#1990=EDGE_CURVE('',#1539,#1546,#977,.T.);
#1991=EDGE_CURVE('',#1543,#1547,#978,.T.);
#1992=EDGE_CURVE('',#1548,#1547,#599,.T.);
#1993=EDGE_CURVE('',#1548,#1549,#979,.T.);
#1994=EDGE_CURVE('',#1549,#1550,#600,.F.);
#1995=EDGE_CURVE('',#1550,#1544,#980,.T.);
#1996=EDGE_CURVE('',#1551,#1550,#601,.T.);
#1997=EDGE_CURVE('',#1551,#1545,#981,.T.);
#1998=EDGE_CURVE('',#1552,#1548,#982,.T.);
#1999=EDGE_CURVE('',#1552,#1553,#983,.T.);
#2000=EDGE_CURVE('',#1549,#1553,#984,.T.);
#2001=EDGE_CURVE('',#1554,#1555,#602,.T.);
#2002=EDGE_CURVE('',#1555,#1474,#603,.T.);
#2003=EDGE_CURVE('',#1473,#1551,#604,.T.);
#2004=EDGE_CURVE('',#1551,#1554,#605,.T.);
#2005=EDGE_CURVE('',#1556,#1555,#985,.T.);
#2006=EDGE_CURVE('',#1557,#1556,#606,.T.);
#2007=EDGE_CURVE('',#1480,#1557,#986,.T.);
#2008=EDGE_CURVE('',#1558,#1554,#987,.T.);
#2009=EDGE_CURVE('',#1556,#1558,#607,.T.);
#2010=EDGE_CURVE('',#1559,#1542,#988,.T.);
#2011=EDGE_CURVE('',#1547,#1559,#989,.T.);
#2012=EDGE_CURVE('',#1528,#1557,#608,.T.);
#2013=EDGE_CURVE('',#1558,#1522,#609,.T.);
#2014=EDGE_CURVE('',#1528,#1479,#990,.T.);
#2015=EDGE_CURVE('',#1560,#1523,#991,.T.);
#2016=EDGE_CURVE('',#1553,#1560,#992,.T.);
#2017=EDGE_CURVE('',#1561,#1560,#993,.T.);
#2018=EDGE_CURVE('',#1524,#1561,#994,.T.);
#2019=EDGE_CURVE('',#1561,#1552,#995,.T.);
#2020=EDGE_CURVE('',#1541,#1559,#610,.T.);
#2021=EDGE_CURVE('',#1540,#1546,#611,.F.);
#2022=EDGE_CURVE('',#1525,#1547,#996,.T.);
#2023=EDGE_CURVE('',#1465,#1463,#808,.T.);
#2024=EDGE_CURVE('',#1464,#1462,#809,.T.);
#2025=EDGE_CURVE('',#1446,#1423,#810,.T.);
#2026=EDGE_CURVE('',#1442,#1467,#811,.T.);
#2027=EDGE_CURVE('',#1438,#1440,#812,.T.);
#2028=EDGE_CURVE('',#1422,#1447,#813,.T.);
#2029=EDGE_CURVE('',#1441,#1439,#814,.T.);
#2030=EDGE_CURVE('',#1466,#1443,#815,.T.);
#2031=EDGE_CURVE('',#1562,#1562,#612,.T.);
#2032=EDGE_CURVE('',#1562,#1563,#997,.T.);
#2033=EDGE_CURVE('',#1563,#1563,#613,.T.);
#2034=EDGE_CURVE('',#1563,#1538,#998,.T.);
#2035=EDGE_CURVE('',#1417,#1415,#816,.T.);
#2036=EDGE_CURVE('',#1416,#1414,#817,.T.);
#2037=EDGE_CURVE('',#1398,#1303,#818,.T.);
#2038=EDGE_CURVE('',#1322,#1419,#819,.T.);
#2039=EDGE_CURVE('',#1318,#1320,#820,.T.);
#2040=EDGE_CURVE('',#1302,#1399,#821,.T.);
#2041=EDGE_CURVE('',#1321,#1319,#822,.T.);
#2042=EDGE_CURVE('',#1418,#1323,#823,.T.);
#2043=EDGE_CURVE('',#1393,#1391,#824,.T.);
#2044=EDGE_CURVE('',#1392,#1390,#825,.T.);
#2045=EDGE_CURVE('',#1374,#1279,#826,.T.);
#2046=EDGE_CURVE('',#1298,#1395,#827,.T.);
#2047=EDGE_CURVE('',#1294,#1296,#828,.T.);
#2048=EDGE_CURVE('',#1278,#1375,#829,.T.);
#2049=EDGE_CURVE('',#1297,#1295,#830,.T.);
#2050=EDGE_CURVE('',#1394,#1299,#831,.T.);
#2051=EDGE_CURVE('',#1369,#1367,#832,.T.);
#2052=EDGE_CURVE('',#1368,#1366,#833,.T.);
#2053=EDGE_CURVE('',#1350,#1327,#834,.T.);
#2054=EDGE_CURVE('',#1346,#1371,#835,.T.);
#2055=EDGE_CURVE('',#1342,#1344,#836,.T.);
#2056=EDGE_CURVE('',#1326,#1351,#837,.T.);
#2057=EDGE_CURVE('',#1345,#1343,#838,.T.);
#2058=EDGE_CURVE('',#1370,#1347,#839,.T.);
#2059=EDGE_CURVE('',#1564,#1564,#614,.T.);
#2060=EDGE_CURVE('',#1564,#1565,#999,.T.);
#2061=EDGE_CURVE('',#1565,#1565,#615,.T.);
#2062=EDGE_CURVE('',#1565,#1536,#1000,.T.);
#2063=EDGE_CURVE('',#1566,#1566,#616,.T.);
#2064=EDGE_CURVE('',#1566,#1567,#1001,.T.);
#2065=EDGE_CURVE('',#1567,#1567,#617,.T.);
#2066=EDGE_CURVE('',#1567,#1535,#1002,.T.);
#2067=EDGE_CURVE('',#1568,#1568,#618,.T.);
#2068=EDGE_CURVE('',#1568,#1569,#1003,.T.);
#2069=EDGE_CURVE('',#1569,#1569,#619,.T.);
#2070=EDGE_CURVE('',#1569,#1537,#1004,.T.);
#2071=EDGE_CURVE('',#1570,#1571,#1005,.T.);
#2072=EDGE_CURVE('',#1571,#1572,#1006,.T.);
#2073=EDGE_CURVE('',#1572,#1573,#1007,.T.);
#2074=EDGE_CURVE('',#1573,#1570,#1008,.T.);
#2075=EDGE_CURVE('',#1574,#1573,#1009,.T.);
#2076=EDGE_CURVE('',#1575,#1574,#1010,.T.);
#2077=EDGE_CURVE('',#1570,#1575,#1011,.T.);
#2078=EDGE_CURVE('',#1572,#1576,#1012,.T.);
#2079=EDGE_CURVE('',#1519,#1576,#1013,.T.);
#2080=EDGE_CURVE('',#1577,#1517,#1014,.T.);
#2081=EDGE_CURVE('',#1577,#1578,#1015,.T.);
#2082=EDGE_CURVE('',#1574,#1578,#1016,.T.);
#2083=EDGE_CURVE('',#1579,#1580,#1017,.T.);
#2084=EDGE_CURVE('',#1580,#1581,#620,.T.);
#2085=EDGE_CURVE('',#1581,#1582,#1018,.T.);
#2086=EDGE_CURVE('',#1582,#1579,#621,.T.);
#2087=EDGE_CURVE('',#1583,#1584,#1019,.T.);
#2088=EDGE_CURVE('',#1584,#1585,#622,.T.);
#2089=EDGE_CURVE('',#1585,#1586,#1020,.T.);
#2090=EDGE_CURVE('',#1586,#1583,#623,.T.);
#2091=EDGE_CURVE('',#1518,#1587,#1021,.T.);
#2092=EDGE_CURVE('',#1587,#1577,#1022,.T.);
#2093=EDGE_CURVE('',#1588,#1587,#1023,.T.);
#2094=EDGE_CURVE('',#1578,#1588,#1024,.T.);
#2095=EDGE_CURVE('',#1588,#1575,#1025,.T.);
#2096=EDGE_CURVE('',#1589,#1520,#1026,.T.);
#2097=EDGE_CURVE('',#1576,#1589,#1027,.T.);
#2098=EDGE_CURVE('',#1590,#1579,#624,.T.);
#2099=EDGE_CURVE('',#1582,#1591,#625,.T.);
#2100=EDGE_CURVE('',#1591,#1590,#626,.T.);
#2101=EDGE_CURVE('',#1581,#1592,#627,.T.);
#2102=EDGE_CURVE('',#1592,#1591,#1028,.T.);
#2103=EDGE_CURVE('',#1580,#1593,#628,.T.);
#2104=EDGE_CURVE('',#1593,#1592,#629,.T.);
#2105=EDGE_CURVE('',#1590,#1593,#1029,.T.);
#2106=EDGE_CURVE('',#1594,#1586,#630,.T.);
#2107=EDGE_CURVE('',#1585,#1595,#631,.T.);
#2108=EDGE_CURVE('',#1595,#1594,#1030,.T.);
#2109=EDGE_CURVE('',#1584,#1596,#632,.T.);
#2110=EDGE_CURVE('',#1596,#1595,#633,.T.);
#2111=EDGE_CURVE('',#1583,#1597,#634,.T.);
#2112=EDGE_CURVE('',#1597,#1596,#1031,.T.);
#2113=EDGE_CURVE('',#1594,#1597,#635,.T.);
#2114=EDGE_CURVE('',#1529,#1598,#1032,.T.);
#2115=EDGE_CURVE('',#1598,#1599,#636,.T.);
#2116=EDGE_CURVE('',#1599,#1530,#1033,.T.);
#2117=EDGE_CURVE('',#1599,#1600,#1034,.T.);
#2118=EDGE_CURVE('',#1531,#1600,#1035,.T.);
#2119=EDGE_CURVE('',#1601,#1602,#637,.T.);
#2120=EDGE_CURVE('',#1601,#1603,#1036,.T.);
#2121=EDGE_CURVE('',#1603,#1604,#638,.T.);
#2122=EDGE_CURVE('',#1604,#1602,#1037,.T.);
#2123=EDGE_CURVE('',#1605,#1604,#1038,.T.);
#2124=EDGE_CURVE('',#1606,#1605,#1039,.T.);
#2125=EDGE_CURVE('',#1606,#1602,#1040,.T.);
#2126=EDGE_CURVE('',#1600,#1607,#639,.T.);
#2127=EDGE_CURVE('',#1607,#1532,#1041,.T.);
#2128=EDGE_CURVE('',#1607,#1608,#1042,.T.);
#2129=EDGE_CURVE('',#1533,#1608,#1043,.T.);
#2130=EDGE_CURVE('',#1606,#1609,#640,.T.);
#2131=EDGE_CURVE('',#1605,#1610,#641,.T.);
#2132=EDGE_CURVE('',#1610,#1609,#1044,.T.);
#2133=EDGE_CURVE('',#1611,#1610,#1045,.T.);
#2134=EDGE_CURVE('',#1612,#1611,#1046,.T.);
#2135=EDGE_CURVE('',#1612,#1609,#1047,.T.);
#2136=EDGE_CURVE('',#1503,#1613,#642,.T.);
#2137=EDGE_CURVE('',#1613,#1534,#1048,.T.);
#2138=EDGE_CURVE('',#1613,#1598,#1049,.T.);
#2139=EDGE_CURVE('',#1614,#1615,#643,.T.);
#2140=EDGE_CURVE('',#1614,#1616,#1050,.T.);
#2141=EDGE_CURVE('',#1616,#1617,#644,.T.);
#2142=EDGE_CURVE('',#1617,#1615,#1051,.T.);
#2143=EDGE_CURVE('',#1601,#1615,#1052,.T.);
#2144=EDGE_CURVE('',#1603,#1617,#1053,.T.);
#2145=EDGE_CURVE('',#1612,#1618,#645,.T.);
#2146=EDGE_CURVE('',#1611,#1619,#646,.T.);
#2147=EDGE_CURVE('',#1619,#1618,#1054,.T.);
#2148=EDGE_CURVE('',#1614,#1618,#1055,.T.);
#2149=EDGE_CURVE('',#1616,#1619,#1056,.T.);
#2150=EDGE_CURVE('',#1608,#1505,#647,.T.);
#2151=EDGE_CURVE('',#1589,#1571,#1057,.T.);
#2152=ORIENTED_EDGE('',*,*,#1620,.T.);
#2153=ORIENTED_EDGE('',*,*,#1621,.T.);
#2154=ORIENTED_EDGE('',*,*,#1622,.T.);
#2155=ORIENTED_EDGE('',*,*,#1623,.T.);
#2156=ORIENTED_EDGE('',*,*,#1624,.T.);
#2157=ORIENTED_EDGE('',*,*,#1625,.T.);
#2158=ORIENTED_EDGE('',*,*,#1620,.F.);
#2159=ORIENTED_EDGE('',*,*,#1626,.T.);
#2160=ORIENTED_EDGE('',*,*,#1627,.T.);
#2161=ORIENTED_EDGE('',*,*,#1628,.T.);
#2162=ORIENTED_EDGE('',*,*,#1624,.F.);
#2163=ORIENTED_EDGE('',*,*,#1629,.T.);
#2164=ORIENTED_EDGE('',*,*,#1630,.T.);
#2165=ORIENTED_EDGE('',*,*,#1631,.T.);
#2166=ORIENTED_EDGE('',*,*,#1627,.F.);
#2167=ORIENTED_EDGE('',*,*,#1632,.T.);
#2168=ORIENTED_EDGE('',*,*,#1633,.T.);
#2169=ORIENTED_EDGE('',*,*,#1634,.T.);
#2170=ORIENTED_EDGE('',*,*,#1630,.F.);
#2171=ORIENTED_EDGE('',*,*,#1635,.T.);
#2172=ORIENTED_EDGE('',*,*,#1636,.T.);
#2173=ORIENTED_EDGE('',*,*,#1637,.T.);
#2174=ORIENTED_EDGE('',*,*,#1633,.F.);
#2175=ORIENTED_EDGE('',*,*,#1638,.T.);
#2176=ORIENTED_EDGE('',*,*,#1639,.T.);
#2177=ORIENTED_EDGE('',*,*,#1640,.T.);
#2178=ORIENTED_EDGE('',*,*,#1636,.F.);
#2179=ORIENTED_EDGE('',*,*,#1641,.T.);
#2180=ORIENTED_EDGE('',*,*,#1642,.T.);
#2181=ORIENTED_EDGE('',*,*,#1643,.T.);
#2182=ORIENTED_EDGE('',*,*,#1639,.F.);
#2183=ORIENTED_EDGE('',*,*,#1644,.T.);
#2184=ORIENTED_EDGE('',*,*,#1645,.T.);
#2185=ORIENTED_EDGE('',*,*,#1646,.T.);
#2186=ORIENTED_EDGE('',*,*,#1642,.F.);
#2187=ORIENTED_EDGE('',*,*,#1647,.T.);
#2188=ORIENTED_EDGE('',*,*,#1648,.F.);
#2189=ORIENTED_EDGE('',*,*,#1649,.T.);
#2190=ORIENTED_EDGE('',*,*,#1650,.F.);
#2191=ORIENTED_EDGE('',*,*,#1651,.T.);
#2192=ORIENTED_EDGE('',*,*,#1652,.T.);
#2193=ORIENTED_EDGE('',*,*,#1653,.T.);
#2194=ORIENTED_EDGE('',*,*,#1654,.T.);
#2195=ORIENTED_EDGE('',*,*,#1655,.T.);
#2196=ORIENTED_EDGE('',*,*,#1656,.T.);
#2197=ORIENTED_EDGE('',*,*,#1657,.T.);
#2198=ORIENTED_EDGE('',*,*,#1652,.F.);
#2199=ORIENTED_EDGE('',*,*,#1658,.T.);
#2200=ORIENTED_EDGE('',*,*,#1659,.T.);
#2201=ORIENTED_EDGE('',*,*,#1660,.T.);
#2202=ORIENTED_EDGE('',*,*,#1656,.F.);
#2203=ORIENTED_EDGE('',*,*,#1661,.T.);
#2204=ORIENTED_EDGE('',*,*,#1662,.T.);
#2205=ORIENTED_EDGE('',*,*,#1663,.T.);
#2206=ORIENTED_EDGE('',*,*,#1659,.F.);
#2207=ORIENTED_EDGE('',*,*,#1664,.T.);
#2208=ORIENTED_EDGE('',*,*,#1665,.T.);
#2209=ORIENTED_EDGE('',*,*,#1666,.T.);
#2210=ORIENTED_EDGE('',*,*,#1662,.F.);
#2211=ORIENTED_EDGE('',*,*,#1667,.T.);
#2212=ORIENTED_EDGE('',*,*,#1668,.T.);
#2213=ORIENTED_EDGE('',*,*,#1669,.T.);
#2214=ORIENTED_EDGE('',*,*,#1665,.F.);
#2215=ORIENTED_EDGE('',*,*,#1670,.T.);
#2216=ORIENTED_EDGE('',*,*,#1671,.T.);
#2217=ORIENTED_EDGE('',*,*,#1672,.T.);
#2218=ORIENTED_EDGE('',*,*,#1668,.F.);
#2219=ORIENTED_EDGE('',*,*,#1673,.T.);
#2220=ORIENTED_EDGE('',*,*,#1674,.T.);
#2221=ORIENTED_EDGE('',*,*,#1675,.T.);
#2222=ORIENTED_EDGE('',*,*,#1671,.F.);
#2223=ORIENTED_EDGE('',*,*,#1676,.T.);
#2224=ORIENTED_EDGE('',*,*,#1677,.T.);
#2225=ORIENTED_EDGE('',*,*,#1678,.T.);
#2226=ORIENTED_EDGE('',*,*,#1674,.F.);
#2227=ORIENTED_EDGE('',*,*,#1679,.T.);
#2228=ORIENTED_EDGE('',*,*,#1680,.F.);
#2229=ORIENTED_EDGE('',*,*,#1681,.T.);
#2230=ORIENTED_EDGE('',*,*,#1682,.F.);
#2231=ORIENTED_EDGE('',*,*,#1683,.T.);
#2232=ORIENTED_EDGE('',*,*,#1684,.T.);
#2233=ORIENTED_EDGE('',*,*,#1685,.T.);
#2234=ORIENTED_EDGE('',*,*,#1686,.T.);
#2235=ORIENTED_EDGE('',*,*,#1687,.T.);
#2236=ORIENTED_EDGE('',*,*,#1688,.T.);
#2237=ORIENTED_EDGE('',*,*,#1689,.T.);
#2238=ORIENTED_EDGE('',*,*,#1684,.F.);
#2239=ORIENTED_EDGE('',*,*,#1690,.T.);
#2240=ORIENTED_EDGE('',*,*,#1691,.T.);
#2241=ORIENTED_EDGE('',*,*,#1692,.T.);
#2242=ORIENTED_EDGE('',*,*,#1688,.F.);
#2243=ORIENTED_EDGE('',*,*,#1693,.T.);
#2244=ORIENTED_EDGE('',*,*,#1694,.T.);
#2245=ORIENTED_EDGE('',*,*,#1695,.T.);
#2246=ORIENTED_EDGE('',*,*,#1691,.F.);
#2247=ORIENTED_EDGE('',*,*,#1696,.T.);
#2248=ORIENTED_EDGE('',*,*,#1697,.T.);
#2249=ORIENTED_EDGE('',*,*,#1698,.T.);
#2250=ORIENTED_EDGE('',*,*,#1694,.F.);
#2251=ORIENTED_EDGE('',*,*,#1699,.T.);
#2252=ORIENTED_EDGE('',*,*,#1700,.T.);
#2253=ORIENTED_EDGE('',*,*,#1701,.T.);
#2254=ORIENTED_EDGE('',*,*,#1697,.F.);
#2255=ORIENTED_EDGE('',*,*,#1702,.T.);
#2256=ORIENTED_EDGE('',*,*,#1703,.T.);
#2257=ORIENTED_EDGE('',*,*,#1704,.T.);
#2258=ORIENTED_EDGE('',*,*,#1700,.F.);
#2259=ORIENTED_EDGE('',*,*,#1705,.T.);
#2260=ORIENTED_EDGE('',*,*,#1706,.T.);
#2261=ORIENTED_EDGE('',*,*,#1707,.T.);
#2262=ORIENTED_EDGE('',*,*,#1703,.F.);
#2263=ORIENTED_EDGE('',*,*,#1708,.T.);
#2264=ORIENTED_EDGE('',*,*,#1709,.T.);
#2265=ORIENTED_EDGE('',*,*,#1710,.T.);
#2266=ORIENTED_EDGE('',*,*,#1706,.F.);
#2267=ORIENTED_EDGE('',*,*,#1711,.T.);
#2268=ORIENTED_EDGE('',*,*,#1712,.F.);
#2269=ORIENTED_EDGE('',*,*,#1713,.T.);
#2270=ORIENTED_EDGE('',*,*,#1714,.F.);
#2271=ORIENTED_EDGE('',*,*,#1715,.T.);
#2272=ORIENTED_EDGE('',*,*,#1716,.T.);
#2273=ORIENTED_EDGE('',*,*,#1717,.T.);
#2274=ORIENTED_EDGE('',*,*,#1718,.F.);
#2275=ORIENTED_EDGE('',*,*,#1719,.F.);
#2276=ORIENTED_EDGE('',*,*,#1720,.T.);
#2277=ORIENTED_EDGE('',*,*,#1721,.T.);
#2278=ORIENTED_EDGE('',*,*,#1716,.F.);
#2279=ORIENTED_EDGE('',*,*,#1722,.F.);
#2280=ORIENTED_EDGE('',*,*,#1723,.T.);
#2281=ORIENTED_EDGE('',*,*,#1724,.T.);
#2282=ORIENTED_EDGE('',*,*,#1720,.F.);
#2283=ORIENTED_EDGE('',*,*,#1725,.F.);
#2284=ORIENTED_EDGE('',*,*,#1726,.T.);
#2285=ORIENTED_EDGE('',*,*,#1727,.T.);
#2286=ORIENTED_EDGE('',*,*,#1723,.F.);
#2287=ORIENTED_EDGE('',*,*,#1728,.F.);
#2288=ORIENTED_EDGE('',*,*,#1729,.T.);
#2289=ORIENTED_EDGE('',*,*,#1730,.T.);
#2290=ORIENTED_EDGE('',*,*,#1726,.F.);
#2291=ORIENTED_EDGE('',*,*,#1731,.F.);
#2292=ORIENTED_EDGE('',*,*,#1732,.T.);
#2293=ORIENTED_EDGE('',*,*,#1733,.T.);
#2294=ORIENTED_EDGE('',*,*,#1729,.F.);
#2295=ORIENTED_EDGE('',*,*,#1734,.F.);
#2296=ORIENTED_EDGE('',*,*,#1735,.T.);
#2297=ORIENTED_EDGE('',*,*,#1736,.T.);
#2298=ORIENTED_EDGE('',*,*,#1732,.F.);
#2299=ORIENTED_EDGE('',*,*,#1737,.F.);
#2300=ORIENTED_EDGE('',*,*,#1738,.T.);
#2301=ORIENTED_EDGE('',*,*,#1739,.T.);
#2302=ORIENTED_EDGE('',*,*,#1735,.F.);
#2303=ORIENTED_EDGE('',*,*,#1740,.F.);
#2304=ORIENTED_EDGE('',*,*,#1741,.T.);
#2305=ORIENTED_EDGE('',*,*,#1742,.T.);
#2306=ORIENTED_EDGE('',*,*,#1738,.F.);
#2307=ORIENTED_EDGE('',*,*,#1743,.F.);
#2308=ORIENTED_EDGE('',*,*,#1744,.F.);
#2309=ORIENTED_EDGE('',*,*,#1745,.F.);
#2310=ORIENTED_EDGE('',*,*,#1746,.F.);
#2311=ORIENTED_EDGE('',*,*,#1747,.T.);
#2312=ORIENTED_EDGE('',*,*,#1748,.T.);
#2313=ORIENTED_EDGE('',*,*,#1749,.T.);
#2314=ORIENTED_EDGE('',*,*,#1750,.F.);
#2315=ORIENTED_EDGE('',*,*,#1751,.F.);
#2316=ORIENTED_EDGE('',*,*,#1752,.T.);
#2317=ORIENTED_EDGE('',*,*,#1753,.T.);
#2318=ORIENTED_EDGE('',*,*,#1748,.F.);
#2319=ORIENTED_EDGE('',*,*,#1754,.F.);
#2320=ORIENTED_EDGE('',*,*,#1755,.T.);
#2321=ORIENTED_EDGE('',*,*,#1756,.T.);
#2322=ORIENTED_EDGE('',*,*,#1752,.F.);
#2323=ORIENTED_EDGE('',*,*,#1757,.F.);
#2324=ORIENTED_EDGE('',*,*,#1758,.T.);
#2325=ORIENTED_EDGE('',*,*,#1759,.T.);
#2326=ORIENTED_EDGE('',*,*,#1755,.F.);
#2327=ORIENTED_EDGE('',*,*,#1760,.F.);
#2328=ORIENTED_EDGE('',*,*,#1761,.T.);
#2329=ORIENTED_EDGE('',*,*,#1762,.T.);
#2330=ORIENTED_EDGE('',*,*,#1758,.F.);
#2331=ORIENTED_EDGE('',*,*,#1763,.F.);
#2332=ORIENTED_EDGE('',*,*,#1764,.T.);
#2333=ORIENTED_EDGE('',*,*,#1765,.T.);
#2334=ORIENTED_EDGE('',*,*,#1761,.F.);
#2335=ORIENTED_EDGE('',*,*,#1766,.F.);
#2336=ORIENTED_EDGE('',*,*,#1767,.T.);
#2337=ORIENTED_EDGE('',*,*,#1768,.T.);
#2338=ORIENTED_EDGE('',*,*,#1764,.F.);
#2339=ORIENTED_EDGE('',*,*,#1769,.F.);
#2340=ORIENTED_EDGE('',*,*,#1770,.T.);
#2341=ORIENTED_EDGE('',*,*,#1771,.T.);
#2342=ORIENTED_EDGE('',*,*,#1767,.F.);
#2343=ORIENTED_EDGE('',*,*,#1772,.F.);
#2344=ORIENTED_EDGE('',*,*,#1773,.T.);
#2345=ORIENTED_EDGE('',*,*,#1774,.T.);
#2346=ORIENTED_EDGE('',*,*,#1770,.F.);
#2347=ORIENTED_EDGE('',*,*,#1775,.F.);
#2348=ORIENTED_EDGE('',*,*,#1776,.F.);
#2349=ORIENTED_EDGE('',*,*,#1777,.F.);
#2350=ORIENTED_EDGE('',*,*,#1778,.F.);
#2351=ORIENTED_EDGE('',*,*,#1779,.T.);
#2352=ORIENTED_EDGE('',*,*,#1780,.T.);
#2353=ORIENTED_EDGE('',*,*,#1781,.T.);
#2354=ORIENTED_EDGE('',*,*,#1782,.F.);
#2355=ORIENTED_EDGE('',*,*,#1783,.F.);
#2356=ORIENTED_EDGE('',*,*,#1784,.T.);
#2357=ORIENTED_EDGE('',*,*,#1785,.T.);
#2358=ORIENTED_EDGE('',*,*,#1780,.F.);
#2359=ORIENTED_EDGE('',*,*,#1786,.F.);
#2360=ORIENTED_EDGE('',*,*,#1787,.T.);
#2361=ORIENTED_EDGE('',*,*,#1788,.T.);
#2362=ORIENTED_EDGE('',*,*,#1784,.F.);
#2363=ORIENTED_EDGE('',*,*,#1789,.F.);
#2364=ORIENTED_EDGE('',*,*,#1790,.T.);
#2365=ORIENTED_EDGE('',*,*,#1791,.T.);
#2366=ORIENTED_EDGE('',*,*,#1787,.F.);
#2367=ORIENTED_EDGE('',*,*,#1792,.F.);
#2368=ORIENTED_EDGE('',*,*,#1793,.T.);
#2369=ORIENTED_EDGE('',*,*,#1794,.T.);
#2370=ORIENTED_EDGE('',*,*,#1790,.F.);
#2371=ORIENTED_EDGE('',*,*,#1795,.F.);
#2372=ORIENTED_EDGE('',*,*,#1796,.T.);
#2373=ORIENTED_EDGE('',*,*,#1797,.T.);
#2374=ORIENTED_EDGE('',*,*,#1793,.F.);
#2375=ORIENTED_EDGE('',*,*,#1798,.F.);
#2376=ORIENTED_EDGE('',*,*,#1799,.T.);
#2377=ORIENTED_EDGE('',*,*,#1800,.T.);
#2378=ORIENTED_EDGE('',*,*,#1796,.F.);
#2379=ORIENTED_EDGE('',*,*,#1801,.F.);
#2380=ORIENTED_EDGE('',*,*,#1802,.T.);
#2381=ORIENTED_EDGE('',*,*,#1803,.T.);
#2382=ORIENTED_EDGE('',*,*,#1799,.F.);
#2383=ORIENTED_EDGE('',*,*,#1804,.F.);
#2384=ORIENTED_EDGE('',*,*,#1805,.T.);
#2385=ORIENTED_EDGE('',*,*,#1806,.T.);
#2386=ORIENTED_EDGE('',*,*,#1802,.F.);
#2387=ORIENTED_EDGE('',*,*,#1807,.F.);
#2388=ORIENTED_EDGE('',*,*,#1808,.F.);
#2389=ORIENTED_EDGE('',*,*,#1809,.F.);
#2390=ORIENTED_EDGE('',*,*,#1810,.F.);
#2391=ORIENTED_EDGE('',*,*,#1811,.T.);
#2392=ORIENTED_EDGE('',*,*,#1812,.T.);
#2393=ORIENTED_EDGE('',*,*,#1813,.T.);
#2394=ORIENTED_EDGE('',*,*,#1814,.T.);
#2395=ORIENTED_EDGE('',*,*,#1815,.T.);
#2396=ORIENTED_EDGE('',*,*,#1816,.T.);
#2397=ORIENTED_EDGE('',*,*,#1817,.T.);
#2398=ORIENTED_EDGE('',*,*,#1812,.F.);
#2399=ORIENTED_EDGE('',*,*,#1818,.T.);
#2400=ORIENTED_EDGE('',*,*,#1819,.T.);
#2401=ORIENTED_EDGE('',*,*,#1820,.T.);
#2402=ORIENTED_EDGE('',*,*,#1816,.F.);
#2403=ORIENTED_EDGE('',*,*,#1821,.T.);
#2404=ORIENTED_EDGE('',*,*,#1822,.T.);
#2405=ORIENTED_EDGE('',*,*,#1823,.T.);
#2406=ORIENTED_EDGE('',*,*,#1819,.F.);
#2407=ORIENTED_EDGE('',*,*,#1824,.T.);
#2408=ORIENTED_EDGE('',*,*,#1825,.T.);
#2409=ORIENTED_EDGE('',*,*,#1826,.T.);
#2410=ORIENTED_EDGE('',*,*,#1822,.F.);
#2411=ORIENTED_EDGE('',*,*,#1827,.T.);
#2412=ORIENTED_EDGE('',*,*,#1828,.T.);
#2413=ORIENTED_EDGE('',*,*,#1829,.T.);
#2414=ORIENTED_EDGE('',*,*,#1825,.F.);
#2415=ORIENTED_EDGE('',*,*,#1830,.T.);
#2416=ORIENTED_EDGE('',*,*,#1831,.T.);
#2417=ORIENTED_EDGE('',*,*,#1832,.T.);
#2418=ORIENTED_EDGE('',*,*,#1828,.F.);
#2419=ORIENTED_EDGE('',*,*,#1833,.T.);
#2420=ORIENTED_EDGE('',*,*,#1834,.T.);
#2421=ORIENTED_EDGE('',*,*,#1835,.T.);
#2422=ORIENTED_EDGE('',*,*,#1831,.F.);
#2423=ORIENTED_EDGE('',*,*,#1836,.T.);
#2424=ORIENTED_EDGE('',*,*,#1837,.T.);
#2425=ORIENTED_EDGE('',*,*,#1838,.T.);
#2426=ORIENTED_EDGE('',*,*,#1834,.F.);
#2427=ORIENTED_EDGE('',*,*,#1839,.T.);
#2428=ORIENTED_EDGE('',*,*,#1840,.F.);
#2429=ORIENTED_EDGE('',*,*,#1841,.T.);
#2430=ORIENTED_EDGE('',*,*,#1842,.F.);
#2431=ORIENTED_EDGE('',*,*,#1843,.T.);
#2432=ORIENTED_EDGE('',*,*,#1844,.T.);
#2433=ORIENTED_EDGE('',*,*,#1845,.T.);
#2434=ORIENTED_EDGE('',*,*,#1846,.F.);
#2435=ORIENTED_EDGE('',*,*,#1847,.F.);
#2436=ORIENTED_EDGE('',*,*,#1848,.T.);
#2437=ORIENTED_EDGE('',*,*,#1849,.T.);
#2438=ORIENTED_EDGE('',*,*,#1844,.F.);
#2439=ORIENTED_EDGE('',*,*,#1850,.F.);
#2440=ORIENTED_EDGE('',*,*,#1851,.T.);
#2441=ORIENTED_EDGE('',*,*,#1852,.T.);
#2442=ORIENTED_EDGE('',*,*,#1848,.F.);
#2443=ORIENTED_EDGE('',*,*,#1853,.F.);
#2444=ORIENTED_EDGE('',*,*,#1854,.T.);
#2445=ORIENTED_EDGE('',*,*,#1855,.T.);
#2446=ORIENTED_EDGE('',*,*,#1851,.F.);
#2447=ORIENTED_EDGE('',*,*,#1856,.F.);
#2448=ORIENTED_EDGE('',*,*,#1857,.T.);
#2449=ORIENTED_EDGE('',*,*,#1858,.T.);
#2450=ORIENTED_EDGE('',*,*,#1854,.F.);
#2451=ORIENTED_EDGE('',*,*,#1859,.F.);
#2452=ORIENTED_EDGE('',*,*,#1860,.T.);
#2453=ORIENTED_EDGE('',*,*,#1861,.T.);
#2454=ORIENTED_EDGE('',*,*,#1857,.F.);
#2455=ORIENTED_EDGE('',*,*,#1862,.F.);
#2456=ORIENTED_EDGE('',*,*,#1863,.T.);
#2457=ORIENTED_EDGE('',*,*,#1864,.T.);
#2458=ORIENTED_EDGE('',*,*,#1860,.F.);
#2459=ORIENTED_EDGE('',*,*,#1865,.F.);
#2460=ORIENTED_EDGE('',*,*,#1866,.T.);
#2461=ORIENTED_EDGE('',*,*,#1867,.T.);
#2462=ORIENTED_EDGE('',*,*,#1863,.F.);
#2463=ORIENTED_EDGE('',*,*,#1868,.F.);
#2464=ORIENTED_EDGE('',*,*,#1869,.T.);
#2465=ORIENTED_EDGE('',*,*,#1870,.T.);
#2466=ORIENTED_EDGE('',*,*,#1866,.F.);
#2467=ORIENTED_EDGE('',*,*,#1871,.F.);
#2468=ORIENTED_EDGE('',*,*,#1872,.F.);
#2469=ORIENTED_EDGE('',*,*,#1873,.F.);
#2470=ORIENTED_EDGE('',*,*,#1874,.F.);
#2471=ORIENTED_EDGE('',*,*,#1875,.T.);
#2472=ORIENTED_EDGE('',*,*,#1876,.T.);
#2473=ORIENTED_EDGE('',*,*,#1877,.T.);
#2474=ORIENTED_EDGE('',*,*,#1878,.T.);
#2475=ORIENTED_EDGE('',*,*,#1879,.T.);
#2476=ORIENTED_EDGE('',*,*,#1878,.F.);
#2477=ORIENTED_EDGE('',*,*,#1880,.T.);
#2478=ORIENTED_EDGE('',*,*,#1881,.T.);
#2479=ORIENTED_EDGE('',*,*,#1880,.F.);
#2480=ORIENTED_EDGE('',*,*,#1882,.T.);
#2481=ORIENTED_EDGE('',*,*,#1883,.F.);
#2482=ORIENTED_EDGE('',*,*,#1884,.T.);
#2483=ORIENTED_EDGE('',*,*,#1877,.F.);
#2484=ORIENTED_EDGE('',*,*,#1885,.F.);
#2485=ORIENTED_EDGE('',*,*,#1886,.F.);
#2486=ORIENTED_EDGE('',*,*,#1882,.F.);
#2487=ORIENTED_EDGE('',*,*,#1887,.T.);
#2488=ORIENTED_EDGE('',*,*,#1888,.T.);
#2489=ORIENTED_EDGE('',*,*,#1889,.T.);
#2490=ORIENTED_EDGE('',*,*,#1890,.T.);
#2491=ORIENTED_EDGE('',*,*,#1889,.F.);
#2492=ORIENTED_EDGE('',*,*,#1891,.T.);
#2493=ORIENTED_EDGE('',*,*,#1892,.T.);
#2494=ORIENTED_EDGE('',*,*,#1881,.F.);
#2495=ORIENTED_EDGE('',*,*,#1893,.T.);
#2496=ORIENTED_EDGE('',*,*,#1891,.F.);
#2497=ORIENTED_EDGE('',*,*,#1894,.T.);
#2498=ORIENTED_EDGE('',*,*,#1879,.F.);
#2499=ORIENTED_EDGE('',*,*,#1894,.F.);
#2500=ORIENTED_EDGE('',*,*,#1888,.F.);
#2501=ORIENTED_EDGE('',*,*,#1895,.F.);
#2502=ORIENTED_EDGE('',*,*,#1896,.T.);
#2503=ORIENTED_EDGE('',*,*,#1897,.T.);
#2504=ORIENTED_EDGE('',*,*,#1898,.T.);
#2505=ORIENTED_EDGE('',*,*,#1899,.T.);
#2506=ORIENTED_EDGE('',*,*,#1900,.T.);
#2507=ORIENTED_EDGE('',*,*,#1901,.T.);
#2508=ORIENTED_EDGE('',*,*,#1898,.F.);
#2509=ORIENTED_EDGE('',*,*,#1902,.T.);
#2510=ORIENTED_EDGE('',*,*,#1903,.T.);
#2511=ORIENTED_EDGE('',*,*,#1904,.T.);
#2512=ORIENTED_EDGE('',*,*,#1900,.F.);
#2513=ORIENTED_EDGE('',*,*,#1905,.T.);
#2514=ORIENTED_EDGE('',*,*,#1906,.T.);
#2515=ORIENTED_EDGE('',*,*,#1907,.T.);
#2516=ORIENTED_EDGE('',*,*,#1903,.F.);
#2517=ORIENTED_EDGE('',*,*,#1908,.T.);
#2518=ORIENTED_EDGE('',*,*,#1909,.T.);
#2519=ORIENTED_EDGE('',*,*,#1910,.T.);
#2520=ORIENTED_EDGE('',*,*,#1906,.F.);
#2521=ORIENTED_EDGE('',*,*,#1911,.T.);
#2522=ORIENTED_EDGE('',*,*,#1912,.T.);
#2523=ORIENTED_EDGE('',*,*,#1913,.T.);
#2524=ORIENTED_EDGE('',*,*,#1909,.F.);
#2525=ORIENTED_EDGE('',*,*,#1914,.T.);
#2526=ORIENTED_EDGE('',*,*,#1915,.T.);
#2527=ORIENTED_EDGE('',*,*,#1916,.T.);
#2528=ORIENTED_EDGE('',*,*,#1912,.F.);
#2529=ORIENTED_EDGE('',*,*,#1917,.T.);
#2530=ORIENTED_EDGE('',*,*,#1915,.F.);
#2531=ORIENTED_EDGE('',*,*,#1918,.T.);
#2532=ORIENTED_EDGE('',*,*,#1896,.F.);
#2533=ORIENTED_EDGE('',*,*,#1919,.T.);
#2534=ORIENTED_EDGE('',*,*,#1908,.F.);
#2535=ORIENTED_EDGE('',*,*,#1920,.T.);
#2536=ORIENTED_EDGE('',*,*,#1921,.F.);
#2537=ORIENTED_EDGE('',*,*,#1922,.T.);
#2538=ORIENTED_EDGE('',*,*,#1905,.F.);
#2539=ORIENTED_EDGE('',*,*,#1923,.F.);
#2540=ORIENTED_EDGE('',*,*,#1924,.F.);
#2541=ORIENTED_EDGE('',*,*,#1920,.F.);
#2542=ORIENTED_EDGE('',*,*,#1902,.F.);
#2543=ORIENTED_EDGE('',*,*,#1925,.T.);
#2544=ORIENTED_EDGE('',*,*,#1926,.F.);
#2545=ORIENTED_EDGE('',*,*,#1923,.T.);
#2546=ORIENTED_EDGE('',*,*,#1897,.F.);
#2547=ORIENTED_EDGE('',*,*,#1927,.F.);
#2548=ORIENTED_EDGE('',*,*,#1928,.F.);
#2549=ORIENTED_EDGE('',*,*,#1925,.F.);
#2550=ORIENTED_EDGE('',*,*,#1929,.F.);
#2551=ORIENTED_EDGE('',*,*,#1930,.T.);
#2552=ORIENTED_EDGE('',*,*,#1931,.F.);
#2553=ORIENTED_EDGE('',*,*,#1932,.T.);
#2554=ORIENTED_EDGE('',*,*,#1899,.F.);
#2555=ORIENTED_EDGE('',*,*,#1901,.F.);
#2556=ORIENTED_EDGE('',*,*,#1904,.F.);
#2557=ORIENTED_EDGE('',*,*,#1907,.F.);
#2558=ORIENTED_EDGE('',*,*,#1910,.F.);
#2559=ORIENTED_EDGE('',*,*,#1913,.F.);
#2560=ORIENTED_EDGE('',*,*,#1916,.F.);
#2561=ORIENTED_EDGE('',*,*,#1919,.F.);
#2562=ORIENTED_EDGE('',*,*,#1933,.T.);
#2563=ORIENTED_EDGE('',*,*,#1924,.T.);
#2564=ORIENTED_EDGE('',*,*,#1934,.T.);
#2565=ORIENTED_EDGE('',*,*,#1935,.T.);
#2566=ORIENTED_EDGE('',*,*,#1936,.T.);
#2567=ORIENTED_EDGE('',*,*,#1937,.T.);
#2568=ORIENTED_EDGE('',*,*,#1934,.F.);
#2569=ORIENTED_EDGE('',*,*,#1926,.T.);
#2570=ORIENTED_EDGE('',*,*,#1938,.T.);
#2571=ORIENTED_EDGE('',*,*,#1939,.T.);
#2572=ORIENTED_EDGE('',*,*,#1936,.F.);
#2573=ORIENTED_EDGE('',*,*,#1928,.T.);
#2574=ORIENTED_EDGE('',*,*,#1940,.T.);
#2575=ORIENTED_EDGE('',*,*,#1941,.T.);
#2576=ORIENTED_EDGE('',*,*,#1938,.F.);
#2577=ORIENTED_EDGE('',*,*,#1942,.T.);
#2578=ORIENTED_EDGE('',*,*,#1943,.T.);
#2579=ORIENTED_EDGE('',*,*,#1944,.T.);
#2580=ORIENTED_EDGE('',*,*,#1940,.F.);
#2581=ORIENTED_EDGE('',*,*,#1945,.T.);
#2582=ORIENTED_EDGE('',*,*,#1946,.T.);
#2583=ORIENTED_EDGE('',*,*,#1947,.T.);
#2584=ORIENTED_EDGE('',*,*,#1943,.F.);
#2585=ORIENTED_EDGE('',*,*,#1948,.T.);
#2586=ORIENTED_EDGE('',*,*,#1949,.T.);
#2587=ORIENTED_EDGE('',*,*,#1950,.T.);
#2588=ORIENTED_EDGE('',*,*,#1946,.F.);
#2589=ORIENTED_EDGE('',*,*,#1951,.T.);
#2590=ORIENTED_EDGE('',*,*,#1949,.F.);
#2591=ORIENTED_EDGE('',*,*,#1921,.T.);
#2592=ORIENTED_EDGE('',*,*,#1933,.F.);
#2593=ORIENTED_EDGE('',*,*,#1952,.T.);
#2594=ORIENTED_EDGE('',*,*,#1918,.F.);
#2595=ORIENTED_EDGE('',*,*,#1953,.T.);
#2596=ORIENTED_EDGE('',*,*,#1942,.F.);
#2597=ORIENTED_EDGE('',*,*,#1927,.T.);
#2598=ORIENTED_EDGE('',*,*,#1954,.F.);
#2599=ORIENTED_EDGE('',*,*,#1955,.F.);
#2600=ORIENTED_EDGE('',*,*,#1956,.F.);
#2601=ORIENTED_EDGE('',*,*,#1957,.F.);
#2602=ORIENTED_EDGE('',*,*,#1935,.F.);
#2603=ORIENTED_EDGE('',*,*,#1937,.F.);
#2604=ORIENTED_EDGE('',*,*,#1939,.F.);
#2605=ORIENTED_EDGE('',*,*,#1941,.F.);
#2606=ORIENTED_EDGE('',*,*,#1944,.F.);
#2607=ORIENTED_EDGE('',*,*,#1947,.F.);
#2608=ORIENTED_EDGE('',*,*,#1950,.F.);
#2609=ORIENTED_EDGE('',*,*,#1952,.F.);
#2610=ORIENTED_EDGE('',*,*,#1911,.F.);
#2611=ORIENTED_EDGE('',*,*,#1922,.F.);
#2612=ORIENTED_EDGE('',*,*,#1951,.F.);
#2613=ORIENTED_EDGE('',*,*,#1958,.F.);
#2614=ORIENTED_EDGE('',*,*,#1914,.F.);
#2615=ORIENTED_EDGE('',*,*,#1958,.T.);
#2616=ORIENTED_EDGE('',*,*,#1948,.F.);
#2617=ORIENTED_EDGE('',*,*,#1959,.T.);
#2618=ORIENTED_EDGE('',*,*,#1917,.F.);
#2619=ORIENTED_EDGE('',*,*,#1959,.F.);
#2620=ORIENTED_EDGE('',*,*,#1945,.F.);
#2621=ORIENTED_EDGE('',*,*,#1953,.F.);
#2622=ORIENTED_EDGE('',*,*,#1960,.T.);
#2623=ORIENTED_EDGE('',*,*,#1961,.F.);
#2624=ORIENTED_EDGE('',*,*,#1962,.T.);
#2625=ORIENTED_EDGE('',*,*,#1963,.F.);
#2626=ORIENTED_EDGE('',*,*,#1964,.T.);
#2627=ORIENTED_EDGE('',*,*,#1965,.T.);
#2628=ORIENTED_EDGE('',*,*,#1960,.F.);
#2629=ORIENTED_EDGE('',*,*,#1966,.T.);
#2630=ORIENTED_EDGE('',*,*,#1967,.T.);
#2631=ORIENTED_EDGE('',*,*,#1968,.F.);
#2632=ORIENTED_EDGE('',*,*,#1969,.T.);
#2633=ORIENTED_EDGE('',*,*,#1970,.F.);
#2634=ORIENTED_EDGE('',*,*,#1971,.T.);
#2635=ORIENTED_EDGE('',*,*,#1972,.F.);
#2636=ORIENTED_EDGE('',*,*,#1973,.T.);
#2637=ORIENTED_EDGE('',*,*,#1930,.F.);
#2638=ORIENTED_EDGE('',*,*,#1974,.T.);
#2639=ORIENTED_EDGE('',*,*,#1975,.F.);
#2640=ORIENTED_EDGE('',*,*,#1976,.T.);
#2641=ORIENTED_EDGE('',*,*,#1977,.T.);
#2642=ORIENTED_EDGE('',*,*,#1978,.T.);
#2643=ORIENTED_EDGE('',*,*,#1979,.T.);
#2644=ORIENTED_EDGE('',*,*,#1965,.F.);
#2645=ORIENTED_EDGE('',*,*,#1980,.T.);
#2646=ORIENTED_EDGE('',*,*,#1981,.F.);
#2647=ORIENTED_EDGE('',*,*,#1982,.F.);
#2648=ORIENTED_EDGE('',*,*,#1983,.T.);
#2649=ORIENTED_EDGE('',*,*,#1984,.T.);
#2650=ORIENTED_EDGE('',*,*,#1985,.F.);
#2651=ORIENTED_EDGE('',*,*,#1986,.T.);
#2652=ORIENTED_EDGE('',*,*,#1987,.T.);
#2653=ORIENTED_EDGE('',*,*,#1885,.T.);
#2654=ORIENTED_EDGE('',*,*,#1876,.F.);
#2655=ORIENTED_EDGE('',*,*,#1895,.T.);
#2656=ORIENTED_EDGE('',*,*,#1887,.F.);
#2657=ORIENTED_EDGE('',*,*,#1988,.F.);
#2658=ORIENTED_EDGE('',*,*,#1966,.F.);
#2659=ORIENTED_EDGE('',*,*,#1964,.F.);
#2660=ORIENTED_EDGE('',*,*,#1989,.F.);
#2661=ORIENTED_EDGE('',*,*,#1990,.F.);
#2662=ORIENTED_EDGE('',*,*,#1980,.F.);
#2663=ORIENTED_EDGE('',*,*,#1985,.T.);
#2664=ORIENTED_EDGE('',*,*,#1991,.T.);
#2665=ORIENTED_EDGE('',*,*,#1992,.F.);
#2666=ORIENTED_EDGE('',*,*,#1993,.T.);
#2667=ORIENTED_EDGE('',*,*,#1994,.T.);
#2668=ORIENTED_EDGE('',*,*,#1995,.T.);
#2669=ORIENTED_EDGE('',*,*,#1995,.F.);
#2670=ORIENTED_EDGE('',*,*,#1996,.F.);
#2671=ORIENTED_EDGE('',*,*,#1997,.T.);
#2672=ORIENTED_EDGE('',*,*,#1986,.F.);
#2673=ORIENTED_EDGE('',*,*,#1993,.F.);
#2674=ORIENTED_EDGE('',*,*,#1998,.F.);
#2675=ORIENTED_EDGE('',*,*,#1999,.T.);
#2676=ORIENTED_EDGE('',*,*,#2000,.F.);
#2677=ORIENTED_EDGE('',*,*,#2001,.T.);
#2678=ORIENTED_EDGE('',*,*,#2002,.T.);
#2679=ORIENTED_EDGE('',*,*,#1883,.T.);
#2680=ORIENTED_EDGE('',*,*,#2003,.T.);
#2681=ORIENTED_EDGE('',*,*,#2004,.T.);
#2682=ORIENTED_EDGE('',*,*,#1997,.F.);
#2683=ORIENTED_EDGE('',*,*,#2003,.F.);
#2684=ORIENTED_EDGE('',*,*,#1886,.T.);
#2685=ORIENTED_EDGE('',*,*,#1987,.F.);
#2686=ORIENTED_EDGE('',*,*,#2002,.F.);
#2687=ORIENTED_EDGE('',*,*,#2005,.F.);
#2688=ORIENTED_EDGE('',*,*,#2006,.F.);
#2689=ORIENTED_EDGE('',*,*,#2007,.F.);
#2690=ORIENTED_EDGE('',*,*,#1893,.F.);
#2691=ORIENTED_EDGE('',*,*,#1884,.F.);
#2692=ORIENTED_EDGE('',*,*,#2001,.F.);
#2693=ORIENTED_EDGE('',*,*,#2008,.F.);
#2694=ORIENTED_EDGE('',*,*,#2009,.F.);
#2695=ORIENTED_EDGE('',*,*,#2005,.T.);
#2696=ORIENTED_EDGE('',*,*,#1991,.F.);
#2697=ORIENTED_EDGE('',*,*,#1984,.F.);
#2698=ORIENTED_EDGE('',*,*,#2010,.F.);
#2699=ORIENTED_EDGE('',*,*,#2011,.F.);
#2700=ORIENTED_EDGE('',*,*,#2012,.T.);
#2701=ORIENTED_EDGE('',*,*,#2006,.T.);
#2702=ORIENTED_EDGE('',*,*,#2009,.T.);
#2703=ORIENTED_EDGE('',*,*,#2013,.T.);
#2704=ORIENTED_EDGE('',*,*,#1968,.T.);
#2705=ORIENTED_EDGE('',*,*,#1892,.F.);
#2706=ORIENTED_EDGE('',*,*,#2007,.T.);
#2707=ORIENTED_EDGE('',*,*,#2012,.F.);
#2708=ORIENTED_EDGE('',*,*,#2014,.T.);
#2709=ORIENTED_EDGE('',*,*,#1890,.F.);
#2710=ORIENTED_EDGE('',*,*,#2014,.F.);
#2711=ORIENTED_EDGE('',*,*,#1967,.F.);
#2712=ORIENTED_EDGE('',*,*,#1988,.T.);
#2713=ORIENTED_EDGE('',*,*,#2015,.T.);
#2714=ORIENTED_EDGE('',*,*,#1961,.T.);
#2715=ORIENTED_EDGE('',*,*,#2013,.F.);
#2716=ORIENTED_EDGE('',*,*,#2008,.T.);
#2717=ORIENTED_EDGE('',*,*,#2004,.F.);
#2718=ORIENTED_EDGE('',*,*,#1996,.T.);
#2719=ORIENTED_EDGE('',*,*,#1994,.F.);
#2720=ORIENTED_EDGE('',*,*,#2000,.T.);
#2721=ORIENTED_EDGE('',*,*,#2016,.T.);
#2722=ORIENTED_EDGE('',*,*,#1962,.F.);
#2723=ORIENTED_EDGE('',*,*,#2015,.F.);
#2724=ORIENTED_EDGE('',*,*,#2017,.F.);
#2725=ORIENTED_EDGE('',*,*,#2018,.F.);
#2726=ORIENTED_EDGE('',*,*,#2019,.F.);
#2727=ORIENTED_EDGE('',*,*,#2017,.T.);
#2728=ORIENTED_EDGE('',*,*,#2016,.F.);
#2729=ORIENTED_EDGE('',*,*,#1999,.F.);
#2730=ORIENTED_EDGE('',*,*,#2010,.T.);
#2731=ORIENTED_EDGE('',*,*,#1983,.F.);
#2732=ORIENTED_EDGE('',*,*,#2020,.T.);
#2733=ORIENTED_EDGE('',*,*,#1990,.T.);
#2734=ORIENTED_EDGE('',*,*,#2021,.F.);
#2735=ORIENTED_EDGE('',*,*,#1981,.T.);
#2736=ORIENTED_EDGE('',*,*,#2020,.F.);
#2737=ORIENTED_EDGE('',*,*,#1982,.T.);
#2738=ORIENTED_EDGE('',*,*,#2021,.T.);
#2739=ORIENTED_EDGE('',*,*,#1989,.T.);
#2740=ORIENTED_EDGE('',*,*,#2022,.T.);
#2741=ORIENTED_EDGE('',*,*,#2011,.T.);
#2742=ORIENTED_EDGE('',*,*,#1998,.T.);
#2743=ORIENTED_EDGE('',*,*,#1992,.T.);
#2744=ORIENTED_EDGE('',*,*,#2022,.F.);
#2745=ORIENTED_EDGE('',*,*,#1963,.T.);
#2746=ORIENTED_EDGE('',*,*,#2018,.T.);
#2747=ORIENTED_EDGE('',*,*,#2019,.T.);
#2748=ORIENTED_EDGE('',*,*,#1872,.T.);
#2749=ORIENTED_EDGE('',*,*,#2023,.T.);
#2750=ORIENTED_EDGE('',*,*,#1869,.F.);
#2751=ORIENTED_EDGE('',*,*,#2024,.F.);
#2752=ORIENTED_EDGE('',*,*,#2025,.F.);
#2753=ORIENTED_EDGE('',*,*,#1845,.F.);
#2754=ORIENTED_EDGE('',*,*,#1849,.F.);
#2755=ORIENTED_EDGE('',*,*,#1852,.F.);
#2756=ORIENTED_EDGE('',*,*,#1855,.F.);
#2757=ORIENTED_EDGE('',*,*,#1858,.F.);
#2758=ORIENTED_EDGE('',*,*,#1861,.F.);
#2759=ORIENTED_EDGE('',*,*,#1864,.F.);
#2760=ORIENTED_EDGE('',*,*,#1867,.F.);
#2761=ORIENTED_EDGE('',*,*,#1870,.F.);
#2762=ORIENTED_EDGE('',*,*,#2023,.F.);
#2763=ORIENTED_EDGE('',*,*,#1875,.F.);
#2764=ORIENTED_EDGE('',*,*,#2026,.F.);
#2765=ORIENTED_EDGE('',*,*,#1841,.F.);
#2766=ORIENTED_EDGE('',*,*,#2027,.F.);
#2767=ORIENTED_EDGE('',*,*,#1839,.F.);
#2768=ORIENTED_EDGE('',*,*,#1836,.F.);
#2769=ORIENTED_EDGE('',*,*,#1833,.F.);
#2770=ORIENTED_EDGE('',*,*,#1830,.F.);
#2771=ORIENTED_EDGE('',*,*,#1827,.F.);
#2772=ORIENTED_EDGE('',*,*,#1824,.F.);
#2773=ORIENTED_EDGE('',*,*,#1821,.F.);
#2774=ORIENTED_EDGE('',*,*,#1818,.F.);
#2775=ORIENTED_EDGE('',*,*,#1815,.F.);
#2776=ORIENTED_EDGE('',*,*,#2028,.F.);
#2777=ORIENTED_EDGE('',*,*,#1813,.F.);
#2778=ORIENTED_EDGE('',*,*,#1817,.F.);
#2779=ORIENTED_EDGE('',*,*,#1820,.F.);
#2780=ORIENTED_EDGE('',*,*,#1823,.F.);
#2781=ORIENTED_EDGE('',*,*,#1826,.F.);
#2782=ORIENTED_EDGE('',*,*,#1829,.F.);
#2783=ORIENTED_EDGE('',*,*,#1832,.F.);
#2784=ORIENTED_EDGE('',*,*,#1835,.F.);
#2785=ORIENTED_EDGE('',*,*,#1838,.F.);
#2786=ORIENTED_EDGE('',*,*,#2029,.F.);
#2787=ORIENTED_EDGE('',*,*,#1843,.F.);
#2788=ORIENTED_EDGE('',*,*,#2030,.F.);
#2789=ORIENTED_EDGE('',*,*,#1873,.T.);
#2790=ORIENTED_EDGE('',*,*,#2024,.T.);
#2791=ORIENTED_EDGE('',*,*,#1871,.T.);
#2792=ORIENTED_EDGE('',*,*,#1868,.T.);
#2793=ORIENTED_EDGE('',*,*,#1865,.T.);
#2794=ORIENTED_EDGE('',*,*,#1862,.T.);
#2795=ORIENTED_EDGE('',*,*,#1859,.T.);
#2796=ORIENTED_EDGE('',*,*,#1856,.T.);
#2797=ORIENTED_EDGE('',*,*,#1853,.T.);
#2798=ORIENTED_EDGE('',*,*,#1850,.T.);
#2799=ORIENTED_EDGE('',*,*,#1847,.T.);
#2800=ORIENTED_EDGE('',*,*,#2031,.T.);
#2801=ORIENTED_EDGE('',*,*,#2032,.T.);
#2802=ORIENTED_EDGE('',*,*,#2033,.T.);
#2803=ORIENTED_EDGE('',*,*,#2032,.F.);
#2804=ORIENTED_EDGE('',*,*,#2033,.F.);
#2805=ORIENTED_EDGE('',*,*,#2034,.T.);
#2806=ORIENTED_EDGE('',*,*,#1979,.F.);
#2807=ORIENTED_EDGE('',*,*,#2034,.F.);
#2808=ORIENTED_EDGE('',*,*,#2031,.F.);
#2809=ORIENTED_EDGE('',*,*,#2030,.T.);
#2810=ORIENTED_EDGE('',*,*,#1842,.T.);
#2811=ORIENTED_EDGE('',*,*,#2026,.T.);
#2812=ORIENTED_EDGE('',*,*,#1874,.T.);
#2813=ORIENTED_EDGE('',*,*,#1840,.T.);
#2814=ORIENTED_EDGE('',*,*,#2029,.T.);
#2815=ORIENTED_EDGE('',*,*,#1837,.F.);
#2816=ORIENTED_EDGE('',*,*,#2027,.T.);
#2817=ORIENTED_EDGE('',*,*,#2028,.T.);
#2818=ORIENTED_EDGE('',*,*,#1846,.T.);
#2819=ORIENTED_EDGE('',*,*,#2025,.T.);
#2820=ORIENTED_EDGE('',*,*,#1814,.F.);
#2821=ORIENTED_EDGE('',*,*,#1808,.T.);
#2822=ORIENTED_EDGE('',*,*,#2035,.T.);
#2823=ORIENTED_EDGE('',*,*,#1805,.F.);
#2824=ORIENTED_EDGE('',*,*,#2036,.F.);
#2825=ORIENTED_EDGE('',*,*,#2037,.F.);
#2826=ORIENTED_EDGE('',*,*,#1781,.F.);
#2827=ORIENTED_EDGE('',*,*,#1785,.F.);
#2828=ORIENTED_EDGE('',*,*,#1788,.F.);
#2829=ORIENTED_EDGE('',*,*,#1791,.F.);
#2830=ORIENTED_EDGE('',*,*,#1794,.F.);
#2831=ORIENTED_EDGE('',*,*,#1797,.F.);
#2832=ORIENTED_EDGE('',*,*,#1800,.F.);
#2833=ORIENTED_EDGE('',*,*,#1803,.F.);
#2834=ORIENTED_EDGE('',*,*,#1806,.F.);
#2835=ORIENTED_EDGE('',*,*,#2035,.F.);
#2836=ORIENTED_EDGE('',*,*,#1811,.F.);
#2837=ORIENTED_EDGE('',*,*,#2038,.F.);
#2838=ORIENTED_EDGE('',*,*,#1681,.F.);
#2839=ORIENTED_EDGE('',*,*,#2039,.F.);
#2840=ORIENTED_EDGE('',*,*,#1679,.F.);
#2841=ORIENTED_EDGE('',*,*,#1676,.F.);
#2842=ORIENTED_EDGE('',*,*,#1673,.F.);
#2843=ORIENTED_EDGE('',*,*,#1670,.F.);
#2844=ORIENTED_EDGE('',*,*,#1667,.F.);
#2845=ORIENTED_EDGE('',*,*,#1664,.F.);
#2846=ORIENTED_EDGE('',*,*,#1661,.F.);
#2847=ORIENTED_EDGE('',*,*,#1658,.F.);
#2848=ORIENTED_EDGE('',*,*,#1655,.F.);
#2849=ORIENTED_EDGE('',*,*,#2040,.F.);
#2850=ORIENTED_EDGE('',*,*,#1653,.F.);
#2851=ORIENTED_EDGE('',*,*,#1657,.F.);
#2852=ORIENTED_EDGE('',*,*,#1660,.F.);
#2853=ORIENTED_EDGE('',*,*,#1663,.F.);
#2854=ORIENTED_EDGE('',*,*,#1666,.F.);
#2855=ORIENTED_EDGE('',*,*,#1669,.F.);
#2856=ORIENTED_EDGE('',*,*,#1672,.F.);
#2857=ORIENTED_EDGE('',*,*,#1675,.F.);
#2858=ORIENTED_EDGE('',*,*,#1678,.F.);
#2859=ORIENTED_EDGE('',*,*,#2041,.F.);
#2860=ORIENTED_EDGE('',*,*,#1683,.F.);
#2861=ORIENTED_EDGE('',*,*,#2042,.F.);
#2862=ORIENTED_EDGE('',*,*,#1809,.T.);
#2863=ORIENTED_EDGE('',*,*,#2036,.T.);
#2864=ORIENTED_EDGE('',*,*,#1807,.T.);
#2865=ORIENTED_EDGE('',*,*,#1804,.T.);
#2866=ORIENTED_EDGE('',*,*,#1801,.T.);
#2867=ORIENTED_EDGE('',*,*,#1798,.T.);
#2868=ORIENTED_EDGE('',*,*,#1795,.T.);
#2869=ORIENTED_EDGE('',*,*,#1792,.T.);
#2870=ORIENTED_EDGE('',*,*,#1789,.T.);
#2871=ORIENTED_EDGE('',*,*,#1786,.T.);
#2872=ORIENTED_EDGE('',*,*,#1783,.T.);
#2873=ORIENTED_EDGE('',*,*,#1776,.T.);
#2874=ORIENTED_EDGE('',*,*,#2043,.T.);
#2875=ORIENTED_EDGE('',*,*,#1773,.F.);
#2876=ORIENTED_EDGE('',*,*,#2044,.F.);
#2877=ORIENTED_EDGE('',*,*,#2045,.F.);
#2878=ORIENTED_EDGE('',*,*,#1749,.F.);
#2879=ORIENTED_EDGE('',*,*,#1753,.F.);
#2880=ORIENTED_EDGE('',*,*,#1756,.F.);
#2881=ORIENTED_EDGE('',*,*,#1759,.F.);
#2882=ORIENTED_EDGE('',*,*,#1762,.F.);
#2883=ORIENTED_EDGE('',*,*,#1765,.F.);
#2884=ORIENTED_EDGE('',*,*,#1768,.F.);
#2885=ORIENTED_EDGE('',*,*,#1771,.F.);
#2886=ORIENTED_EDGE('',*,*,#1774,.F.);
#2887=ORIENTED_EDGE('',*,*,#2043,.F.);
#2888=ORIENTED_EDGE('',*,*,#1779,.F.);
#2889=ORIENTED_EDGE('',*,*,#2046,.F.);
#2890=ORIENTED_EDGE('',*,*,#1649,.F.);
#2891=ORIENTED_EDGE('',*,*,#2047,.F.);
#2892=ORIENTED_EDGE('',*,*,#1647,.F.);
#2893=ORIENTED_EDGE('',*,*,#1644,.F.);
#2894=ORIENTED_EDGE('',*,*,#1641,.F.);
#2895=ORIENTED_EDGE('',*,*,#1638,.F.);
#2896=ORIENTED_EDGE('',*,*,#1635,.F.);
#2897=ORIENTED_EDGE('',*,*,#1632,.F.);
#2898=ORIENTED_EDGE('',*,*,#1629,.F.);
#2899=ORIENTED_EDGE('',*,*,#1626,.F.);
#2900=ORIENTED_EDGE('',*,*,#1623,.F.);
#2901=ORIENTED_EDGE('',*,*,#2048,.F.);
#2902=ORIENTED_EDGE('',*,*,#1621,.F.);
#2903=ORIENTED_EDGE('',*,*,#1625,.F.);
#2904=ORIENTED_EDGE('',*,*,#1628,.F.);
#2905=ORIENTED_EDGE('',*,*,#1631,.F.);
#2906=ORIENTED_EDGE('',*,*,#1634,.F.);
#2907=ORIENTED_EDGE('',*,*,#1637,.F.);
#2908=ORIENTED_EDGE('',*,*,#1640,.F.);
#2909=ORIENTED_EDGE('',*,*,#1643,.F.);
#2910=ORIENTED_EDGE('',*,*,#1646,.F.);
#2911=ORIENTED_EDGE('',*,*,#2049,.F.);
#2912=ORIENTED_EDGE('',*,*,#1651,.F.);
#2913=ORIENTED_EDGE('',*,*,#2050,.F.);
#2914=ORIENTED_EDGE('',*,*,#1777,.T.);
#2915=ORIENTED_EDGE('',*,*,#2044,.T.);
#2916=ORIENTED_EDGE('',*,*,#1775,.T.);
#2917=ORIENTED_EDGE('',*,*,#1772,.T.);
#2918=ORIENTED_EDGE('',*,*,#1769,.T.);
#2919=ORIENTED_EDGE('',*,*,#1766,.T.);
#2920=ORIENTED_EDGE('',*,*,#1763,.T.);
#2921=ORIENTED_EDGE('',*,*,#1760,.T.);
#2922=ORIENTED_EDGE('',*,*,#1757,.T.);
#2923=ORIENTED_EDGE('',*,*,#1754,.T.);
#2924=ORIENTED_EDGE('',*,*,#1751,.T.);
#2925=ORIENTED_EDGE('',*,*,#1744,.T.);
#2926=ORIENTED_EDGE('',*,*,#2051,.T.);
#2927=ORIENTED_EDGE('',*,*,#1741,.F.);
#2928=ORIENTED_EDGE('',*,*,#2052,.F.);
#2929=ORIENTED_EDGE('',*,*,#2053,.F.);
#2930=ORIENTED_EDGE('',*,*,#1717,.F.);
#2931=ORIENTED_EDGE('',*,*,#1721,.F.);
#2932=ORIENTED_EDGE('',*,*,#1724,.F.);
#2933=ORIENTED_EDGE('',*,*,#1727,.F.);
#2934=ORIENTED_EDGE('',*,*,#1730,.F.);
#2935=ORIENTED_EDGE('',*,*,#1733,.F.);
#2936=ORIENTED_EDGE('',*,*,#1736,.F.);
#2937=ORIENTED_EDGE('',*,*,#1739,.F.);
#2938=ORIENTED_EDGE('',*,*,#1742,.F.);
#2939=ORIENTED_EDGE('',*,*,#2051,.F.);
#2940=ORIENTED_EDGE('',*,*,#1747,.F.);
#2941=ORIENTED_EDGE('',*,*,#2054,.F.);
#2942=ORIENTED_EDGE('',*,*,#1713,.F.);
#2943=ORIENTED_EDGE('',*,*,#2055,.F.);
#2944=ORIENTED_EDGE('',*,*,#1711,.F.);
#2945=ORIENTED_EDGE('',*,*,#1708,.F.);
#2946=ORIENTED_EDGE('',*,*,#1705,.F.);
#2947=ORIENTED_EDGE('',*,*,#1702,.F.);
#2948=ORIENTED_EDGE('',*,*,#1699,.F.);
#2949=ORIENTED_EDGE('',*,*,#1696,.F.);
#2950=ORIENTED_EDGE('',*,*,#1693,.F.);
#2951=ORIENTED_EDGE('',*,*,#1690,.F.);
#2952=ORIENTED_EDGE('',*,*,#1687,.F.);
#2953=ORIENTED_EDGE('',*,*,#2056,.F.);
#2954=ORIENTED_EDGE('',*,*,#1685,.F.);
#2955=ORIENTED_EDGE('',*,*,#1689,.F.);
#2956=ORIENTED_EDGE('',*,*,#1692,.F.);
#2957=ORIENTED_EDGE('',*,*,#1695,.F.);
#2958=ORIENTED_EDGE('',*,*,#1698,.F.);
#2959=ORIENTED_EDGE('',*,*,#1701,.F.);
#2960=ORIENTED_EDGE('',*,*,#1704,.F.);
#2961=ORIENTED_EDGE('',*,*,#1707,.F.);
#2962=ORIENTED_EDGE('',*,*,#1710,.F.);
#2963=ORIENTED_EDGE('',*,*,#2057,.F.);
#2964=ORIENTED_EDGE('',*,*,#1715,.F.);
#2965=ORIENTED_EDGE('',*,*,#2058,.F.);
#2966=ORIENTED_EDGE('',*,*,#1745,.T.);
#2967=ORIENTED_EDGE('',*,*,#2052,.T.);
#2968=ORIENTED_EDGE('',*,*,#1743,.T.);
#2969=ORIENTED_EDGE('',*,*,#1740,.T.);
#2970=ORIENTED_EDGE('',*,*,#1737,.T.);
#2971=ORIENTED_EDGE('',*,*,#1734,.T.);
#2972=ORIENTED_EDGE('',*,*,#1731,.T.);
#2973=ORIENTED_EDGE('',*,*,#1728,.T.);
#2974=ORIENTED_EDGE('',*,*,#1725,.T.);
#2975=ORIENTED_EDGE('',*,*,#1722,.T.);
#2976=ORIENTED_EDGE('',*,*,#1719,.T.);
#2977=ORIENTED_EDGE('',*,*,#2059,.T.);
#2978=ORIENTED_EDGE('',*,*,#2060,.T.);
#2979=ORIENTED_EDGE('',*,*,#2061,.T.);
#2980=ORIENTED_EDGE('',*,*,#2060,.F.);
#2981=ORIENTED_EDGE('',*,*,#2061,.F.);
#2982=ORIENTED_EDGE('',*,*,#2062,.T.);
#2983=ORIENTED_EDGE('',*,*,#1977,.F.);
#2984=ORIENTED_EDGE('',*,*,#2062,.F.);
#2985=ORIENTED_EDGE('',*,*,#2059,.F.);
#2986=ORIENTED_EDGE('',*,*,#2058,.T.);
#2987=ORIENTED_EDGE('',*,*,#1714,.T.);
#2988=ORIENTED_EDGE('',*,*,#2054,.T.);
#2989=ORIENTED_EDGE('',*,*,#1746,.T.);
#2990=ORIENTED_EDGE('',*,*,#1712,.T.);
#2991=ORIENTED_EDGE('',*,*,#2057,.T.);
#2992=ORIENTED_EDGE('',*,*,#1709,.F.);
#2993=ORIENTED_EDGE('',*,*,#2055,.T.);
#2994=ORIENTED_EDGE('',*,*,#2056,.T.);
#2995=ORIENTED_EDGE('',*,*,#1718,.T.);
#2996=ORIENTED_EDGE('',*,*,#2053,.T.);
#2997=ORIENTED_EDGE('',*,*,#1686,.F.);
#2998=ORIENTED_EDGE('',*,*,#2063,.T.);
#2999=ORIENTED_EDGE('',*,*,#2064,.T.);
#3000=ORIENTED_EDGE('',*,*,#2065,.T.);
#3001=ORIENTED_EDGE('',*,*,#2064,.F.);
#3002=ORIENTED_EDGE('',*,*,#2065,.F.);
#3003=ORIENTED_EDGE('',*,*,#2066,.T.);
#3004=ORIENTED_EDGE('',*,*,#1976,.F.);
#3005=ORIENTED_EDGE('',*,*,#2066,.F.);
#3006=ORIENTED_EDGE('',*,*,#2063,.F.);
#3007=ORIENTED_EDGE('',*,*,#2042,.T.);
#3008=ORIENTED_EDGE('',*,*,#1682,.T.);
#3009=ORIENTED_EDGE('',*,*,#2038,.T.);
#3010=ORIENTED_EDGE('',*,*,#1810,.T.);
#3011=ORIENTED_EDGE('',*,*,#1680,.T.);
#3012=ORIENTED_EDGE('',*,*,#2041,.T.);
#3013=ORIENTED_EDGE('',*,*,#1677,.F.);
#3014=ORIENTED_EDGE('',*,*,#2039,.T.);
#3015=ORIENTED_EDGE('',*,*,#2040,.T.);
#3016=ORIENTED_EDGE('',*,*,#1782,.T.);
#3017=ORIENTED_EDGE('',*,*,#2037,.T.);
#3018=ORIENTED_EDGE('',*,*,#1654,.F.);
#3019=ORIENTED_EDGE('',*,*,#2067,.T.);
#3020=ORIENTED_EDGE('',*,*,#2068,.T.);
#3021=ORIENTED_EDGE('',*,*,#2069,.T.);
#3022=ORIENTED_EDGE('',*,*,#2068,.F.);
#3023=ORIENTED_EDGE('',*,*,#2069,.F.);
#3024=ORIENTED_EDGE('',*,*,#2070,.T.);
#3025=ORIENTED_EDGE('',*,*,#1978,.F.);
#3026=ORIENTED_EDGE('',*,*,#2070,.F.);
#3027=ORIENTED_EDGE('',*,*,#2067,.F.);
#3028=ORIENTED_EDGE('',*,*,#2050,.T.);
#3029=ORIENTED_EDGE('',*,*,#1650,.T.);
#3030=ORIENTED_EDGE('',*,*,#2046,.T.);
#3031=ORIENTED_EDGE('',*,*,#1778,.T.);
#3032=ORIENTED_EDGE('',*,*,#1648,.T.);
#3033=ORIENTED_EDGE('',*,*,#2049,.T.);
#3034=ORIENTED_EDGE('',*,*,#1645,.F.);
#3035=ORIENTED_EDGE('',*,*,#2047,.T.);
#3036=ORIENTED_EDGE('',*,*,#2048,.T.);
#3037=ORIENTED_EDGE('',*,*,#1750,.T.);
#3038=ORIENTED_EDGE('',*,*,#2045,.T.);
#3039=ORIENTED_EDGE('',*,*,#1622,.F.);
#3040=ORIENTED_EDGE('',*,*,#2071,.T.);
#3041=ORIENTED_EDGE('',*,*,#2072,.T.);
#3042=ORIENTED_EDGE('',*,*,#2073,.T.);
#3043=ORIENTED_EDGE('',*,*,#2074,.T.);
#3044=ORIENTED_EDGE('',*,*,#2074,.F.);
#3045=ORIENTED_EDGE('',*,*,#2075,.F.);
#3046=ORIENTED_EDGE('',*,*,#2076,.F.);
#3047=ORIENTED_EDGE('',*,*,#2077,.F.);
#3048=ORIENTED_EDGE('',*,*,#2073,.F.);
#3049=ORIENTED_EDGE('',*,*,#2078,.T.);
#3050=ORIENTED_EDGE('',*,*,#2079,.F.);
#3051=ORIENTED_EDGE('',*,*,#1955,.T.);
#3052=ORIENTED_EDGE('',*,*,#2080,.F.);
#3053=ORIENTED_EDGE('',*,*,#2081,.T.);
#3054=ORIENTED_EDGE('',*,*,#2082,.F.);
#3055=ORIENTED_EDGE('',*,*,#2075,.T.);
#3056=ORIENTED_EDGE('',*,*,#2083,.T.);
#3057=ORIENTED_EDGE('',*,*,#2084,.T.);
#3058=ORIENTED_EDGE('',*,*,#2085,.T.);
#3059=ORIENTED_EDGE('',*,*,#2086,.T.);
#3060=ORIENTED_EDGE('',*,*,#2087,.T.);
#3061=ORIENTED_EDGE('',*,*,#2088,.T.);
#3062=ORIENTED_EDGE('',*,*,#2089,.T.);
#3063=ORIENTED_EDGE('',*,*,#2090,.T.);
#3064=ORIENTED_EDGE('',*,*,#2091,.T.);
#3065=ORIENTED_EDGE('',*,*,#2092,.T.);
#3066=ORIENTED_EDGE('',*,*,#2080,.T.);
#3067=ORIENTED_EDGE('',*,*,#1954,.T.);
#3068=ORIENTED_EDGE('',*,*,#2092,.F.);
#3069=ORIENTED_EDGE('',*,*,#2093,.F.);
#3070=ORIENTED_EDGE('',*,*,#2094,.F.);
#3071=ORIENTED_EDGE('',*,*,#2081,.F.);
#3072=ORIENTED_EDGE('',*,*,#2095,.T.);
#3073=ORIENTED_EDGE('',*,*,#2076,.T.);
#3074=ORIENTED_EDGE('',*,*,#2082,.T.);
#3075=ORIENTED_EDGE('',*,*,#2094,.T.);
#3076=ORIENTED_EDGE('',*,*,#2096,.T.);
#3077=ORIENTED_EDGE('',*,*,#1956,.T.);
#3078=ORIENTED_EDGE('',*,*,#2079,.T.);
#3079=ORIENTED_EDGE('',*,*,#2097,.T.);
#3080=ORIENTED_EDGE('',*,*,#2098,.T.);
#3081=ORIENTED_EDGE('',*,*,#2086,.F.);
#3082=ORIENTED_EDGE('',*,*,#2099,.T.);
#3083=ORIENTED_EDGE('',*,*,#2100,.T.);
#3084=ORIENTED_EDGE('',*,*,#2099,.F.);
#3085=ORIENTED_EDGE('',*,*,#2085,.F.);
#3086=ORIENTED_EDGE('',*,*,#2101,.T.);
#3087=ORIENTED_EDGE('',*,*,#2102,.T.);
#3088=ORIENTED_EDGE('',*,*,#2101,.F.);
#3089=ORIENTED_EDGE('',*,*,#2084,.F.);
#3090=ORIENTED_EDGE('',*,*,#2103,.T.);
#3091=ORIENTED_EDGE('',*,*,#2104,.T.);
#3092=ORIENTED_EDGE('',*,*,#2103,.F.);
#3093=ORIENTED_EDGE('',*,*,#2083,.F.);
#3094=ORIENTED_EDGE('',*,*,#2098,.F.);
#3095=ORIENTED_EDGE('',*,*,#2105,.T.);
#3096=ORIENTED_EDGE('',*,*,#2100,.F.);
#3097=ORIENTED_EDGE('',*,*,#2102,.F.);
#3098=ORIENTED_EDGE('',*,*,#2104,.F.);
#3099=ORIENTED_EDGE('',*,*,#2105,.F.);
#3100=ORIENTED_EDGE('',*,*,#2106,.T.);
#3101=ORIENTED_EDGE('',*,*,#2089,.F.);
#3102=ORIENTED_EDGE('',*,*,#2107,.T.);
#3103=ORIENTED_EDGE('',*,*,#2108,.T.);
#3104=ORIENTED_EDGE('',*,*,#2107,.F.);
#3105=ORIENTED_EDGE('',*,*,#2088,.F.);
#3106=ORIENTED_EDGE('',*,*,#2109,.T.);
#3107=ORIENTED_EDGE('',*,*,#2110,.T.);
#3108=ORIENTED_EDGE('',*,*,#2109,.F.);
#3109=ORIENTED_EDGE('',*,*,#2087,.F.);
#3110=ORIENTED_EDGE('',*,*,#2111,.T.);
#3111=ORIENTED_EDGE('',*,*,#2112,.T.);
#3112=ORIENTED_EDGE('',*,*,#2111,.F.);
#3113=ORIENTED_EDGE('',*,*,#2090,.F.);
#3114=ORIENTED_EDGE('',*,*,#2106,.F.);
#3115=ORIENTED_EDGE('',*,*,#2113,.T.);
#3116=ORIENTED_EDGE('',*,*,#2108,.F.);
#3117=ORIENTED_EDGE('',*,*,#2110,.F.);
#3118=ORIENTED_EDGE('',*,*,#2112,.F.);
#3119=ORIENTED_EDGE('',*,*,#2113,.F.);
#3120=ORIENTED_EDGE('',*,*,#1969,.F.);
#3121=ORIENTED_EDGE('',*,*,#2114,.T.);
#3122=ORIENTED_EDGE('',*,*,#2115,.T.);
#3123=ORIENTED_EDGE('',*,*,#2116,.T.);
#3124=ORIENTED_EDGE('',*,*,#2116,.F.);
#3125=ORIENTED_EDGE('',*,*,#2117,.T.);
#3126=ORIENTED_EDGE('',*,*,#2118,.F.);
#3127=ORIENTED_EDGE('',*,*,#1970,.T.);
#3128=ORIENTED_EDGE('',*,*,#2119,.F.);
#3129=ORIENTED_EDGE('',*,*,#2120,.T.);
#3130=ORIENTED_EDGE('',*,*,#2121,.T.);
#3131=ORIENTED_EDGE('',*,*,#2122,.T.);
#3132=ORIENTED_EDGE('',*,*,#2122,.F.);
#3133=ORIENTED_EDGE('',*,*,#2123,.F.);
#3134=ORIENTED_EDGE('',*,*,#2124,.F.);
#3135=ORIENTED_EDGE('',*,*,#2125,.T.);
#3136=ORIENTED_EDGE('',*,*,#1971,.F.);
#3137=ORIENTED_EDGE('',*,*,#2118,.T.);
#3138=ORIENTED_EDGE('',*,*,#2126,.T.);
#3139=ORIENTED_EDGE('',*,*,#2127,.T.);
#3140=ORIENTED_EDGE('',*,*,#2127,.F.);
#3141=ORIENTED_EDGE('',*,*,#2128,.T.);
#3142=ORIENTED_EDGE('',*,*,#2129,.F.);
#3143=ORIENTED_EDGE('',*,*,#1972,.T.);
#3144=ORIENTED_EDGE('',*,*,#2130,.F.);
#3145=ORIENTED_EDGE('',*,*,#2124,.T.);
#3146=ORIENTED_EDGE('',*,*,#2131,.T.);
#3147=ORIENTED_EDGE('',*,*,#2132,.T.);
#3148=ORIENTED_EDGE('',*,*,#2132,.F.);
#3149=ORIENTED_EDGE('',*,*,#2133,.F.);
#3150=ORIENTED_EDGE('',*,*,#2134,.F.);
#3151=ORIENTED_EDGE('',*,*,#2135,.T.);
#3152=ORIENTED_EDGE('',*,*,#1974,.F.);
#3153=ORIENTED_EDGE('',*,*,#1929,.T.);
#3154=ORIENTED_EDGE('',*,*,#2136,.T.);
#3155=ORIENTED_EDGE('',*,*,#2137,.T.);
#3156=ORIENTED_EDGE('',*,*,#2114,.F.);
#3157=ORIENTED_EDGE('',*,*,#1975,.T.);
#3158=ORIENTED_EDGE('',*,*,#2137,.F.);
#3159=ORIENTED_EDGE('',*,*,#2138,.T.);
#3160=ORIENTED_EDGE('',*,*,#2139,.F.);
#3161=ORIENTED_EDGE('',*,*,#2140,.T.);
#3162=ORIENTED_EDGE('',*,*,#2141,.T.);
#3163=ORIENTED_EDGE('',*,*,#2142,.T.);
#3164=ORIENTED_EDGE('',*,*,#2120,.F.);
#3165=ORIENTED_EDGE('',*,*,#2143,.T.);
#3166=ORIENTED_EDGE('',*,*,#2142,.F.);
#3167=ORIENTED_EDGE('',*,*,#2144,.F.);
#3168=ORIENTED_EDGE('',*,*,#2145,.F.);
#3169=ORIENTED_EDGE('',*,*,#2134,.T.);
#3170=ORIENTED_EDGE('',*,*,#2146,.T.);
#3171=ORIENTED_EDGE('',*,*,#2147,.T.);
#3172=ORIENTED_EDGE('',*,*,#2140,.F.);
#3173=ORIENTED_EDGE('',*,*,#2148,.T.);
#3174=ORIENTED_EDGE('',*,*,#2147,.F.);
#3175=ORIENTED_EDGE('',*,*,#2149,.F.);
#3176=ORIENTED_EDGE('',*,*,#1973,.F.);
#3177=ORIENTED_EDGE('',*,*,#2129,.T.);
#3178=ORIENTED_EDGE('',*,*,#2150,.T.);
#3179=ORIENTED_EDGE('',*,*,#1931,.T.);
#3180=ORIENTED_EDGE('',*,*,#2119,.T.);
#3181=ORIENTED_EDGE('',*,*,#2125,.F.);
#3182=ORIENTED_EDGE('',*,*,#2130,.T.);
#3183=ORIENTED_EDGE('',*,*,#2135,.F.);
#3184=ORIENTED_EDGE('',*,*,#2145,.T.);
#3185=ORIENTED_EDGE('',*,*,#2148,.F.);
#3186=ORIENTED_EDGE('',*,*,#2139,.T.);
#3187=ORIENTED_EDGE('',*,*,#2143,.F.);
#3188=ORIENTED_EDGE('',*,*,#2126,.F.);
#3189=ORIENTED_EDGE('',*,*,#2117,.F.);
#3190=ORIENTED_EDGE('',*,*,#2115,.F.);
#3191=ORIENTED_EDGE('',*,*,#2138,.F.);
#3192=ORIENTED_EDGE('',*,*,#2136,.F.);
#3193=ORIENTED_EDGE('',*,*,#1932,.F.);
#3194=ORIENTED_EDGE('',*,*,#2150,.F.);
#3195=ORIENTED_EDGE('',*,*,#2128,.F.);
#3196=ORIENTED_EDGE('',*,*,#2072,.F.);
#3197=ORIENTED_EDGE('',*,*,#2151,.F.);
#3198=ORIENTED_EDGE('',*,*,#2097,.F.);
#3199=ORIENTED_EDGE('',*,*,#2078,.F.);
#3200=ORIENTED_EDGE('',*,*,#2071,.F.);
#3201=ORIENTED_EDGE('',*,*,#2077,.T.);
#3202=ORIENTED_EDGE('',*,*,#2095,.F.);
#3203=ORIENTED_EDGE('',*,*,#2093,.T.);
#3204=ORIENTED_EDGE('',*,*,#2091,.F.);
#3205=ORIENTED_EDGE('',*,*,#1957,.T.);
#3206=ORIENTED_EDGE('',*,*,#2096,.F.);
#3207=ORIENTED_EDGE('',*,*,#2151,.T.);
#3208=ORIENTED_EDGE('',*,*,#2144,.T.);
#3209=ORIENTED_EDGE('',*,*,#2141,.F.);
#3210=ORIENTED_EDGE('',*,*,#2149,.T.);
#3211=ORIENTED_EDGE('',*,*,#2146,.F.);
#3212=ORIENTED_EDGE('',*,*,#2133,.T.);
#3213=ORIENTED_EDGE('',*,*,#2131,.F.);
#3214=ORIENTED_EDGE('',*,*,#2123,.T.);
#3215=ORIENTED_EDGE('',*,*,#2121,.F.);
#3216=CYLINDRICAL_SURFACE('',#3561,1.2645);
#3217=CYLINDRICAL_SURFACE('',#3563,1.2645);
#3218=CYLINDRICAL_SURFACE('',#3564,1.2645);
#3219=CYLINDRICAL_SURFACE('',#3565,1.2645);
#3220=CYLINDRICAL_SURFACE('',#3566,1.2645);
#3221=CYLINDRICAL_SURFACE('',#3567,1.2645);
#3222=CYLINDRICAL_SURFACE('',#3568,1.2645);
#3223=CYLINDRICAL_SURFACE('',#3569,1.2645);
#3224=CYLINDRICAL_SURFACE('',#3570,1.2645);
#3225=CYLINDRICAL_SURFACE('',#3571,1.2645);
#3226=CYLINDRICAL_SURFACE('',#3573,1.2645);
#3227=CYLINDRICAL_SURFACE('',#3575,1.2645);
#3228=CYLINDRICAL_SURFACE('',#3576,1.2645);
#3229=CYLINDRICAL_SURFACE('',#3577,1.2645);
#3230=CYLINDRICAL_SURFACE('',#3578,1.2645);
#3231=CYLINDRICAL_SURFACE('',#3579,1.2645);
#3232=CYLINDRICAL_SURFACE('',#3580,1.2645);
#3233=CYLINDRICAL_SURFACE('',#3581,1.2645);
#3234=CYLINDRICAL_SURFACE('',#3582,1.2645);
#3235=CYLINDRICAL_SURFACE('',#3583,1.2645);
#3236=CYLINDRICAL_SURFACE('',#3585,1.2645);
#3237=CYLINDRICAL_SURFACE('',#3587,1.2645);
#3238=CYLINDRICAL_SURFACE('',#3588,1.2645);
#3239=CYLINDRICAL_SURFACE('',#3589,1.2645);
#3240=CYLINDRICAL_SURFACE('',#3590,1.2645);
#3241=CYLINDRICAL_SURFACE('',#3591,1.2645);
#3242=CYLINDRICAL_SURFACE('',#3592,1.2645);
#3243=CYLINDRICAL_SURFACE('',#3593,1.2645);
#3244=CYLINDRICAL_SURFACE('',#3594,1.2645);
#3245=CYLINDRICAL_SURFACE('',#3595,1.2645);
#3246=CYLINDRICAL_SURFACE('',#3597,1.54300000000001);
#3247=CYLINDRICAL_SURFACE('',#3599,1.54300000000001);
#3248=CYLINDRICAL_SURFACE('',#3600,1.54300000000001);
#3249=CYLINDRICAL_SURFACE('',#3601,1.54300000000001);
#3250=CYLINDRICAL_SURFACE('',#3602,1.54300000000001);
#3251=CYLINDRICAL_SURFACE('',#3603,1.54300000000001);
#3252=CYLINDRICAL_SURFACE('',#3604,1.54300000000001);
#3253=CYLINDRICAL_SURFACE('',#3605,1.54300000000001);
#3254=CYLINDRICAL_SURFACE('',#3606,1.54300000000001);
#3255=CYLINDRICAL_SURFACE('',#3607,1.54300000000001);
#3256=CYLINDRICAL_SURFACE('',#3609,1.543);
#3257=CYLINDRICAL_SURFACE('',#3611,1.543);
#3258=CYLINDRICAL_SURFACE('',#3612,1.543);
#3259=CYLINDRICAL_SURFACE('',#3613,1.543);
#3260=CYLINDRICAL_SURFACE('',#3614,1.543);
#3261=CYLINDRICAL_SURFACE('',#3615,1.543);
#3262=CYLINDRICAL_SURFACE('',#3616,1.543);
#3263=CYLINDRICAL_SURFACE('',#3617,1.543);
#3264=CYLINDRICAL_SURFACE('',#3618,1.543);
#3265=CYLINDRICAL_SURFACE('',#3619,1.543);
#3266=CYLINDRICAL_SURFACE('',#3621,1.543);
#3267=CYLINDRICAL_SURFACE('',#3623,1.543);
#3268=CYLINDRICAL_SURFACE('',#3624,1.543);
#3269=CYLINDRICAL_SURFACE('',#3625,1.543);
#3270=CYLINDRICAL_SURFACE('',#3626,1.543);
#3271=CYLINDRICAL_SURFACE('',#3627,1.543);
#3272=CYLINDRICAL_SURFACE('',#3628,1.543);
#3273=CYLINDRICAL_SURFACE('',#3629,1.543);
#3274=CYLINDRICAL_SURFACE('',#3630,1.543);
#3275=CYLINDRICAL_SURFACE('',#3631,1.543);
#3276=CYLINDRICAL_SURFACE('',#3633,1.2645);
#3277=CYLINDRICAL_SURFACE('',#3635,1.2645);
#3278=CYLINDRICAL_SURFACE('',#3636,1.2645);
#3279=CYLINDRICAL_SURFACE('',#3637,1.2645);
#3280=CYLINDRICAL_SURFACE('',#3638,1.2645);
#3281=CYLINDRICAL_SURFACE('',#3639,1.2645);
#3282=CYLINDRICAL_SURFACE('',#3640,1.2645);
#3283=CYLINDRICAL_SURFACE('',#3641,1.2645);
#3284=CYLINDRICAL_SURFACE('',#3642,1.2645);
#3285=CYLINDRICAL_SURFACE('',#3643,1.2645);
#3286=CYLINDRICAL_SURFACE('',#3645,1.54300000000001);
#3287=CYLINDRICAL_SURFACE('',#3647,1.54300000000001);
#3288=CYLINDRICAL_SURFACE('',#3648,1.54300000000001);
#3289=CYLINDRICAL_SURFACE('',#3649,1.54300000000001);
#3290=CYLINDRICAL_SURFACE('',#3650,1.54300000000001);
#3291=CYLINDRICAL_SURFACE('',#3651,1.54300000000001);
#3292=CYLINDRICAL_SURFACE('',#3652,1.54300000000001);
#3293=CYLINDRICAL_SURFACE('',#3653,1.54300000000001);
#3294=CYLINDRICAL_SURFACE('',#3654,1.54300000000001);
#3295=CYLINDRICAL_SURFACE('',#3655,1.54300000000001);
#3296=CYLINDRICAL_SURFACE('',#3657,1.);
#3297=CYLINDRICAL_SURFACE('',#3663,1.);
#3298=CYLINDRICAL_SURFACE('',#3666,1.);
#3299=CYLINDRICAL_SURFACE('',#3672,1.);
#3300=CYLINDRICAL_SURFACE('',#3674,0.5);
#3301=CYLINDRICAL_SURFACE('',#3681,0.5);
#3302=CYLINDRICAL_SURFACE('',#3687,0.5);
#3303=CYLINDRICAL_SURFACE('',#3693,0.5);
#3304=CYLINDRICAL_SURFACE('',#3698,1.);
#3305=CYLINDRICAL_SURFACE('',#3701,1.);
#3306=CYLINDRICAL_SURFACE('',#3705,0.5);
#3307=CYLINDRICAL_SURFACE('',#3711,0.5);
#3308=CYLINDRICAL_SURFACE('',#3717,0.5);
#3309=CYLINDRICAL_SURFACE('',#3723,0.5);
#3310=CYLINDRICAL_SURFACE('',#3727,1.);
#3311=CYLINDRICAL_SURFACE('',#3730,1.);
#3312=CYLINDRICAL_SURFACE('',#3732,1.);
#3313=CYLINDRICAL_SURFACE('',#3736,1.5);
#3314=CYLINDRICAL_SURFACE('',#3752,1.);
#3315=CYLINDRICAL_SURFACE('',#3755,0.5);
#3316=CYLINDRICAL_SURFACE('',#3762,1.5);
#3317=CYLINDRICAL_SURFACE('',#3765,1.);
#3318=CYLINDRICAL_SURFACE('',#3770,1.);
#3319=CYLINDRICAL_SURFACE('',#3779,2.);
#3320=CYLINDRICAL_SURFACE('',#3781,1.54300000000001);
#3321=CYLINDRICAL_SURFACE('',#3785,2.99999999999999);
#3322=CYLINDRICAL_SURFACE('',#3787,1.2645);
#3323=CYLINDRICAL_SURFACE('',#3789,1.543);
#3324=CYLINDRICAL_SURFACE('',#3790,1.543);
#3325=CYLINDRICAL_SURFACE('',#3791,1.54300000000001);
#3326=CYLINDRICAL_SURFACE('',#3795,2.99999999999999);
#3327=CYLINDRICAL_SURFACE('',#3797,1.2645);
#3328=CYLINDRICAL_SURFACE('',#3802,3.);
#3329=CYLINDRICAL_SURFACE('',#3804,1.2645);
#3330=CYLINDRICAL_SURFACE('',#3809,3.);
#3331=CYLINDRICAL_SURFACE('',#3811,1.2645);
#3332=CYLINDRICAL_SURFACE('',#3828,2.);
#3333=CYLINDRICAL_SURFACE('',#3833,2.);
#3334=CYLINDRICAL_SURFACE('',#3835,2.);
#3335=CYLINDRICAL_SURFACE('',#3841,2.);
#3336=CYLINDRICAL_SURFACE('',#3846,1.);
#3337=CYLINDRICAL_SURFACE('',#3849,1.);
#3338=CYLINDRICAL_SURFACE('',#3853,1.);
#3339=CYLINDRICAL_SURFACE('',#3856,1.);
#3340=CYLINDRICAL_SURFACE('',#3860,1.);
#3341=CYLINDRICAL_SURFACE('',#3863,1.);
#3342=CYLINDRICAL_SURFACE('',#3867,1.);
#3343=CYLINDRICAL_SURFACE('',#3871,1.);
#3344=ADVANCED_FACE('',(#105),#3216,.F.);
#3345=ADVANCED_FACE('',(#106),#3217,.F.);
#3346=ADVANCED_FACE('',(#107),#3218,.F.);
#3347=ADVANCED_FACE('',(#108),#3219,.F.);
#3348=ADVANCED_FACE('',(#109),#3220,.F.);
#3349=ADVANCED_FACE('',(#110),#3221,.F.);
#3350=ADVANCED_FACE('',(#111),#3222,.F.);
#3351=ADVANCED_FACE('',(#112),#3223,.F.);
#3352=ADVANCED_FACE('',(#113),#3224,.F.);
#3353=ADVANCED_FACE('',(#114),#3225,.F.);
#3354=ADVANCED_FACE('',(#115),#3226,.F.);
#3355=ADVANCED_FACE('',(#116),#3227,.F.);
#3356=ADVANCED_FACE('',(#117),#3228,.F.);
#3357=ADVANCED_FACE('',(#118),#3229,.F.);
#3358=ADVANCED_FACE('',(#119),#3230,.F.);
#3359=ADVANCED_FACE('',(#120),#3231,.F.);
#3360=ADVANCED_FACE('',(#121),#3232,.F.);
#3361=ADVANCED_FACE('',(#122),#3233,.F.);
#3362=ADVANCED_FACE('',(#123),#3234,.F.);
#3363=ADVANCED_FACE('',(#124),#3235,.F.);
#3364=ADVANCED_FACE('',(#125),#3236,.F.);
#3365=ADVANCED_FACE('',(#126),#3237,.F.);
#3366=ADVANCED_FACE('',(#127),#3238,.F.);
#3367=ADVANCED_FACE('',(#128),#3239,.F.);
#3368=ADVANCED_FACE('',(#129),#3240,.F.);
#3369=ADVANCED_FACE('',(#130),#3241,.F.);
#3370=ADVANCED_FACE('',(#131),#3242,.F.);
#3371=ADVANCED_FACE('',(#132),#3243,.F.);
#3372=ADVANCED_FACE('',(#133),#3244,.F.);
#3373=ADVANCED_FACE('',(#134),#3245,.F.);
#3374=ADVANCED_FACE('',(#135),#3246,.F.);
#3375=ADVANCED_FACE('',(#136),#3247,.F.);
#3376=ADVANCED_FACE('',(#137),#3248,.F.);
#3377=ADVANCED_FACE('',(#138),#3249,.F.);
#3378=ADVANCED_FACE('',(#139),#3250,.F.);
#3379=ADVANCED_FACE('',(#140),#3251,.F.);
#3380=ADVANCED_FACE('',(#141),#3252,.F.);
#3381=ADVANCED_FACE('',(#142),#3253,.F.);
#3382=ADVANCED_FACE('',(#143),#3254,.F.);
#3383=ADVANCED_FACE('',(#144),#3255,.F.);
#3384=ADVANCED_FACE('',(#145),#3256,.F.);
#3385=ADVANCED_FACE('',(#146),#3257,.F.);
#3386=ADVANCED_FACE('',(#147),#3258,.F.);
#3387=ADVANCED_FACE('',(#148),#3259,.F.);
#3388=ADVANCED_FACE('',(#149),#3260,.F.);
#3389=ADVANCED_FACE('',(#150),#3261,.F.);
#3390=ADVANCED_FACE('',(#151),#3262,.F.);
#3391=ADVANCED_FACE('',(#152),#3263,.F.);
#3392=ADVANCED_FACE('',(#153),#3264,.F.);
#3393=ADVANCED_FACE('',(#154),#3265,.F.);
#3394=ADVANCED_FACE('',(#155),#3266,.F.);
#3395=ADVANCED_FACE('',(#156),#3267,.F.);
#3396=ADVANCED_FACE('',(#157),#3268,.F.);
#3397=ADVANCED_FACE('',(#158),#3269,.F.);
#3398=ADVANCED_FACE('',(#159),#3270,.F.);
#3399=ADVANCED_FACE('',(#160),#3271,.F.);
#3400=ADVANCED_FACE('',(#161),#3272,.F.);
#3401=ADVANCED_FACE('',(#162),#3273,.F.);
#3402=ADVANCED_FACE('',(#163),#3274,.F.);
#3403=ADVANCED_FACE('',(#164),#3275,.F.);
#3404=ADVANCED_FACE('',(#165),#3276,.F.);
#3405=ADVANCED_FACE('',(#166),#3277,.F.);
#3406=ADVANCED_FACE('',(#167),#3278,.F.);
#3407=ADVANCED_FACE('',(#168),#3279,.F.);
#3408=ADVANCED_FACE('',(#169),#3280,.F.);
#3409=ADVANCED_FACE('',(#170),#3281,.F.);
#3410=ADVANCED_FACE('',(#171),#3282,.F.);
#3411=ADVANCED_FACE('',(#172),#3283,.F.);
#3412=ADVANCED_FACE('',(#173),#3284,.F.);
#3413=ADVANCED_FACE('',(#174),#3285,.F.);
#3414=ADVANCED_FACE('',(#175),#3286,.F.);
#3415=ADVANCED_FACE('',(#176),#3287,.F.);
#3416=ADVANCED_FACE('',(#177),#3288,.F.);
#3417=ADVANCED_FACE('',(#178),#3289,.F.);
#3418=ADVANCED_FACE('',(#179),#3290,.F.);
#3419=ADVANCED_FACE('',(#180),#3291,.F.);
#3420=ADVANCED_FACE('',(#181),#3292,.F.);
#3421=ADVANCED_FACE('',(#182),#3293,.F.);
#3422=ADVANCED_FACE('',(#183),#3294,.F.);
#3423=ADVANCED_FACE('',(#184),#3295,.F.);
#3424=ADVANCED_FACE('',(#185),#3296,.T.);
#3425=ADVANCED_FACE('',(#186),#103,.T.);
#3426=ADVANCED_FACE('',(#187),#3297,.T.);
#3427=ADVANCED_FACE('',(#188),#56,.T.);
#3428=ADVANCED_FACE('',(#189),#3298,.T.);
#3429=ADVANCED_FACE('',(#190),#104,.T.);
#3430=ADVANCED_FACE('',(#191),#3299,.T.);
#3431=ADVANCED_FACE('',(#192),#57,.T.);
#3432=ADVANCED_FACE('',(#193),#3300,.T.);
#3433=ADVANCED_FACE('',(#194),#44,.T.);
#3434=ADVANCED_FACE('',(#195),#3301,.T.);
#3435=ADVANCED_FACE('',(#196),#45,.T.);
#3436=ADVANCED_FACE('',(#197),#3302,.T.);
#3437=ADVANCED_FACE('',(#198),#46,.T.);
#3438=ADVANCED_FACE('',(#199),#3303,.T.);
#3439=ADVANCED_FACE('',(#200),#47,.T.);
#3440=ADVANCED_FACE('',(#201),#3304,.F.);
#3441=ADVANCED_FACE('',(#202),#58,.F.);
#3442=ADVANCED_FACE('',(#203),#3305,.F.);
#3443=ADVANCED_FACE('',(#204),#59,.F.);
#3444=ADVANCED_FACE('',(#205,#29),#60,.F.);
#3445=ADVANCED_FACE('',(#206),#3306,.T.);
#3446=ADVANCED_FACE('',(#207),#48,.T.);
#3447=ADVANCED_FACE('',(#208),#3307,.T.);
#3448=ADVANCED_FACE('',(#209),#49,.T.);
#3449=ADVANCED_FACE('',(#210),#3308,.T.);
#3450=ADVANCED_FACE('',(#211),#50,.T.);
#3451=ADVANCED_FACE('',(#212),#3309,.T.);
#3452=ADVANCED_FACE('',(#213),#51,.T.);
#3453=ADVANCED_FACE('',(#214),#3310,.F.);
#3454=ADVANCED_FACE('',(#215,#30),#61,.T.);
#3455=ADVANCED_FACE('',(#216),#62,.F.);
#3456=ADVANCED_FACE('',(#217),#3311,.F.);
#3457=ADVANCED_FACE('',(#218),#63,.F.);
#3458=ADVANCED_FACE('',(#219),#3312,.T.);
#3459=ADVANCED_FACE('',(#220),#3313,.T.);
#3460=ADVANCED_FACE('',(#221,#31,#32,#33,#34,#35),#64,.F.);
#3461=ADVANCED_FACE('',(#222),#65,.T.);
#3462=ADVANCED_FACE('',(#223),#3314,.T.);
#3463=ADVANCED_FACE('',(#224),#3315,.T.);
#3464=ADVANCED_FACE('',(#225),#66,.T.);
#3465=ADVANCED_FACE('',(#226),#27,.F.);
#3466=ADVANCED_FACE('',(#227),#3316,.T.);
#3467=ADVANCED_FACE('',(#228),#67,.T.);
#3468=ADVANCED_FACE('',(#229),#3317,.T.);
#3469=ADVANCED_FACE('',(#230),#68,.T.);
#3470=ADVANCED_FACE('',(#231),#28,.F.);
#3471=ADVANCED_FACE('',(#232),#3318,.T.);
#3472=ADVANCED_FACE('',(#233),#69,.T.);
#3473=ADVANCED_FACE('',(#234),#70,.F.);
#3474=ADVANCED_FACE('',(#235),#71,.T.);
#3475=ADVANCED_FACE('',(#236),#72,.T.);
#3476=ADVANCED_FACE('',(#237),#73,.F.);
#3477=ADVANCED_FACE('',(#238),#74,.F.);
#3478=ADVANCED_FACE('',(#239),#3319,.T.);
#3479=ADVANCED_FACE('',(#240),#75,.F.);
#3480=ADVANCED_FACE('',(#241),#3320,.F.);
#3481=ADVANCED_FACE('',(#242),#19,.F.);
#3482=ADVANCED_FACE('',(#243),#20,.F.);
#3483=ADVANCED_FACE('',(#244),#15,.T.);
#3484=ADVANCED_FACE('',(#245),#3321,.T.);
#3485=ADVANCED_FACE('',(#246,#36),#76,.T.);
#3486=ADVANCED_FACE('',(#247),#3322,.F.);
#3487=ADVANCED_FACE('',(#248),#77,.T.);
#3488=ADVANCED_FACE('',(#249),#3323,.F.);
#3489=ADVANCED_FACE('',(#250),#21,.F.);
#3490=ADVANCED_FACE('',(#251),#22,.F.);
#3491=ADVANCED_FACE('',(#252),#3324,.F.);
#3492=ADVANCED_FACE('',(#253),#23,.F.);
#3493=ADVANCED_FACE('',(#254),#24,.F.);
#3494=ADVANCED_FACE('',(#255),#3325,.F.);
#3495=ADVANCED_FACE('',(#256),#25,.F.);
#3496=ADVANCED_FACE('',(#257),#26,.F.);
#3497=ADVANCED_FACE('',(#258),#16,.T.);
#3498=ADVANCED_FACE('',(#259),#3326,.T.);
#3499=ADVANCED_FACE('',(#260,#37),#78,.T.);
#3500=ADVANCED_FACE('',(#261),#3327,.F.);
#3501=ADVANCED_FACE('',(#262),#79,.T.);
#3502=ADVANCED_FACE('',(#263),#17,.T.);
#3503=ADVANCED_FACE('',(#264),#3328,.T.);
#3504=ADVANCED_FACE('',(#265,#38),#80,.T.);
#3505=ADVANCED_FACE('',(#266),#3329,.F.);
#3506=ADVANCED_FACE('',(#267),#81,.T.);
#3507=ADVANCED_FACE('',(#268),#18,.T.);
#3508=ADVANCED_FACE('',(#269),#3330,.T.);
#3509=ADVANCED_FACE('',(#270,#39),#82,.T.);
#3510=ADVANCED_FACE('',(#271),#3331,.F.);
#3511=ADVANCED_FACE('',(#272),#83,.T.);
#3512=ADVANCED_FACE('',(#273),#84,.T.);
#3513=ADVANCED_FACE('',(#274),#85,.T.);
#3514=ADVANCED_FACE('',(#275,#40,#41),#86,.F.);
#3515=ADVANCED_FACE('',(#276),#87,.T.);
#3516=ADVANCED_FACE('',(#277),#88,.T.);
#3517=ADVANCED_FACE('',(#278),#89,.T.);
#3518=ADVANCED_FACE('',(#279),#90,.T.);
#3519=ADVANCED_FACE('',(#280),#52,.T.);
#3520=ADVANCED_FACE('',(#281),#3332,.T.);
#3521=ADVANCED_FACE('',(#282),#53,.T.);
#3522=ADVANCED_FACE('',(#283),#3333,.T.);
#3523=ADVANCED_FACE('',(#284),#91,.T.);
#3524=ADVANCED_FACE('',(#285),#3334,.T.);
#3525=ADVANCED_FACE('',(#286),#54,.T.);
#3526=ADVANCED_FACE('',(#287),#3335,.T.);
#3527=ADVANCED_FACE('',(#288),#55,.T.);
#3528=ADVANCED_FACE('',(#289),#92,.T.);
#3529=ADVANCED_FACE('',(#290),#3336,.F.);
#3530=ADVANCED_FACE('',(#291),#93,.F.);
#3531=ADVANCED_FACE('',(#292),#3337,.F.);
#3532=ADVANCED_FACE('',(#293),#94,.F.);
#3533=ADVANCED_FACE('',(#294),#3338,.F.);
#3534=ADVANCED_FACE('',(#295),#95,.F.);
#3535=ADVANCED_FACE('',(#296),#3339,.F.);
#3536=ADVANCED_FACE('',(#297),#96,.F.);
#3537=ADVANCED_FACE('',(#298),#3340,.F.);
#3538=ADVANCED_FACE('',(#299),#97,.F.);
#3539=ADVANCED_FACE('',(#300),#3341,.F.);
#3540=ADVANCED_FACE('',(#301),#98,.F.);
#3541=ADVANCED_FACE('',(#302),#3342,.F.);
#3542=ADVANCED_FACE('',(#303),#99,.F.);
#3543=ADVANCED_FACE('',(#304),#3343,.F.);
#3544=ADVANCED_FACE('',(#305,#42),#100,.F.);
#3545=ADVANCED_FACE('',(#306),#101,.T.);
#3546=ADVANCED_FACE('',(#307,#43),#102,.T.);
#3547=CLOSED_SHELL('',(#3344,#3345,#3346,#3347,#3348,#3349,#3350,#3351,
#3352,#3353,#3354,#3355,#3356,#3357,#3358,#3359,#3360,#3361,#3362,#3363,
#3364,#3365,#3366,#3367,#3368,#3369,#3370,#3371,#3372,#3373,#3374,#3375,
#3376,#3377,#3378,#3379,#3380,#3381,#3382,#3383,#3384,#3385,#3386,#3387,
#3388,#3389,#3390,#3391,#3392,#3393,#3394,#3395,#3396,#3397,#3398,#3399,
#3400,#3401,#3402,#3403,#3404,#3405,#3406,#3407,#3408,#3409,#3410,#3411,
#3412,#3413,#3414,#3415,#3416,#3417,#3418,#3419,#3420,#3421,#3422,#3423,
#3424,#3425,#3426,#3427,#3428,#3429,#3430,#3431,#3432,#3433,#3434,#3435,
#3436,#3437,#3438,#3439,#3440,#3441,#3442,#3443,#3444,#3445,#3446,#3447,
#3448,#3449,#3450,#3451,#3452,#3453,#3454,#3455,#3456,#3457,#3458,#3459,
#3460,#3461,#3462,#3463,#3464,#3465,#3466,#3467,#3468,#3469,#3470,#3471,
#3472,#3473,#3474,#3475,#3476,#3477,#3478,#3479,#3480,#3481,#3482,#3483,
#3484,#3485,#3486,#3487,#3488,#3489,#3490,#3491,#3492,#3493,#3494,#3495,
#3496,#3497,#3498,#3499,#3500,#3501,#3502,#3503,#3504,#3505,#3506,#3507,
#3508,#3509,#3510,#3511,#3512,#3513,#3514,#3515,#3516,#3517,#3518,#3519,
#3520,#3521,#3522,#3523,#3524,#3525,#3526,#3527,#3528,#3529,#3530,#3531,
#3532,#3533,#3534,#3535,#3536,#3537,#3538,#3539,#3540,#3541,#3542,#3543,
#3544,#3545,#3546));
#3548=DERIVED_UNIT_ELEMENT(#3550,1.);
#3549=DERIVED_UNIT_ELEMENT(#11743,-3.);
#3550=(
MASS_UNIT()
NAMED_UNIT(*)
SI_UNIT(.KILO.,.GRAM.)
);
#3551=DERIVED_UNIT((#3548,#3549));
#3552=MEASURE_REPRESENTATION_ITEM('density measure',
POSITIVE_RATIO_MEASURE(7850.),#3551);
#3553=PROPERTY_DEFINITION_REPRESENTATION(#3558,#3555);
#3554=PROPERTY_DEFINITION_REPRESENTATION(#3559,#3556);
#3555=REPRESENTATION('material name',(#3557),#11740);
#3556=REPRESENTATION('density',(#3552),#11740);
#3557=DESCRIPTIVE_REPRESENTATION_ITEM('Steel','Steel');
#3558=PROPERTY_DEFINITION('material property','material name',#11750);
#3559=PROPERTY_DEFINITION('material property','density of part',#11750);
#3560=AXIS2_PLACEMENT_3D('',#4726,#3876,#3877);
#3561=AXIS2_PLACEMENT_3D('',#4727,#3878,#3879);
#3562=AXIS2_PLACEMENT_3D('',#4737,#3881,#3882);
#3563=AXIS2_PLACEMENT_3D('',#4748,#3883,#3884);
#3564=AXIS2_PLACEMENT_3D('',#4799,#3886,#3887);
#3565=AXIS2_PLACEMENT_3D('',#4850,#3889,#3890);
#3566=AXIS2_PLACEMENT_3D('',#4898,#3892,#3893);
#3567=AXIS2_PLACEMENT_3D('',#4946,#3895,#3896);
#3568=AXIS2_PLACEMENT_3D('',#4997,#3898,#3899);
#3569=AXIS2_PLACEMENT_3D('',#5048,#3901,#3902);
#3570=AXIS2_PLACEMENT_3D('',#5096,#3904,#3905);
#3571=AXIS2_PLACEMENT_3D('',#5147,#3907,#3908);
#3572=AXIS2_PLACEMENT_3D('',#5166,#3910,#3911);
#3573=AXIS2_PLACEMENT_3D('',#5186,#3912,#3913);
#3574=AXIS2_PLACEMENT_3D('',#5196,#3915,#3916);
#3575=AXIS2_PLACEMENT_3D('',#5207,#3917,#3918);
#3576=AXIS2_PLACEMENT_3D('',#5258,#3920,#3921);
#3577=AXIS2_PLACEMENT_3D('',#5309,#3923,#3924);
#3578=AXIS2_PLACEMENT_3D('',#5357,#3926,#3927);
#3579=AXIS2_PLACEMENT_3D('',#5405,#3929,#3930);
#3580=AXIS2_PLACEMENT_3D('',#5456,#3932,#3933);
#3581=AXIS2_PLACEMENT_3D('',#5507,#3935,#3936);
#3582=AXIS2_PLACEMENT_3D('',#5555,#3938,#3939);
#3583=AXIS2_PLACEMENT_3D('',#5606,#3941,#3942);
#3584=AXIS2_PLACEMENT_3D('',#5625,#3944,#3945);
#3585=AXIS2_PLACEMENT_3D('',#5645,#3946,#3947);
#3586=AXIS2_PLACEMENT_3D('',#5655,#3949,#3950);
#3587=AXIS2_PLACEMENT_3D('',#5666,#3951,#3952);
#3588=AXIS2_PLACEMENT_3D('',#5717,#3954,#3955);
#3589=AXIS2_PLACEMENT_3D('',#5768,#3957,#3958);
#3590=AXIS2_PLACEMENT_3D('',#5816,#3960,#3961);
#3591=AXIS2_PLACEMENT_3D('',#5864,#3963,#3964);
#3592=AXIS2_PLACEMENT_3D('',#5915,#3966,#3967);
#3593=AXIS2_PLACEMENT_3D('',#5966,#3969,#3970);
#3594=AXIS2_PLACEMENT_3D('',#6014,#3972,#3973);
#3595=AXIS2_PLACEMENT_3D('',#6065,#3975,#3976);
#3596=AXIS2_PLACEMENT_3D('',#6084,#3978,#3979);
#3597=AXIS2_PLACEMENT_3D('',#6104,#3980,#3981);
#3598=AXIS2_PLACEMENT_3D('',#6118,#3983,#3984);
#3599=AXIS2_PLACEMENT_3D('',#6128,#3985,#3986);
#3600=AXIS2_PLACEMENT_3D('',#6152,#3988,#3989);
#3601=AXIS2_PLACEMENT_3D('',#6177,#3991,#3992);
#3602=AXIS2_PLACEMENT_3D('',#6201,#3994,#3995);
#3603=AXIS2_PLACEMENT_3D('',#6226,#3997,#3998);
#3604=AXIS2_PLACEMENT_3D('',#6250,#4000,#4001);
#3605=AXIS2_PLACEMENT_3D('',#6275,#4003,#4004);
#3606=AXIS2_PLACEMENT_3D('',#6300,#4006,#4007);
#3607=AXIS2_PLACEMENT_3D('',#6324,#4009,#4010);
#3608=AXIS2_PLACEMENT_3D('',#6335,#4012,#4013);
#3609=AXIS2_PLACEMENT_3D('',#6341,#4014,#4015);
#3610=AXIS2_PLACEMENT_3D('',#6355,#4017,#4018);
#3611=AXIS2_PLACEMENT_3D('',#6365,#4019,#4020);
#3612=AXIS2_PLACEMENT_3D('',#6389,#4022,#4023);
#3613=AXIS2_PLACEMENT_3D('',#6414,#4025,#4026);
#3614=AXIS2_PLACEMENT_3D('',#6438,#4028,#4029);
#3615=AXIS2_PLACEMENT_3D('',#6463,#4031,#4032);
#3616=AXIS2_PLACEMENT_3D('',#6487,#4034,#4035);
#3617=AXIS2_PLACEMENT_3D('',#6512,#4037,#4038);
#3618=AXIS2_PLACEMENT_3D('',#6537,#4040,#4041);
#3619=AXIS2_PLACEMENT_3D('',#6561,#4043,#4044);
#3620=AXIS2_PLACEMENT_3D('',#6572,#4046,#4047);
#3621=AXIS2_PLACEMENT_3D('',#6578,#4048,#4049);
#3622=AXIS2_PLACEMENT_3D('',#6592,#4051,#4052);
#3623=AXIS2_PLACEMENT_3D('',#6602,#4053,#4054);
#3624=AXIS2_PLACEMENT_3D('',#6626,#4056,#4057);
#3625=AXIS2_PLACEMENT_3D('',#6651,#4059,#4060);
#3626=AXIS2_PLACEMENT_3D('',#6675,#4062,#4063);
#3627=AXIS2_PLACEMENT_3D('',#6700,#4065,#4066);
#3628=AXIS2_PLACEMENT_3D('',#6724,#4068,#4069);
#3629=AXIS2_PLACEMENT_3D('',#6749,#4071,#4072);
#3630=AXIS2_PLACEMENT_3D('',#6774,#4074,#4075);
#3631=AXIS2_PLACEMENT_3D('',#6798,#4077,#4078);
#3632=AXIS2_PLACEMENT_3D('',#6809,#4080,#4081);
#3633=AXIS2_PLACEMENT_3D('',#6815,#4082,#4083);
#3634=AXIS2_PLACEMENT_3D('',#6825,#4085,#4086);
#3635=AXIS2_PLACEMENT_3D('',#6836,#4087,#4088);
#3636=AXIS2_PLACEMENT_3D('',#6887,#4090,#4091);
#3637=AXIS2_PLACEMENT_3D('',#6938,#4093,#4094);
#3638=AXIS2_PLACEMENT_3D('',#6986,#4096,#4097);
#3639=AXIS2_PLACEMENT_3D('',#7034,#4099,#4100);
#3640=AXIS2_PLACEMENT_3D('',#7085,#4102,#4103);
#3641=AXIS2_PLACEMENT_3D('',#7136,#4105,#4106);
#3642=AXIS2_PLACEMENT_3D('',#7184,#4108,#4109);
#3643=AXIS2_PLACEMENT_3D('',#7235,#4111,#4112);
#3644=AXIS2_PLACEMENT_3D('',#7254,#4114,#4115);
#3645=AXIS2_PLACEMENT_3D('',#7274,#4116,#4117);
#3646=AXIS2_PLACEMENT_3D('',#7288,#4119,#4120);
#3647=AXIS2_PLACEMENT_3D('',#7298,#4121,#4122);
#3648=AXIS2_PLACEMENT_3D('',#7322,#4124,#4125);
#3649=AXIS2_PLACEMENT_3D('',#7347,#4127,#4128);
#3650=AXIS2_PLACEMENT_3D('',#7371,#4130,#4131);
#3651=AXIS2_PLACEMENT_3D('',#7396,#4133,#4134);
#3652=AXIS2_PLACEMENT_3D('',#7420,#4136,#4137);
#3653=AXIS2_PLACEMENT_3D('',#7445,#4139,#4140);
#3654=AXIS2_PLACEMENT_3D('',#7470,#4142,#4143);
#3655=AXIS2_PLACEMENT_3D('',#7494,#4145,#4146);
#3656=AXIS2_PLACEMENT_3D('',#7505,#4148,#4149);
#3657=AXIS2_PLACEMENT_3D('',#7511,#4150,#4151);
#3658=AXIS2_PLACEMENT_3D('',#7514,#4152,#4153);
#3659=AXIS2_PLACEMENT_3D('',#7518,#4155,#4156);
#3660=AXIS2_PLACEMENT_3D('',#7520,#4158,#4159);
#3661=AXIS2_PLACEMENT_3D('',#7522,#4160,#4161);
#3662=AXIS2_PLACEMENT_3D('',#7523,#4162,#4163);
#3663=AXIS2_PLACEMENT_3D('',#7524,#4164,#4165);
#3664=AXIS2_PLACEMENT_3D('',#7528,#4167,#4168);
#3665=AXIS2_PLACEMENT_3D('',#7530,#4170,#4171);
#3666=AXIS2_PLACEMENT_3D('',#7534,#4174,#4175);
#3667=AXIS2_PLACEMENT_3D('',#7537,#4176,#4177);
#3668=AXIS2_PLACEMENT_3D('',#7541,#4179,#4180);
#3669=AXIS2_PLACEMENT_3D('',#7543,#4182,#4183);
#3670=AXIS2_PLACEMENT_3D('',#7545,#4184,#4185);
#3671=AXIS2_PLACEMENT_3D('',#7546,#4186,#4187);
#3672=AXIS2_PLACEMENT_3D('',#7547,#4188,#4189);
#3673=AXIS2_PLACEMENT_3D('',#7550,#4192,#4193);
#3674=AXIS2_PLACEMENT_3D('',#7552,#4195,#4196);
#3675=AXIS2_PLACEMENT_3D('',#7555,#4197,#4198);
#3676=AXIS2_PLACEMENT_3D('',#7559,#4200,#4201);
#3677=AXIS2_PLACEMENT_3D('',#7561,#4203,#4204);
#3678=AXIS2_PLACEMENT_3D('',#7564,#4205,#4206);
#3679=AXIS2_PLACEMENT_3D('',#7565,#4207,#4208);
#3680=AXIS2_PLACEMENT_3D('',#7566,#4209,#4210);
#3681=AXIS2_PLACEMENT_3D('',#7567,#4211,#4212);
#3682=AXIS2_PLACEMENT_3D('',#7570,#4213,#4214);
#3683=AXIS2_PLACEMENT_3D('',#7573,#4217,#4218);
#3684=AXIS2_PLACEMENT_3D('',#7576,#4219,#4220);
#3685=AXIS2_PLACEMENT_3D('',#7577,#4221,#4222);
#3686=AXIS2_PLACEMENT_3D('',#7578,#4223,#4224);
#3687=AXIS2_PLACEMENT_3D('',#7579,#4225,#4226);
#3688=AXIS2_PLACEMENT_3D('',#7582,#4227,#4228);
#3689=AXIS2_PLACEMENT_3D('',#7585,#4231,#4232);
#3690=AXIS2_PLACEMENT_3D('',#7588,#4233,#4234);
#3691=AXIS2_PLACEMENT_3D('',#7589,#4235,#4236);
#3692=AXIS2_PLACEMENT_3D('',#7590,#4237,#4238);
#3693=AXIS2_PLACEMENT_3D('',#7591,#4239,#4240);
#3694=AXIS2_PLACEMENT_3D('',#7594,#4241,#4242);
#3695=AXIS2_PLACEMENT_3D('',#7597,#4245,#4246);
#3696=AXIS2_PLACEMENT_3D('',#7598,#4247,#4248);
#3697=AXIS2_PLACEMENT_3D('',#7599,#4249,#4250);
#3698=AXIS2_PLACEMENT_3D('',#7600,#4251,#4252);
#3699=AXIS2_PLACEMENT_3D('',#7604,#4254,#4255);
#3700=AXIS2_PLACEMENT_3D('',#7606,#4257,#4258);
#3701=AXIS2_PLACEMENT_3D('',#7610,#4261,#4262);
#3702=AXIS2_PLACEMENT_3D('',#7613,#4264,#4265);
#3703=AXIS2_PLACEMENT_3D('',#7614,#4266,#4267);
#3704=AXIS2_PLACEMENT_3D('',#7618,#4270,#4271);
#3705=AXIS2_PLACEMENT_3D('',#7627,#4276,#4277);
#3706=AXIS2_PLACEMENT_3D('',#7629,#4278,#4279);
#3707=AXIS2_PLACEMENT_3D('',#7631,#4280,#4281);
#3708=AXIS2_PLACEMENT_3D('',#7633,#4283,#4284);
#3709=AXIS2_PLACEMENT_3D('',#7635,#4285,#4286);
#3710=AXIS2_PLACEMENT_3D('',#7636,#4287,#4288);
#3711=AXIS2_PLACEMENT_3D('',#7637,#4289,#4290);
#3712=AXIS2_PLACEMENT_3D('',#7639,#4291,#4292);
#3713=AXIS2_PLACEMENT_3D('',#7641,#4294,#4295);
#3714=AXIS2_PLACEMENT_3D('',#7644,#4296,#4297);
#3715=AXIS2_PLACEMENT_3D('',#7645,#4298,#4299);
#3716=AXIS2_PLACEMENT_3D('',#7646,#4300,#4301);
#3717=AXIS2_PLACEMENT_3D('',#7647,#4302,#4303);
#3718=AXIS2_PLACEMENT_3D('',#7650,#4304,#4305);
#3719=AXIS2_PLACEMENT_3D('',#7653,#4308,#4309);
#3720=AXIS2_PLACEMENT_3D('',#7656,#4310,#4311);
#3721=AXIS2_PLACEMENT_3D('',#7657,#4312,#4313);
#3722=AXIS2_PLACEMENT_3D('',#7658,#4314,#4315);
#3723=AXIS2_PLACEMENT_3D('',#7659,#4316,#4317);
#3724=AXIS2_PLACEMENT_3D('',#7661,#4318,#4319);
#3725=AXIS2_PLACEMENT_3D('',#7664,#4322,#4323);
#3726=AXIS2_PLACEMENT_3D('',#7665,#4324,#4325);
#3727=AXIS2_PLACEMENT_3D('',#7666,#4326,#4327);
#3728=AXIS2_PLACEMENT_3D('',#7668,#4329,#4330);
#3729=AXIS2_PLACEMENT_3D('',#7677,#4335,#4336);
#3730=AXIS2_PLACEMENT_3D('',#7679,#4338,#4339);
#3731=AXIS2_PLACEMENT_3D('',#7681,#4341,#4342);
#3732=AXIS2_PLACEMENT_3D('',#7682,#4343,#4344);
#3733=AXIS2_PLACEMENT_3D('',#7687,#4346,#4347);
#3734=AXIS2_PLACEMENT_3D('',#7691,#4349,#4350);
#3735=AXIS2_PLACEMENT_3D('',#7694,#4352,#4353);
#3736=AXIS2_PLACEMENT_3D('',#7695,#4354,#4355);
#3737=AXIS2_PLACEMENT_3D('',#7697,#4356,#4357);
#3738=AXIS2_PLACEMENT_3D('',#7700,#4359,#4360);
#3739=AXIS2_PLACEMENT_3D('',#7701,#4361,#4362);
#3740=AXIS2_PLACEMENT_3D('',#7704,#4363,#4364);
#3741=AXIS2_PLACEMENT_3D('',#7708,#4366,#4367);
#3742=AXIS2_PLACEMENT_3D('',#7711,#4369,#4370);
#3743=AXIS2_PLACEMENT_3D('',#7713,#4371,#4372);
#3744=AXIS2_PLACEMENT_3D('',#7716,#4374,#4375);
#3745=AXIS2_PLACEMENT_3D('',#7718,#4376,#4377);
#3746=AXIS2_PLACEMENT_3D('',#7720,#4378,#4379);
#3747=AXIS2_PLACEMENT_3D('',#7722,#4380,#4381);
#3748=AXIS2_PLACEMENT_3D('',#7734,#4387,#4388);
#3749=AXIS2_PLACEMENT_3D('',#7736,#4389,#4390);
#3750=AXIS2_PLACEMENT_3D('',#7737,#4391,#4392);
#3751=AXIS2_PLACEMENT_3D('',#7739,#4394,#4395);
#3752=AXIS2_PLACEMENT_3D('',#7743,#4398,#4399);
#3753=AXIS2_PLACEMENT_3D('',#7747,#4401,#4402);
#3754=AXIS2_PLACEMENT_3D('',#7751,#4404,#4405);
#3755=AXIS2_PLACEMENT_3D('',#7753,#4407,#4408);
#3756=AXIS2_PLACEMENT_3D('',#7755,#4409,#4410);
#3757=AXIS2_PLACEMENT_3D('',#7757,#4412,#4413);
#3758=AXIS2_PLACEMENT_3D('',#7774,#4417,#4418);
#3759=AXIS2_PLACEMENT_3D('',#7775,#4419,#4420);
#3760=AXIS2_PLACEMENT_3D('',#7776,#4421,#4422);
#3761=AXIS2_PLACEMENT_3D('',#7777,#4423,#4424);
#3762=AXIS2_PLACEMENT_3D('',#7778,#4425,#4426);
#3763=AXIS2_PLACEMENT_3D('',#7779,#4427,#4428);
#3764=AXIS2_PLACEMENT_3D('',#7783,#4430,#4431);
#3765=AXIS2_PLACEMENT_3D('',#7785,#4433,#4434);
#3766=AXIS2_PLACEMENT_3D('',#7788,#4436,#4437);
#3767=AXIS2_PLACEMENT_3D('',#7789,#4438,#4439);
#3768=AXIS2_PLACEMENT_3D('',#7802,#4442,#4443);
#3769=AXIS2_PLACEMENT_3D('',#7803,#4444,#4445);
#3770=AXIS2_PLACEMENT_3D('',#7804,#4446,#4447);
#3771=AXIS2_PLACEMENT_3D('',#7806,#4449,#4450);
#3772=AXIS2_PLACEMENT_3D('',#7807,#4451,#4452);
#3773=AXIS2_PLACEMENT_3D('',#7811,#4455,#4456);
#3774=AXIS2_PLACEMENT_3D('',#7815,#4459,#4460);
#3775=AXIS2_PLACEMENT_3D('',#7817,#4462,#4463);
#3776=AXIS2_PLACEMENT_3D('',#7818,#4464,#4465);
#3777=AXIS2_PLACEMENT_3D('',#7819,#4466,#4467);
#3778=AXIS2_PLACEMENT_3D('',#7820,#4468,#4469);
#3779=AXIS2_PLACEMENT_3D('',#7821,#4470,#4471);
#3780=AXIS2_PLACEMENT_3D('',#7823,#4473,#4474);
#3781=AXIS2_PLACEMENT_3D('',#7824,#4475,#4476);
#3782=AXIS2_PLACEMENT_3D('',#8750,#4477,#4478);
#3783=AXIS2_PLACEMENT_3D('',#8752,#4479,#4480);
#3784=AXIS2_PLACEMENT_3D('',#8755,#4482,#4483);
#3785=AXIS2_PLACEMENT_3D('',#8756,#4484,#4485);
#3786=AXIS2_PLACEMENT_3D('',#8758,#4487,#4488);
#3787=AXIS2_PLACEMENT_3D('',#8759,#4489,#4490);
#3788=AXIS2_PLACEMENT_3D('',#8760,#4491,#4492);
#3789=AXIS2_PLACEMENT_3D('',#8761,#4493,#4494);
#3790=AXIS2_PLACEMENT_3D('',#9687,#4495,#4496);
#3791=AXIS2_PLACEMENT_3D('',#10613,#4497,#4498);
#3792=AXIS2_PLACEMENT_3D('',#11539,#4499,#4500);
#3793=AXIS2_PLACEMENT_3D('',#11541,#4501,#4502);
#3794=AXIS2_PLACEMENT_3D('',#11544,#4504,#4505);
#3795=AXIS2_PLACEMENT_3D('',#11545,#4506,#4507);
#3796=AXIS2_PLACEMENT_3D('',#11547,#4509,#4510);
#3797=AXIS2_PLACEMENT_3D('',#11548,#4511,#4512);
#3798=AXIS2_PLACEMENT_3D('',#11549,#4513,#4514);
#3799=AXIS2_PLACEMENT_3D('',#11550,#4515,#4516);
#3800=AXIS2_PLACEMENT_3D('',#11552,#4517,#4518);
#3801=AXIS2_PLACEMENT_3D('',#11555,#4520,#4521);
#3802=AXIS2_PLACEMENT_3D('',#11556,#4522,#4523);
#3803=AXIS2_PLACEMENT_3D('',#11558,#4525,#4526);
#3804=AXIS2_PLACEMENT_3D('',#11559,#4527,#4528);
#3805=AXIS2_PLACEMENT_3D('',#11560,#4529,#4530);
#3806=AXIS2_PLACEMENT_3D('',#11561,#4531,#4532);
#3807=AXIS2_PLACEMENT_3D('',#11563,#4533,#4534);
#3808=AXIS2_PLACEMENT_3D('',#11566,#4536,#4537);
#3809=AXIS2_PLACEMENT_3D('',#11567,#4538,#4539);
#3810=AXIS2_PLACEMENT_3D('',#11569,#4541,#4542);
#3811=AXIS2_PLACEMENT_3D('',#11570,#4543,#4544);
#3812=AXIS2_PLACEMENT_3D('',#11571,#4545,#4546);
#3813=AXIS2_PLACEMENT_3D('',#11572,#4547,#4548);
#3814=AXIS2_PLACEMENT_3D('',#11581,#4553,#4554);
#3815=AXIS2_PLACEMENT_3D('',#11587,#4558,#4559);
#3816=AXIS2_PLACEMENT_3D('',#11600,#4566,#4567);
#3817=AXIS2_PLACEMENT_3D('',#11603,#4569,#4570);
#3818=AXIS2_PLACEMENT_3D('',#11608,#4572,#4573);
#3819=AXIS2_PLACEMENT_3D('',#11611,#4575,#4576);
#3820=AXIS2_PLACEMENT_3D('',#11612,#4577,#4578);
#3821=AXIS2_PLACEMENT_3D('',#11616,#4581,#4582);
#3822=AXIS2_PLACEMENT_3D('',#11620,#4585,#4586);
#3823=AXIS2_PLACEMENT_3D('',#11622,#4588,#4589);
#3824=AXIS2_PLACEMENT_3D('',#11626,#4592,#4593);
#3825=AXIS2_PLACEMENT_3D('',#11628,#4594,#4595);
#3826=AXIS2_PLACEMENT_3D('',#11630,#4596,#4597);
#3827=AXIS2_PLACEMENT_3D('',#11631,#4598,#4599);
#3828=AXIS2_PLACEMENT_3D('',#11632,#4600,#4601);
#3829=AXIS2_PLACEMENT_3D('',#11634,#4602,#4603);
#3830=AXIS2_PLACEMENT_3D('',#11636,#4605,#4606);
#3831=AXIS2_PLACEMENT_3D('',#11638,#4607,#4608);
#3832=AXIS2_PLACEMENT_3D('',#11639,#4609,#4610);
#3833=AXIS2_PLACEMENT_3D('',#11640,#4611,#4612);
#3834=AXIS2_PLACEMENT_3D('',#11642,#4614,#4615);
#3835=AXIS2_PLACEMENT_3D('',#11643,#4616,#4617);
#3836=AXIS2_PLACEMENT_3D('',#11645,#4618,#4619);
#3837=AXIS2_PLACEMENT_3D('',#11647,#4620,#4621);
#3838=AXIS2_PLACEMENT_3D('',#11649,#4623,#4624);
#3839=AXIS2_PLACEMENT_3D('',#11651,#4625,#4626);
#3840=AXIS2_PLACEMENT_3D('',#11652,#4627,#4628);
#3841=AXIS2_PLACEMENT_3D('',#11653,#4629,#4630);
#3842=AXIS2_PLACEMENT_3D('',#11655,#4631,#4632);
#3843=AXIS2_PLACEMENT_3D('',#11657,#4634,#4635);
#3844=AXIS2_PLACEMENT_3D('',#11658,#4636,#4637);
#3845=AXIS2_PLACEMENT_3D('',#11659,#4638,#4639);
#3846=AXIS2_PLACEMENT_3D('',#11660,#4640,#4641);
#3847=AXIS2_PLACEMENT_3D('',#11664,#4643,#4644);
#3848=AXIS2_PLACEMENT_3D('',#11666,#4646,#4647);
#3849=AXIS2_PLACEMENT_3D('',#11670,#4650,#4651);
#3850=AXIS2_PLACEMENT_3D('',#11673,#4652,#4653);
#3851=AXIS2_PLACEMENT_3D('',#11677,#4655,#4656);
#3852=AXIS2_PLACEMENT_3D('',#11679,#4658,#4659);
#3853=AXIS2_PLACEMENT_3D('',#11685,#4663,#4664);
#3854=AXIS2_PLACEMENT_3D('',#11687,#4665,#4666);
#3855=AXIS2_PLACEMENT_3D('',#11689,#4668,#4669);
#3856=AXIS2_PLACEMENT_3D('',#11693,#4672,#4673);
#3857=AXIS2_PLACEMENT_3D('',#11695,#4674,#4675);
#3858=AXIS2_PLACEMENT_3D('',#11697,#4676,#4677);
#3859=AXIS2_PLACEMENT_3D('',#11699,#4679,#4680);
#3860=AXIS2_PLACEMENT_3D('',#11705,#4684,#4685);
#3861=AXIS2_PLACEMENT_3D('',#11707,#4686,#4687);
#3862=AXIS2_PLACEMENT_3D('',#11709,#4689,#4690);
#3863=AXIS2_PLACEMENT_3D('',#11711,#4692,#4693);
#3864=AXIS2_PLACEMENT_3D('',#11714,#4694,#4695);
#3865=AXIS2_PLACEMENT_3D('',#11718,#4697,#4698);
#3866=AXIS2_PLACEMENT_3D('',#11720,#4700,#4701);
#3867=AXIS2_PLACEMENT_3D('',#11723,#4704,#4705);
#3868=AXIS2_PLACEMENT_3D('',#11725,#4706,#4707);
#3869=AXIS2_PLACEMENT_3D('',#11727,#4708,#4709);
#3870=AXIS2_PLACEMENT_3D('',#11729,#4711,#4712);
#3871=AXIS2_PLACEMENT_3D('',#11732,#4715,#4716);
#3872=AXIS2_PLACEMENT_3D('',#11733,#4717,#4718);
#3873=AXIS2_PLACEMENT_3D('',#11734,#4719,#4720);
#3874=AXIS2_PLACEMENT_3D('',#11735,#4721,#4722);
#3875=AXIS2_PLACEMENT_3D('',#11737,#4724,#4725);
#3876=DIRECTION('axis',(0.,0.,1.));
#3877=DIRECTION('refdir',(1.,0.,0.));
#3878=DIRECTION('center_axis',(0.,0.,-1.));
#3879=DIRECTION('ref_axis',(0.3486627340311,-0.93724825841287,0.));
#3880=DIRECTION('',(0.,0.,-1.));
#3881=DIRECTION('center_axis',(0.,0.,-1.));
#3882=DIRECTION('ref_axis',(-1.,0.,0.));
#3883=DIRECTION('center_axis',(0.,0.,-1.));
#3884=DIRECTION('ref_axis',(-1.,0.,0.));
#3885=DIRECTION('',(0.,0.,-1.));
#3886=DIRECTION('center_axis',(0.,0.,-1.));
#3887=DIRECTION('ref_axis',(-1.,0.,0.));
#3888=DIRECTION('',(0.,0.,-1.));
#3889=DIRECTION('center_axis',(0.,0.,-1.));
#3890=DIRECTION('ref_axis',(-1.,0.,0.));
#3891=DIRECTION('',(0.,0.,-1.));
#3892=DIRECTION('center_axis',(0.,0.,-1.));
#3893=DIRECTION('ref_axis',(-1.,0.,0.));
#3894=DIRECTION('',(0.,0.,-1.));
#3895=DIRECTION('center_axis',(0.,0.,-1.));
#3896=DIRECTION('ref_axis',(-1.,0.,0.));
#3897=DIRECTION('',(0.,0.,-1.));
#3898=DIRECTION('center_axis',(0.,0.,-1.));
#3899=DIRECTION('ref_axis',(-1.,0.,0.));
#3900=DIRECTION('',(0.,0.,-1.));
#3901=DIRECTION('center_axis',(0.,0.,-1.));
#3902=DIRECTION('ref_axis',(-1.,0.,0.));
#3903=DIRECTION('',(0.,0.,-1.));
#3904=DIRECTION('center_axis',(0.,0.,-1.));
#3905=DIRECTION('ref_axis',(-1.,0.,0.));
#3906=DIRECTION('',(0.,0.,-1.));
#3907=DIRECTION('center_axis',(0.,0.,-1.));
#3908=DIRECTION('ref_axis',(-0.937369989082072,0.348335332069941,0.));
#3909=DIRECTION('',(0.,0.,-1.));
#3910=DIRECTION('center_axis',(0.,0.,-1.));
#3911=DIRECTION('ref_axis',(-1.,0.,0.));
#3912=DIRECTION('center_axis',(0.,0.,-1.));
#3913=DIRECTION('ref_axis',(0.348665061092151,-0.937247392727025,0.));
#3914=DIRECTION('',(0.,0.,-1.));
#3915=DIRECTION('center_axis',(0.,0.,-1.));
#3916=DIRECTION('ref_axis',(-1.,0.,0.));
#3917=DIRECTION('center_axis',(0.,0.,-1.));
#3918=DIRECTION('ref_axis',(-1.,0.,0.));
#3919=DIRECTION('',(0.,0.,-1.));
#3920=DIRECTION('center_axis',(0.,0.,-1.));
#3921=DIRECTION('ref_axis',(-1.,0.,0.));
#3922=DIRECTION('',(0.,0.,-1.));
#3923=DIRECTION('center_axis',(0.,0.,-1.));
#3924=DIRECTION('ref_axis',(-1.,0.,0.));
#3925=DIRECTION('',(0.,0.,-1.));
#3926=DIRECTION('center_axis',(0.,0.,-1.));
#3927=DIRECTION('ref_axis',(-1.,0.,0.));
#3928=DIRECTION('',(0.,0.,-1.));
#3929=DIRECTION('center_axis',(0.,0.,-1.));
#3930=DIRECTION('ref_axis',(-1.,0.,0.));
#3931=DIRECTION('',(0.,0.,-1.));
#3932=DIRECTION('center_axis',(0.,0.,-1.));
#3933=DIRECTION('ref_axis',(-1.,0.,0.));
#3934=DIRECTION('',(0.,0.,-1.));
#3935=DIRECTION('center_axis',(0.,0.,-1.));
#3936=DIRECTION('ref_axis',(-1.,0.,0.));
#3937=DIRECTION('',(0.,0.,-1.));
#3938=DIRECTION('center_axis',(0.,0.,-1.));
#3939=DIRECTION('ref_axis',(-1.,0.,0.));
#3940=DIRECTION('',(0.,0.,-1.));
#3941=DIRECTION('center_axis',(0.,0.,-1.));
#3942=DIRECTION('ref_axis',(-0.937370138529226,0.348334929907553,0.));
#3943=DIRECTION('',(0.,0.,-1.));
#3944=DIRECTION('center_axis',(0.,0.,-1.));
#3945=DIRECTION('ref_axis',(-1.,0.,0.));
#3946=DIRECTION('center_axis',(0.,0.,-1.));
#3947=DIRECTION('ref_axis',(0.34870453266038,-0.93723270797711,0.));
#3948=DIRECTION('',(0.,0.,-1.));
#3949=DIRECTION('center_axis',(0.,0.,-1.));
#3950=DIRECTION('ref_axis',(-1.,0.,0.));
#3951=DIRECTION('center_axis',(0.,0.,-1.));
#3952=DIRECTION('ref_axis',(-1.,0.,0.));
#3953=DIRECTION('',(0.,0.,-1.));
#3954=DIRECTION('center_axis',(0.,0.,-1.));
#3955=DIRECTION('ref_axis',(-1.,0.,0.));
#3956=DIRECTION('',(0.,0.,-1.));
#3957=DIRECTION('center_axis',(0.,0.,-1.));
#3958=DIRECTION('ref_axis',(-1.,0.,0.));
#3959=DIRECTION('',(0.,0.,-1.));
#3960=DIRECTION('center_axis',(0.,0.,-1.));
#3961=DIRECTION('ref_axis',(-1.,0.,0.));
#3962=DIRECTION('',(0.,0.,-1.));
#3963=DIRECTION('center_axis',(0.,0.,-1.));
#3964=DIRECTION('ref_axis',(-1.,0.,0.));
#3965=DIRECTION('',(0.,0.,-1.));
#3966=DIRECTION('center_axis',(0.,0.,-1.));
#3967=DIRECTION('ref_axis',(-1.,0.,0.));
#3968=DIRECTION('',(0.,0.,-1.));
#3969=DIRECTION('center_axis',(0.,0.,-1.));
#3970=DIRECTION('ref_axis',(-1.,0.,0.));
#3971=DIRECTION('',(0.,0.,-1.));
#3972=DIRECTION('center_axis',(0.,0.,-1.));
#3973=DIRECTION('ref_axis',(-1.,0.,0.));
#3974=DIRECTION('',(0.,0.,-1.));
#3975=DIRECTION('center_axis',(0.,0.,-1.));
#3976=DIRECTION('ref_axis',(-0.937369918583876,0.348335521780448,0.));
#3977=DIRECTION('',(0.,0.,-1.));
#3978=DIRECTION('center_axis',(0.,0.,-1.));
#3979=DIRECTION('ref_axis',(-1.,0.,0.));
#3980=DIRECTION('center_axis',(0.,0.,-1.));
#3981=DIRECTION('ref_axis',(-1.,4.60494320000062E-14,0.));
#3982=DIRECTION('',(-1.22464679914735E-16,5.65442654796275E-30,-1.));
#3983=DIRECTION('center_axis',(0.,0.,1.));
#3984=DIRECTION('ref_axis',(-1.,4.60494320000062E-14,0.));
#3985=DIRECTION('center_axis',(0.,0.,-1.));
#3986=DIRECTION('ref_axis',(-1.,4.60494320000062E-14,0.));
#3987=DIRECTION('',(-1.22464679914735E-16,5.65442654796275E-30,-1.));
#3988=DIRECTION('center_axis',(0.,0.,-1.));
#3989=DIRECTION('ref_axis',(-1.,4.60494320000062E-14,0.));
#3990=DIRECTION('',(-1.22464679914735E-16,5.65442654796275E-30,-1.));
#3991=DIRECTION('center_axis',(0.,0.,-1.));
#3992=DIRECTION('ref_axis',(-1.,4.60494320000062E-14,0.));
#3993=DIRECTION('',(-1.22464679914735E-16,5.65442654796275E-30,-1.));
#3994=DIRECTION('center_axis',(0.,0.,-1.));
#3995=DIRECTION('ref_axis',(-1.,4.60494320000062E-14,0.));
#3996=DIRECTION('',(-1.22464679914735E-16,5.65442654796275E-30,-1.));
#3997=DIRECTION('center_axis',(0.,0.,-1.));
#3998=DIRECTION('ref_axis',(-1.,4.60494320000062E-14,0.));
#3999=DIRECTION('',(-1.22464679914735E-16,5.65442654796275E-30,-1.));
#4000=DIRECTION('center_axis',(0.,0.,-1.));
#4001=DIRECTION('ref_axis',(-1.,4.60494320000062E-14,0.));
#4002=DIRECTION('',(-1.22464679914735E-16,5.65442654796275E-30,-1.));
#4003=DIRECTION('center_axis',(0.,0.,-1.));
#4004=DIRECTION('ref_axis',(-1.,4.60494320000062E-14,0.));
#4005=DIRECTION('',(-1.22464679914735E-16,5.65442654796275E-30,-1.));
#4006=DIRECTION('center_axis',(0.,0.,-1.));
#4007=DIRECTION('ref_axis',(-1.,4.60494320000062E-14,0.));
#4008=DIRECTION('',(-1.22464679914735E-16,5.65442654796275E-30,-1.));
#4009=DIRECTION('center_axis',(0.,0.,-1.));
#4010=DIRECTION('ref_axis',(0.609216133923362,0.793004225819429,0.));
#4011=DIRECTION('',(-1.22464679914735E-16,5.65442654796275E-30,-1.));
#4012=DIRECTION('center_axis',(0.,0.,-1.));
#4013=DIRECTION('ref_axis',(-1.,4.60494320000062E-14,0.));
#4014=DIRECTION('center_axis',(0.,0.,-1.));
#4015=DIRECTION('ref_axis',(-1.,4.02932530000057E-14,0.));
#4016=DIRECTION('',(-1.22464679914735E-16,4.94949792919576E-30,-1.));
#4017=DIRECTION('center_axis',(0.,0.,1.));
#4018=DIRECTION('ref_axis',(-1.,4.02932530000057E-14,0.));
#4019=DIRECTION('center_axis',(0.,0.,-1.));
#4020=DIRECTION('ref_axis',(-1.,4.02932530000057E-14,0.));
#4021=DIRECTION('',(-1.22464679914735E-16,4.94949792919576E-30,-1.));
#4022=DIRECTION('center_axis',(0.,0.,-1.));
#4023=DIRECTION('ref_axis',(-1.,4.02932530000057E-14,0.));
#4024=DIRECTION('',(-1.22464679914735E-16,4.94949792919576E-30,-1.));
#4025=DIRECTION('center_axis',(0.,0.,-1.));
#4026=DIRECTION('ref_axis',(-1.,4.02932530000057E-14,0.));
#4027=DIRECTION('',(-1.22464679914735E-16,4.94949792919576E-30,-1.));
#4028=DIRECTION('center_axis',(0.,0.,-1.));
#4029=DIRECTION('ref_axis',(-1.,4.02932530000057E-14,0.));
#4030=DIRECTION('',(-1.22464679914735E-16,4.94949792919576E-30,-1.));
#4031=DIRECTION('center_axis',(0.,0.,-1.));
#4032=DIRECTION('ref_axis',(-1.,4.02932530000057E-14,0.));
#4033=DIRECTION('',(-1.22464679914735E-16,4.94949792919576E-30,-1.));
#4034=DIRECTION('center_axis',(0.,0.,-1.));
#4035=DIRECTION('ref_axis',(-1.,4.02932530000057E-14,0.));
#4036=DIRECTION('',(-1.22464679914735E-16,4.94949792919576E-30,-1.));
#4037=DIRECTION('center_axis',(0.,0.,-1.));
#4038=DIRECTION('ref_axis',(-1.,4.02932530000057E-14,0.));
#4039=DIRECTION('',(-1.22464679914735E-16,4.94949792919576E-30,-1.));
#4040=DIRECTION('center_axis',(0.,0.,-1.));
#4041=DIRECTION('ref_axis',(-1.,4.02932530000057E-14,0.));
#4042=DIRECTION('',(-1.22464679914735E-16,4.94949792919576E-30,-1.));
#4043=DIRECTION('center_axis',(0.,0.,-1.));
#4044=DIRECTION('ref_axis',(0.609215921464799,0.793004389038167,0.));
#4045=DIRECTION('',(-1.22464679914735E-16,4.94949792919576E-30,-1.));
#4046=DIRECTION('center_axis',(0.,0.,-1.));
#4047=DIRECTION('ref_axis',(-1.,4.02932530000057E-14,0.));
#4048=DIRECTION('center_axis',(0.,0.,-1.));
#4049=DIRECTION('ref_axis',(-1.,4.02932530000057E-14,0.));
#4050=DIRECTION('',(-1.22464679914735E-16,4.94949792919576E-30,-1.));
#4051=DIRECTION('center_axis',(0.,0.,1.));
#4052=DIRECTION('ref_axis',(-1.,4.02932530000057E-14,0.));
#4053=DIRECTION('center_axis',(0.,0.,-1.));
#4054=DIRECTION('ref_axis',(-1.,4.02932530000057E-14,0.));
#4055=DIRECTION('',(-1.22464679914735E-16,4.94949792919576E-30,-1.));
#4056=DIRECTION('center_axis',(0.,0.,-1.));
#4057=DIRECTION('ref_axis',(-1.,4.02932530000057E-14,0.));
#4058=DIRECTION('',(-1.22464679914735E-16,4.94949792919576E-30,-1.));
#4059=DIRECTION('center_axis',(0.,0.,-1.));
#4060=DIRECTION('ref_axis',(-1.,4.02932530000057E-14,0.));
#4061=DIRECTION('',(-1.22464679914735E-16,4.94949792919576E-30,-1.));
#4062=DIRECTION('center_axis',(0.,0.,-1.));
#4063=DIRECTION('ref_axis',(-1.,4.02932530000057E-14,0.));
#4064=DIRECTION('',(-1.22464679914735E-16,4.94949792919576E-30,-1.));
#4065=DIRECTION('center_axis',(0.,0.,-1.));
#4066=DIRECTION('ref_axis',(-1.,4.02932530000057E-14,0.));
#4067=DIRECTION('',(-1.22464679914735E-16,4.94949792919576E-30,-1.));
#4068=DIRECTION('center_axis',(0.,0.,-1.));
#4069=DIRECTION('ref_axis',(-1.,4.02932530000057E-14,0.));
#4070=DIRECTION('',(-1.22464679914735E-16,4.94949792919576E-30,-1.));
#4071=DIRECTION('center_axis',(0.,0.,-1.));
#4072=DIRECTION('ref_axis',(-1.,4.02932530000057E-14,0.));
#4073=DIRECTION('',(-1.22464679914735E-16,4.94949792919576E-30,-1.));
#4074=DIRECTION('center_axis',(0.,0.,-1.));
#4075=DIRECTION('ref_axis',(-1.,4.02932530000057E-14,0.));
#4076=DIRECTION('',(-1.22464679914735E-16,4.94949792919576E-30,-1.));
#4077=DIRECTION('center_axis',(0.,0.,-1.));
#4078=DIRECTION('ref_axis',(0.609215622724383,0.793004618541747,0.));
#4079=DIRECTION('',(-1.22464679914735E-16,4.94949792919576E-30,-1.));
#4080=DIRECTION('center_axis',(0.,0.,-1.));
#4081=DIRECTION('ref_axis',(-1.,4.02932530000057E-14,0.));
#4082=DIRECTION('center_axis',(0.,0.,-1.));
#4083=DIRECTION('ref_axis',(0.348704558636795,-0.937232698312387,0.));
#4084=DIRECTION('',(0.,0.,-1.));
#4085=DIRECTION('center_axis',(0.,0.,-1.));
#4086=DIRECTION('ref_axis',(-1.,0.,0.));
#4087=DIRECTION('center_axis',(0.,0.,-1.));
#4088=DIRECTION('ref_axis',(-1.,0.,0.));
#4089=DIRECTION('',(0.,0.,-1.));
#4090=DIRECTION('center_axis',(0.,0.,-1.));
#4091=DIRECTION('ref_axis',(-1.,0.,0.));
#4092=DIRECTION('',(0.,0.,-1.));
#4093=DIRECTION('center_axis',(0.,0.,-1.));
#4094=DIRECTION('ref_axis',(-1.,0.,0.));
#4095=DIRECTION('',(0.,0.,-1.));
#4096=DIRECTION('center_axis',(0.,0.,-1.));
#4097=DIRECTION('ref_axis',(-1.,0.,0.));
#4098=DIRECTION('',(0.,0.,-1.));
#4099=DIRECTION('center_axis',(0.,0.,-1.));
#4100=DIRECTION('ref_axis',(-1.,0.,0.));
#4101=DIRECTION('',(0.,0.,-1.));
#4102=DIRECTION('center_axis',(0.,0.,-1.));
#4103=DIRECTION('ref_axis',(-1.,0.,0.));
#4104=DIRECTION('',(0.,0.,-1.));
#4105=DIRECTION('center_axis',(0.,0.,-1.));
#4106=DIRECTION('ref_axis',(-1.,0.,0.));
#4107=DIRECTION('',(0.,0.,-1.));
#4108=DIRECTION('center_axis',(0.,0.,-1.));
#4109=DIRECTION('ref_axis',(-1.,0.,0.));
#4110=DIRECTION('',(0.,0.,-1.));
#4111=DIRECTION('center_axis',(0.,0.,-1.));
#4112=DIRECTION('ref_axis',(-0.937369918163047,0.348335522912899,0.));
#4113=DIRECTION('',(0.,0.,-1.));
#4114=DIRECTION('center_axis',(0.,0.,-1.));
#4115=DIRECTION('ref_axis',(-1.,0.,0.));
#4116=DIRECTION('center_axis',(0.,0.,-1.));
#4117=DIRECTION('ref_axis',(-1.,5.1805611000007E-14,0.));
#4118=DIRECTION('',(-1.22464679914735E-16,6.35935516672976E-30,-1.));
#4119=DIRECTION('center_axis',(0.,0.,1.));
#4120=DIRECTION('ref_axis',(-1.,5.1805611000007E-14,0.));
#4121=DIRECTION('center_axis',(0.,0.,-1.));
#4122=DIRECTION('ref_axis',(-1.,5.1805611000007E-14,0.));
#4123=DIRECTION('',(-1.22464679914735E-16,6.35935516672976E-30,-1.));
#4124=DIRECTION('center_axis',(0.,0.,-1.));
#4125=DIRECTION('ref_axis',(-1.,5.1805611000007E-14,0.));
#4126=DIRECTION('',(-1.22464679914735E-16,6.35935516672976E-30,-1.));
#4127=DIRECTION('center_axis',(0.,0.,-1.));
#4128=DIRECTION('ref_axis',(-1.,5.1805611000007E-14,0.));
#4129=DIRECTION('',(-1.22464679914735E-16,6.35935516672976E-30,-1.));
#4130=DIRECTION('center_axis',(0.,0.,-1.));
#4131=DIRECTION('ref_axis',(-1.,5.1805611000007E-14,0.));
#4132=DIRECTION('',(-1.22464679914735E-16,6.35935516672976E-30,-1.));
#4133=DIRECTION('center_axis',(0.,0.,-1.));
#4134=DIRECTION('ref_axis',(-1.,5.1805611000007E-14,0.));
#4135=DIRECTION('',(-1.22464679914735E-16,6.35935516672976E-30,-1.));
#4136=DIRECTION('center_axis',(0.,0.,-1.));
#4137=DIRECTION('ref_axis',(-1.,5.1805611000007E-14,0.));
#4138=DIRECTION('',(-1.22464679914735E-16,6.35935516672976E-30,-1.));
#4139=DIRECTION('center_axis',(0.,0.,-1.));
#4140=DIRECTION('ref_axis',(-1.,5.1805611000007E-14,0.));
#4141=DIRECTION('',(-1.22464679914735E-16,6.35935516672976E-30,-1.));
#4142=DIRECTION('center_axis',(0.,0.,-1.));
#4143=DIRECTION('ref_axis',(-1.,5.1805611000007E-14,0.));
#4144=DIRECTION('',(-1.22464679914735E-16,6.35935516672976E-30,-1.));
#4145=DIRECTION('center_axis',(0.,0.,-1.));
#4146=DIRECTION('ref_axis',(0.609216120047153,0.793004236479663,0.));
#4147=DIRECTION('',(-1.22464679914735E-16,6.35935516672976E-30,-1.));
#4148=DIRECTION('center_axis',(0.,0.,-1.));
#4149=DIRECTION('ref_axis',(-1.,5.1805611000007E-14,0.));
#4150=DIRECTION('center_axis',(0.,0.,1.));
#4151=DIRECTION('ref_axis',(0.707106781186554,0.707106781186541,0.));
#4152=DIRECTION('center_axis',(0.,0.,-1.));
#4153=DIRECTION('ref_axis',(0.707106781186554,0.707106781186541,0.));
#4154=DIRECTION('',(0.,0.,1.));
#4155=DIRECTION('center_axis',(0.,0.,-1.));
#4156=DIRECTION('ref_axis',(0.,1.,0.));
#4157=DIRECTION('',(0.,0.,-1.));
#4158=DIRECTION('center_axis',(0.408248290463859,-0.816496580927725,0.408248290463869));
#4159=DIRECTION('ref_axis',(0.577350269189623,0.577350269189623,0.577350269189631));
#4160=DIRECTION('center_axis',(1.,0.,0.));
#4161=DIRECTION('ref_axis',(0.,0.707106781186546,0.707106781186549));
#4162=DIRECTION('center_axis',(0.,1.,0.));
#4163=DIRECTION('ref_axis',(0.707106781186543,0.,0.707106781186552));
#4164=DIRECTION('center_axis',(-1.,0.,0.));
#4165=DIRECTION('ref_axis',(0.,0.707106781186546,0.707106781186549));
#4166=DIRECTION('',(-1.,0.,0.));
#4167=DIRECTION('center_axis',(-1.,0.,0.));
#4168=DIRECTION('ref_axis',(0.,0.,1.));
#4169=DIRECTION('',(1.,0.,0.));
#4170=DIRECTION('center_axis',(0.,1.,0.));
#4171=DIRECTION('ref_axis',(-1.,0.,0.));
#4172=DIRECTION('',(1.,0.,0.));
#4173=DIRECTION('',(0.,0.,-1.));
#4174=DIRECTION('center_axis',(0.,0.,1.));
#4175=DIRECTION('ref_axis',(0.70710678118654,-0.707106781186555,0.));
#4176=DIRECTION('center_axis',(0.,0.,-1.));
#4177=DIRECTION('ref_axis',(0.70710678118654,-0.707106781186555,0.));
#4178=DIRECTION('',(0.,0.,1.));
#4179=DIRECTION('center_axis',(0.,0.,-1.));
#4180=DIRECTION('ref_axis',(1.,0.,0.));
#4181=DIRECTION('',(0.,0.,-1.));
#4182=DIRECTION('center_axis',(-0.816496580927725,-0.408248290463865,0.408248290463864));
#4183=DIRECTION('ref_axis',(0.577350269189623,-0.577350269189628,0.577350269189627));
#4184=DIRECTION('center_axis',(0.,-1.,0.));
#4185=DIRECTION('ref_axis',(0.707106781186543,0.,0.707106781186552));
#4186=DIRECTION('center_axis',(1.,0.,0.));
#4187=DIRECTION('ref_axis',(0.,-0.707106781186548,0.707106781186548));
#4188=DIRECTION('center_axis',(0.,1.,0.));
#4189=DIRECTION('ref_axis',(0.70710678118654,0.,0.707106781186555));
#4190=DIRECTION('',(0.,-1.,0.));
#4191=DIRECTION('',(0.,1.,0.));
#4192=DIRECTION('center_axis',(1.,0.,0.));
#4193=DIRECTION('ref_axis',(0.,1.,0.));
#4194=DIRECTION('',(0.,-1.,0.));
#4195=DIRECTION('center_axis',(-1.,0.,9.9920070727339E-16));
#4196=DIRECTION('ref_axis',(0.,-0.707106781186551,0.707106781186544));
#4197=DIRECTION('center_axis',(-1.,0.,0.));
#4198=DIRECTION('ref_axis',(0.,-1.,0.));
#4199=DIRECTION('',(-1.,0.,9.9920070727339E-16));
#4200=DIRECTION('center_axis',(1.,0.,4.44089209850061E-15));
#4201=DIRECTION('ref_axis',(-4.44089209850061E-15,0.,1.));
#4202=DIRECTION('',(1.,0.,-9.9920070727339E-16));
#4203=DIRECTION('center_axis',(0.,-1.,0.));
#4204=DIRECTION('ref_axis',(0.,0.,-1.));
#4205=DIRECTION('center_axis',(0.,0.,-1.));
#4206=DIRECTION('ref_axis',(1.,0.,0.));
#4207=DIRECTION('center_axis',(0.,-1.,0.));
#4208=DIRECTION('ref_axis',(-0.707106781186547,0.,-0.707106781186547));
#4209=DIRECTION('center_axis',(0.,1.,0.));
#4210=DIRECTION('ref_axis',(-0.707106781186548,0.,-0.707106781186548));
#4211=DIRECTION('center_axis',(0.,0.,1.));
#4212=DIRECTION('ref_axis',(0.707106781186544,-0.707106781186551,0.));
#4213=DIRECTION('center_axis',(0.,0.,-1.));
#4214=DIRECTION('ref_axis',(1.,0.,0.));
#4215=DIRECTION('',(0.,0.,-1.));
#4216=DIRECTION('',(0.,0.,1.));
#4217=DIRECTION('center_axis',(0.,-1.,0.));
#4218=DIRECTION('ref_axis',(0.,0.,-1.));
#4219=DIRECTION('center_axis',(-1.,0.,0.));
#4220=DIRECTION('ref_axis',(0.,0.,-1.));
#4221=DIRECTION('center_axis',(0.,-1.,0.));
#4222=DIRECTION('ref_axis',(-0.707106781186548,0.,0.707106781186548));
#4223=DIRECTION('center_axis',(0.,1.,0.));
#4224=DIRECTION('ref_axis',(-0.707106781186548,0.,0.707106781186548));
#4225=DIRECTION('center_axis',(1.,0.,0.));
#4226=DIRECTION('ref_axis',(0.,-0.707106781186551,-0.707106781186544));
#4227=DIRECTION('center_axis',(-1.,0.,-2.22044604925031E-15));
#4228=DIRECTION('ref_axis',(2.22044604925031E-15,0.,-1.));
#4229=DIRECTION('',(-1.,0.,0.));
#4230=DIRECTION('',(1.,0.,0.));
#4231=DIRECTION('center_axis',(0.,-1.,0.));
#4232=DIRECTION('ref_axis',(0.,0.,-1.));
#4233=DIRECTION('center_axis',(2.22044604925031E-15,0.,1.));
#4234=DIRECTION('ref_axis',(-1.,0.,2.22044604925031E-15));
#4235=DIRECTION('center_axis',(0.,-1.,0.));
#4236=DIRECTION('ref_axis',(0.707106781186547,0.,0.707106781186548));
#4237=DIRECTION('center_axis',(0.,1.,0.));
#4238=DIRECTION('ref_axis',(0.707106781186547,0.,0.707106781186548));
#4239=DIRECTION('center_axis',(0.,0.,-1.));
#4240=DIRECTION('ref_axis',(-0.707106781186544,-0.707106781186551,0.));
#4241=DIRECTION('center_axis',(0.,0.,1.));
#4242=DIRECTION('ref_axis',(-1.,0.,0.));
#4243=DIRECTION('',(0.,0.,1.));
#4244=DIRECTION('',(0.,0.,-1.));
#4245=DIRECTION('center_axis',(0.,-1.,0.));
#4246=DIRECTION('ref_axis',(0.,0.,-1.));
#4247=DIRECTION('center_axis',(0.,1.,0.));
#4248=DIRECTION('ref_axis',(0.707106781186547,0.,-0.707106781186548));
#4249=DIRECTION('center_axis',(0.,-1.,0.));
#4250=DIRECTION('ref_axis',(0.707106781186547,0.,-0.707106781186548));
#4251=DIRECTION('center_axis',(0.,-1.,0.));
#4252=DIRECTION('ref_axis',(-0.707106781186548,0.,0.707106781186548));
#4253=DIRECTION('',(0.,1.,0.));
#4254=DIRECTION('center_axis',(0.,-1.,0.));
#4255=DIRECTION('ref_axis',(-0.70710678118655,0.,0.707106781186545));
#4256=DIRECTION('',(0.,-1.,0.));
#4257=DIRECTION('center_axis',(-1.,0.,0.));
#4258=DIRECTION('ref_axis',(0.,0.,-1.));
#4259=DIRECTION('',(0.,-1.,0.));
#4260=DIRECTION('',(0.,0.,-1.));
#4261=DIRECTION('center_axis',(0.,-1.,0.));
#4262=DIRECTION('ref_axis',(-0.707106781186548,0.,-0.707106781186548));
#4263=DIRECTION('',(0.,1.,0.));
#4264=DIRECTION('center_axis',(0.,-1.,0.));
#4265=DIRECTION('ref_axis',(-0.70710678118655,0.,-0.707106781186545));
#4266=DIRECTION('center_axis',(-9.9920070727339E-16,0.,-1.));
#4267=DIRECTION('ref_axis',(1.,0.,-9.9920070727339E-16));
#4268=DIRECTION('',(0.,-1.,0.));
#4269=DIRECTION('',(1.,0.,-9.9920070727339E-16));
#4270=DIRECTION('center_axis',(0.,1.,0.));
#4271=DIRECTION('ref_axis',(1.,0.,0.));
#4272=DIRECTION('',(0.,0.,1.));
#4273=DIRECTION('',(1.,0.,0.));
#4274=DIRECTION('',(0.,0.,-1.));
#4275=DIRECTION('',(-1.,0.,0.));
#4276=DIRECTION('center_axis',(0.,0.,-1.));
#4277=DIRECTION('ref_axis',(0.707106781186544,0.707106781186551,0.));
#4278=DIRECTION('center_axis',(0.,0.,-1.));
#4279=DIRECTION('ref_axis',(0.,1.,0.));
#4280=DIRECTION('center_axis',(0.,0.,1.));
#4281=DIRECTION('ref_axis',(1.,0.,0.));
#4282=DIRECTION('',(0.,0.,1.));
#4283=DIRECTION('center_axis',(0.,1.,0.));
#4284=DIRECTION('ref_axis',(0.,0.,1.));
#4285=DIRECTION('center_axis',(-1.,0.,0.));
#4286=DIRECTION('ref_axis',(0.,0.,1.));
#4287=DIRECTION('center_axis',(0.,1.,0.));
#4288=DIRECTION('ref_axis',(-0.70710678118655,0.,-0.707106781186545));
#4289=DIRECTION('center_axis',(1.,0.,-9.9920070727339E-16));
#4290=DIRECTION('ref_axis',(0.,0.707106781186551,0.707106781186544));
#4291=DIRECTION('center_axis',(-1.,0.,0.));
#4292=DIRECTION('ref_axis',(0.,0.,1.));
#4293=DIRECTION('',(-1.,0.,9.9920070727339E-16));
#4294=DIRECTION('center_axis',(0.,1.,0.));
#4295=DIRECTION('ref_axis',(0.,0.,1.));
#4296=DIRECTION('center_axis',(0.,0.,-1.));
#4297=DIRECTION('ref_axis',(-1.,0.,0.));
#4298=DIRECTION('center_axis',(0.,1.,0.));
#4299=DIRECTION('ref_axis',(0.707106781186547,0.,-0.707106781186548));
#4300=DIRECTION('center_axis',(0.,-1.,0.));
#4301=DIRECTION('ref_axis',(0.707106781186547,0.,-0.707106781186548));
#4302=DIRECTION('center_axis',(0.,0.,1.));
#4303=DIRECTION('ref_axis',(-0.707106781186544,0.707106781186551,0.));
#4304=DIRECTION('center_axis',(0.,0.,-1.));
#4305=DIRECTION('ref_axis',(-1.,0.,0.));
#4306=DIRECTION('',(0.,0.,-1.));
#4307=DIRECTION('',(0.,0.,1.));
#4308=DIRECTION('center_axis',(0.,1.,0.));
#4309=DIRECTION('ref_axis',(0.,0.,1.));
#4310=DIRECTION('center_axis',(1.,0.,0.));
#4311=DIRECTION('ref_axis',(0.,0.,-1.));
#4312=DIRECTION('center_axis',(0.,1.,0.));
#4313=DIRECTION('ref_axis',(0.707106781186547,0.,0.707106781186548));
#4314=DIRECTION('center_axis',(0.,-1.,0.));
#4315=DIRECTION('ref_axis',(0.707106781186547,0.,0.707106781186548));
#4316=DIRECTION('center_axis',(-1.,0.,0.));
#4317=DIRECTION('ref_axis',(0.,0.707106781186551,-0.707106781186544));
#4318=DIRECTION('center_axis',(1.,0.,1.55431223447522E-14));
#4319=DIRECTION('ref_axis',(1.55431223447522E-14,0.,-1.));
#4320=DIRECTION('',(1.,0.,0.));
#4321=DIRECTION('',(-1.,0.,0.));
#4322=DIRECTION('center_axis',(0.,1.,0.));
#4323=DIRECTION('ref_axis',(0.,0.,1.));
#4324=DIRECTION('center_axis',(0.,1.,0.));
#4325=DIRECTION('ref_axis',(-0.70710678118655,0.,0.707106781186545));
#4326=DIRECTION('center_axis',(0.,-1.,0.));
#4327=DIRECTION('ref_axis',(0.707106781186547,0.,-0.707106781186548));
#4328=DIRECTION('',(0.,1.,0.));
#4329=DIRECTION('center_axis',(0.,1.,0.));
#4330=DIRECTION('ref_axis',(-1.,0.,0.));
#4331=DIRECTION('',(0.,0.,1.));
#4332=DIRECTION('',(1.,0.,0.));
#4333=DIRECTION('',(0.,0.,-1.));
#4334=DIRECTION('',(-1.,0.,0.));
#4335=DIRECTION('center_axis',(0.,0.,1.));
#4336=DIRECTION('ref_axis',(-1.,0.,0.));
#4337=DIRECTION('',(0.,1.,0.));
#4338=DIRECTION('center_axis',(0.,-1.,0.));
#4339=DIRECTION('ref_axis',(0.707106781186548,0.,0.707106781186548));
#4340=DIRECTION('',(0.,-1.,0.));
#4341=DIRECTION('center_axis',(1.,0.,0.));
#4342=DIRECTION('ref_axis',(0.,0.,1.));
#4343=DIRECTION('center_axis',(0.,0.,1.));
#4344=DIRECTION('ref_axis',(-0.70710678118654,0.707106781186555,0.));
#4345=DIRECTION('',(0.,0.,1.));
#4346=DIRECTION('center_axis',(0.,0.,1.));
#4347=DIRECTION('ref_axis',(-0.70710678118654,0.707106781186555,0.));
#4348=DIRECTION('',(0.,0.,-1.));
#4349=DIRECTION('center_axis',(0.,0.,-1.));
#4350=DIRECTION('ref_axis',(-0.70710678118654,0.707106781186555,0.));
#4351=DIRECTION('',(0.,0.,1.));
#4352=DIRECTION('center_axis',(0.,0.,-1.));
#4353=DIRECTION('ref_axis',(-0.70710678118654,0.707106781186555,0.));
#4354=DIRECTION('center_axis',(0.,0.,1.));
#4355=DIRECTION('ref_axis',(-0.707106781186544,-0.707106781186551,0.));
#4356=DIRECTION('center_axis',(0.,0.,-1.));
#4357=DIRECTION('ref_axis',(-0.707106781186544,-0.707106781186551,0.));
#4358=DIRECTION('',(0.,0.,1.));
#4359=DIRECTION('center_axis',(0.,0.,1.));
#4360=DIRECTION('ref_axis',(-0.707106781186527,-0.707106781186568,0.));
#4361=DIRECTION('center_axis',(0.,0.,-1.));
#4362=DIRECTION('ref_axis',(-1.,0.,0.));
#4363=DIRECTION('center_axis',(0.,0.,1.));
#4364=DIRECTION('ref_axis',(-0.707106781186554,-0.707106781186541,0.));
#4365=DIRECTION('',(-1.,0.,0.));
#4366=DIRECTION('center_axis',(0.,0.,1.));
#4367=DIRECTION('ref_axis',(0.707106781186554,-0.707106781186541,0.));
#4368=DIRECTION('',(0.,-1.,0.));
#4369=DIRECTION('center_axis',(0.,0.,1.));
#4370=DIRECTION('ref_axis',(0.707106781186554,0.707106781186541,0.));
#4371=DIRECTION('center_axis',(0.,0.,1.));
#4372=DIRECTION('ref_axis',(-0.707106781186554,0.707106781186541,0.));
#4373=DIRECTION('',(0.,1.,0.));
#4374=DIRECTION('center_axis',(0.,0.,-1.));
#4375=DIRECTION('ref_axis',(-1.,0.,0.));
#4376=DIRECTION('center_axis',(0.,0.,-1.));
#4377=DIRECTION('ref_axis',(-1.,0.,0.));
#4378=DIRECTION('center_axis',(0.,0.,-1.));
#4379=DIRECTION('ref_axis',(-1.,0.,0.));
#4380=DIRECTION('center_axis',(0.,0.,-1.));
#4381=DIRECTION('ref_axis',(-1.,0.,0.));
#4382=DIRECTION('',(0.,-1.,0.));
#4383=DIRECTION('',(1.,0.,0.));
#4384=DIRECTION('',(0.,-1.,0.));
#4385=DIRECTION('',(1.,0.,0.));
#4386=DIRECTION('',(0.,-1.,0.));
#4387=DIRECTION('center_axis',(0.,0.,-1.));
#4388=DIRECTION('ref_axis',(-0.707106781186554,-0.707106781186541,0.));
#4389=DIRECTION('center_axis',(0.,0.,-1.));
#4390=DIRECTION('ref_axis',(-0.866025403784434,-0.500000000000007,0.));
#4391=DIRECTION('center_axis',(0.,0.,-1.));
#4392=DIRECTION('ref_axis',(-0.707106781186552,0.707106781186543,0.));
#4393=DIRECTION('',(1.,0.,0.));
#4394=DIRECTION('center_axis',(-1.,0.,0.));
#4395=DIRECTION('ref_axis',(0.,-1.,0.));
#4396=DIRECTION('',(0.,1.,0.));
#4397=DIRECTION('',(0.,0.,-1.));
#4398=DIRECTION('center_axis',(0.,0.,1.));
#4399=DIRECTION('ref_axis',(-0.707106781186554,-0.707106781186541,0.));
#4400=DIRECTION('',(0.,0.,-1.));
#4401=DIRECTION('center_axis',(0.,0.,-1.));
#4402=DIRECTION('ref_axis',(-0.707106781186554,-0.707106781186541,0.));
#4403=DIRECTION('',(0.,0.,1.));
#4404=DIRECTION('center_axis',(0.,0.,1.));
#4405=DIRECTION('ref_axis',(-0.707106781186554,-0.707106781186541,0.));
#4406=DIRECTION('',(0.,0.,-1.));
#4407=DIRECTION('center_axis',(0.,0.,1.));
#4408=DIRECTION('ref_axis',(-0.866025403784434,-0.500000000000007,0.));
#4409=DIRECTION('center_axis',(0.,0.,1.));
#4410=DIRECTION('ref_axis',(-0.866025403784434,-0.500000000000007,0.));
#4411=DIRECTION('',(0.,0.,-1.));
#4412=DIRECTION('center_axis',(0.,-1.,0.));
#4413=DIRECTION('ref_axis',(1.,0.,0.));
#4414=DIRECTION('',(-1.,0.,0.));
#4415=DIRECTION('',(0.,0.,1.));
#4416=DIRECTION('',(1.,0.,0.));
#4417=DIRECTION('center_axis',(0.,1.,0.));
#4418=DIRECTION('ref_axis',(-1.,0.,0.));
#4419=DIRECTION('center_axis',(0.,0.,-1.));
#4420=DIRECTION('ref_axis',(-0.707106781186548,0.707106781186548,0.));
#4421=DIRECTION('center_axis',(0.,0.,1.));
#4422=DIRECTION('ref_axis',(-0.707106781186548,0.707106781186548,0.));
#4423=DIRECTION('center_axis',(0.,0.,1.));
#4424=DIRECTION('ref_axis',(-0.707106781186548,0.707106781186548,0.));
#4425=DIRECTION('center_axis',(0.,0.,1.));
#4426=DIRECTION('ref_axis',(-0.707106781186552,0.707106781186543,0.));
#4427=DIRECTION('center_axis',(0.,0.,1.));
#4428=DIRECTION('ref_axis',(1.,0.,0.));
#4429=DIRECTION('',(0.,1.,0.));
#4430=DIRECTION('center_axis',(0.,0.,-1.));
#4431=DIRECTION('ref_axis',(-0.707106781186527,-0.707106781186568,0.));
#4432=DIRECTION('',(-1.,0.,0.));
#4433=DIRECTION('center_axis',(0.,-1.,0.));
#4434=DIRECTION('ref_axis',(-0.70710678118654,0.,0.707106781186555));
#4435=DIRECTION('',(0.,1.,0.));
#4436=DIRECTION('center_axis',(1.11022302462516E-15,-1.,-1.97215226305254E-29));
#4437=DIRECTION('ref_axis',(1.77635683940025E-14,0.,1.));
#4438=DIRECTION('center_axis',(-1.,0.,0.));
#4439=DIRECTION('ref_axis',(0.,-1.,0.));
#4440=DIRECTION('',(0.,0.,1.));
#4441=DIRECTION('',(0.,1.,0.));
#4442=DIRECTION('center_axis',(-1.,0.,0.));
#4443=DIRECTION('ref_axis',(0.,-1.,0.));
#4444=DIRECTION('center_axis',(0.,0.,1.));
#4445=DIRECTION('ref_axis',(-0.707106781186527,-0.707106781186568,0.));
#4446=DIRECTION('center_axis',(1.,0.,0.));
#4447=DIRECTION('ref_axis',(0.,-0.707106781186548,0.707106781186548));
#4448=DIRECTION('',(1.,0.,0.));
#4449=DIRECTION('center_axis',(0.,-1.,0.));
#4450=DIRECTION('ref_axis',(1.,0.,0.));
#4451=DIRECTION('center_axis',(0.,0.,1.));
#4452=DIRECTION('ref_axis',(-1.,0.,0.));
#4453=DIRECTION('',(-1.,0.,0.));
#4454=DIRECTION('',(0.,-1.,0.));
#4455=DIRECTION('center_axis',(0.,1.,0.));
#4456=DIRECTION('ref_axis',(-1.,0.,0.));
#4457=DIRECTION('',(0.,0.,1.));
#4458=DIRECTION('',(1.,0.,0.));
#4459=DIRECTION('center_axis',(-1.,0.,0.));
#4460=DIRECTION('ref_axis',(0.,-1.,0.));
#4461=DIRECTION('',(0.,1.,0.));
#4462=DIRECTION('center_axis',(0.,1.,0.));
#4463=DIRECTION('ref_axis',(1.,0.,0.));
#4464=DIRECTION('center_axis',(0.,1.,0.));
#4465=DIRECTION('ref_axis',(0.968245836551854,0.,0.25));
#4466=DIRECTION('center_axis',(0.,-1.,0.));
#4467=DIRECTION('ref_axis',(-1.,0.,0.));
#4468=DIRECTION('center_axis',(0.,-1.,0.));
#4469=DIRECTION('ref_axis',(0.968245836551854,0.,0.25));
#4470=DIRECTION('center_axis',(0.,-1.,0.));
#4471=DIRECTION('ref_axis',(0.968245836551854,0.,0.25));
#4472=DIRECTION('',(0.,1.,0.));
#4473=DIRECTION('center_axis',(0.,0.,-1.));
#4474=DIRECTION('ref_axis',(-1.,0.,0.));
#4475=DIRECTION('center_axis',(0.,0.,-1.));
#4476=DIRECTION('ref_axis',(-1.,5.1805611000007E-14,0.));
#4477=DIRECTION('center_axis',(0.,0.,-1.));
#4478=DIRECTION('ref_axis',(-1.,0.,0.));
#4479=DIRECTION('center_axis',(0.,0.,-1.));
#4480=DIRECTION('ref_axis',(-1.,0.,0.));
#4481=DIRECTION('',(0.707106781186546,8.65956056235491E-17,-0.707106781186549));
#4482=DIRECTION('center_axis',(0.,0.,1.));
#4483=DIRECTION('ref_axis',(-1.,0.,0.));
#4484=DIRECTION('center_axis',(0.,0.,1.));
#4485=DIRECTION('ref_axis',(-1.,0.,0.));
#4486=DIRECTION('',(0.,0.,-1.));
#4487=DIRECTION('center_axis',(0.,0.,1.));
#4488=DIRECTION('ref_axis',(-1.,0.,0.));
#4489=DIRECTION('center_axis',(0.,0.,-1.));
#4490=DIRECTION('ref_axis',(-1.,0.,0.));
#4491=DIRECTION('center_axis',(0.,0.,1.));
#4492=DIRECTION('ref_axis',(-1.,0.,0.));
#4493=DIRECTION('center_axis',(0.,0.,-1.));
#4494=DIRECTION('ref_axis',(-1.,4.02932530000057E-14,0.));
#4495=DIRECTION('center_axis',(0.,0.,-1.));
#4496=DIRECTION('ref_axis',(-1.,4.02932530000057E-14,0.));
#4497=DIRECTION('center_axis',(0.,0.,-1.));
#4498=DIRECTION('ref_axis',(-1.,4.60494320000062E-14,0.));
#4499=DIRECTION('center_axis',(0.,0.,-1.));
#4500=DIRECTION('ref_axis',(-1.,0.,0.));
#4501=DIRECTION('center_axis',(0.,0.,-1.));
#4502=DIRECTION('ref_axis',(-1.,0.,0.));
#4503=DIRECTION('',(0.707106781186546,8.65956056235491E-17,-0.707106781186549));
#4504=DIRECTION('center_axis',(0.,0.,1.));
#4505=DIRECTION('ref_axis',(-1.,0.,0.));
#4506=DIRECTION('center_axis',(0.,0.,1.));
#4507=DIRECTION('ref_axis',(-1.,0.,0.));
#4508=DIRECTION('',(0.,0.,-1.));
#4509=DIRECTION('center_axis',(0.,0.,1.));
#4510=DIRECTION('ref_axis',(-1.,0.,0.));
#4511=DIRECTION('center_axis',(0.,0.,-1.));
#4512=DIRECTION('ref_axis',(-1.,0.,0.));
#4513=DIRECTION('center_axis',(0.,0.,1.));
#4514=DIRECTION('ref_axis',(-1.,0.,0.));
#4515=DIRECTION('center_axis',(0.,0.,-1.));
#4516=DIRECTION('ref_axis',(-1.,0.,0.));
#4517=DIRECTION('center_axis',(0.,0.,-1.));
#4518=DIRECTION('ref_axis',(-1.,0.,0.));
#4519=DIRECTION('',(0.707106781186548,8.65956056235493E-17,-0.707106781186548));
#4520=DIRECTION('center_axis',(0.,0.,1.));
#4521=DIRECTION('ref_axis',(-1.,0.,0.));
#4522=DIRECTION('center_axis',(0.,0.,1.));
#4523=DIRECTION('ref_axis',(-1.,0.,0.));
#4524=DIRECTION('',(0.,0.,-1.));
#4525=DIRECTION('center_axis',(0.,0.,1.));
#4526=DIRECTION('ref_axis',(-1.,0.,0.));
#4527=DIRECTION('center_axis',(0.,0.,-1.));
#4528=DIRECTION('ref_axis',(-1.,0.,0.));
#4529=DIRECTION('center_axis',(0.,0.,1.));
#4530=DIRECTION('ref_axis',(-1.,0.,0.));
#4531=DIRECTION('center_axis',(0.,0.,-1.));
#4532=DIRECTION('ref_axis',(-1.,0.,0.));
#4533=DIRECTION('center_axis',(0.,0.,-1.));
#4534=DIRECTION('ref_axis',(-1.,0.,0.));
#4535=DIRECTION('',(0.707106781186548,8.65956056235493E-17,-0.707106781186548));
#4536=DIRECTION('center_axis',(0.,0.,1.));
#4537=DIRECTION('ref_axis',(-1.,0.,0.));
#4538=DIRECTION('center_axis',(0.,0.,1.));
#4539=DIRECTION('ref_axis',(-1.,0.,0.));
#4540=DIRECTION('',(0.,0.,-1.));
#4541=DIRECTION('center_axis',(0.,0.,1.));
#4542=DIRECTION('ref_axis',(-1.,0.,0.));
#4543=DIRECTION('center_axis',(0.,0.,-1.));
#4544=DIRECTION('ref_axis',(-1.,0.,0.));
#4545=DIRECTION('center_axis',(0.,0.,1.));
#4546=DIRECTION('ref_axis',(-1.,0.,0.));
#4547=DIRECTION('center_axis',(-0.707106781186541,-0.707106781186554,0.));
#4548=DIRECTION('ref_axis',(0.,0.,1.));
#4549=DIRECTION('',(-0.707106781186554,0.707106781186541,0.));
#4550=DIRECTION('',(0.,0.,-1.));
#4551=DIRECTION('',(0.707106781186554,-0.707106781186541,0.));
#4552=DIRECTION('',(0.,0.,1.));
#4553=DIRECTION('center_axis',(0.,-1.,0.));
#4554=DIRECTION('ref_axis',(1.,0.,0.));
#4555=DIRECTION('',(-1.,0.,0.));
#4556=DIRECTION('',(0.,0.,-1.));
#4557=DIRECTION('',(1.,0.,0.));
#4558=DIRECTION('center_axis',(0.,0.,1.));
#4559=DIRECTION('ref_axis',(1.,0.,0.));
#4560=DIRECTION('',(0.,1.,0.));
#4561=DIRECTION('',(-0.707106781186554,-0.707106781186541,0.));
#4562=DIRECTION('',(-0.707106781186554,0.707106781186541,0.));
#4563=DIRECTION('',(0.,-1.,0.));
#4564=DIRECTION('',(0.707106781186554,0.707106781186541,0.));
#4565=DIRECTION('',(1.,0.,0.));
#4566=DIRECTION('center_axis',(0.,0.,1.));
#4567=DIRECTION('ref_axis',(0.,1.,0.));
#4568=DIRECTION('',(-1.,0.,0.));
#4569=DIRECTION('center_axis',(0.,0.,1.));
#4570=DIRECTION('ref_axis',(0.,-1.,0.));
#4571=DIRECTION('',(-1.,0.,0.));
#4572=DIRECTION('center_axis',(0.,0.,1.));
#4573=DIRECTION('ref_axis',(0.,-1.,0.));
#4574=DIRECTION('',(1.,0.,0.));
#4575=DIRECTION('center_axis',(0.,0.,1.));
#4576=DIRECTION('ref_axis',(0.,1.,0.));
#4577=DIRECTION('center_axis',(0.707106781186541,0.707106781186554,0.));
#4578=DIRECTION('ref_axis',(0.,0.,-1.));
#4579=DIRECTION('',(0.707106781186554,-0.707106781186541,0.));
#4580=DIRECTION('',(0.,0.,-1.));
#4581=DIRECTION('center_axis',(1.,0.,0.));
#4582=DIRECTION('ref_axis',(0.,1.,0.));
#4583=DIRECTION('',(0.,1.,0.));
#4584=DIRECTION('',(0.,0.,1.));
#4585=DIRECTION('center_axis',(0.707106781186541,-0.707106781186554,0.));
#4586=DIRECTION('ref_axis',(0.,0.,-1.));
#4587=DIRECTION('',(-0.707106781186554,-0.707106781186541,0.));
#4588=DIRECTION('center_axis',(-0.707106781186541,0.707106781186554,0.));
#4589=DIRECTION('ref_axis',(0.,0.,1.));
#4590=DIRECTION('',(0.707106781186554,0.707106781186541,0.));
#4591=DIRECTION('',(0.,0.,1.));
#4592=DIRECTION('center_axis',(0.,0.,-1.));
#4593=DIRECTION('ref_axis',(-1.,0.,0.));
#4594=DIRECTION('center_axis',(-1.,0.,0.));
#4595=DIRECTION('ref_axis',(0.,0.,-1.));
#4596=DIRECTION('center_axis',(-1.,0.,0.));
#4597=DIRECTION('ref_axis',(0.,1.,0.));
#4598=DIRECTION('center_axis',(0.,0.,1.));
#4599=DIRECTION('ref_axis',(-1.,0.,0.));
#4600=DIRECTION('center_axis',(1.,0.,0.));
#4601=DIRECTION('ref_axis',(0.,0.707106781186546,-0.707106781186549));
#4602=DIRECTION('center_axis',(-1.,0.,0.));
#4603=DIRECTION('ref_axis',(0.,1.,0.));
#4604=DIRECTION('',(-1.,0.,0.));
#4605=DIRECTION('center_axis',(0.,0.,-1.));
#4606=DIRECTION('ref_axis',(1.,0.,0.));
#4607=DIRECTION('center_axis',(1.,0.,0.));
#4608=DIRECTION('ref_axis',(0.,-1.,0.));
#4609=DIRECTION('center_axis',(0.,0.,1.));
#4610=DIRECTION('ref_axis',(1.,0.,0.));
#4611=DIRECTION('center_axis',(-1.,0.,0.));
#4612=DIRECTION('ref_axis',(0.,-0.707106781186546,-0.707106781186549));
#4613=DIRECTION('',(1.,0.,0.));
#4614=DIRECTION('center_axis',(0.,0.,-1.));
#4615=DIRECTION('ref_axis',(1.,0.,0.));
#4616=DIRECTION('center_axis',(-1.,0.,0.));
#4617=DIRECTION('ref_axis',(0.,-0.707106781186546,-0.707106781186549));
#4618=DIRECTION('center_axis',(-1.,0.,0.));
#4619=DIRECTION('ref_axis',(0.,0.,-1.));
#4620=DIRECTION('center_axis',(1.,0.,0.));
#4621=DIRECTION('ref_axis',(0.,-1.,0.));
#4622=DIRECTION('',(1.,0.,0.));
#4623=DIRECTION('center_axis',(0.,0.,-1.));
#4624=DIRECTION('ref_axis',(-1.,0.,0.));
#4625=DIRECTION('center_axis',(-1.,0.,0.));
#4626=DIRECTION('ref_axis',(0.,1.,0.));
#4627=DIRECTION('center_axis',(0.,0.,1.));
#4628=DIRECTION('ref_axis',(-1.,0.,0.));
#4629=DIRECTION('center_axis',(1.,0.,0.));
#4630=DIRECTION('ref_axis',(0.,0.707106781186546,-0.707106781186549));
#4631=DIRECTION('center_axis',(-1.,0.,0.));
#4632=DIRECTION('ref_axis',(0.,1.,0.));
#4633=DIRECTION('',(-1.,0.,0.));
#4634=DIRECTION('center_axis',(0.,0.,-1.));
#4635=DIRECTION('ref_axis',(1.,0.,0.));
#4636=DIRECTION('center_axis',(0.,0.,1.));
#4637=DIRECTION('ref_axis',(1.,0.,0.));
#4638=DIRECTION('center_axis',(0.,0.,-1.));
#4639=DIRECTION('ref_axis',(1.,0.,0.));
#4640=DIRECTION('center_axis',(0.,0.,-1.));
#4641=DIRECTION('ref_axis',(-0.707106781186554,-0.707106781186541,0.));
#4642=DIRECTION('',(0.,0.,1.));
#4643=DIRECTION('center_axis',(0.,0.,1.));
#4644=DIRECTION('ref_axis',(-0.707106781186554,-0.707106781186541,0.));
#4645=DIRECTION('',(0.,0.,-1.));
#4646=DIRECTION('center_axis',(0.,-1.,0.));
#4647=DIRECTION('ref_axis',(-1.,0.,0.));
#4648=DIRECTION('',(1.,0.,0.));
#4649=DIRECTION('',(0.,0.,1.));
#4650=DIRECTION('center_axis',(0.,0.,-1.));
#4651=DIRECTION('ref_axis',(-0.707106781186554,-0.707106781186541,0.));
#4652=DIRECTION('center_axis',(0.,0.,1.));
#4653=DIRECTION('ref_axis',(-0.707106781186554,-0.707106781186541,0.));
#4654=DIRECTION('',(0.,0.,1.));
#4655=DIRECTION('center_axis',(0.,0.,1.));
#4656=DIRECTION('ref_axis',(-0.707106781186554,-0.707106781186541,0.));
#4657=DIRECTION('',(0.,0.,-1.));
#4658=DIRECTION('center_axis',(0.,-1.,0.));
#4659=DIRECTION('ref_axis',(-1.,0.,0.));
#4660=DIRECTION('',(-1.,0.,0.));
#4661=DIRECTION('',(0.,0.,1.));
#4662=DIRECTION('',(-1.,0.,0.));
#4663=DIRECTION('center_axis',(0.,0.,-1.));
#4664=DIRECTION('ref_axis',(0.707106781186554,-0.707106781186541,0.));
#4665=DIRECTION('center_axis',(0.,0.,1.));
#4666=DIRECTION('ref_axis',(0.707106781186554,-0.707106781186541,0.));
#4667=DIRECTION('',(0.,0.,-1.));
#4668=DIRECTION('center_axis',(1.,0.,0.));
#4669=DIRECTION('ref_axis',(0.,-1.,0.));
#4670=DIRECTION('',(0.,1.,0.));
#4671=DIRECTION('',(0.,0.,1.));
#4672=DIRECTION('center_axis',(0.,0.,-1.));
#4673=DIRECTION('ref_axis',(0.707106781186554,-0.707106781186541,0.));
#4674=DIRECTION('center_axis',(0.,0.,1.));
#4675=DIRECTION('ref_axis',(0.707106781186554,-0.707106781186541,0.));
#4676=DIRECTION('center_axis',(0.,0.,1.));
#4677=DIRECTION('ref_axis',(0.707106781186554,-0.707106781186541,0.));
#4678=DIRECTION('',(0.,0.,-1.));
#4679=DIRECTION('center_axis',(1.,0.,0.));
#4680=DIRECTION('ref_axis',(0.,-1.,0.));
#4681=DIRECTION('',(0.,-1.,0.));
#4682=DIRECTION('',(0.,0.,1.));
#4683=DIRECTION('',(0.,-1.,0.));
#4684=DIRECTION('center_axis',(0.,0.,-1.));
#4685=DIRECTION('ref_axis',(-0.707106781186554,0.707106781186541,0.));
#4686=DIRECTION('center_axis',(0.,0.,1.));
#4687=DIRECTION('ref_axis',(-0.707106781186554,0.707106781186541,0.));
#4688=DIRECTION('',(0.,0.,-1.));
#4689=DIRECTION('center_axis',(-1.,0.,0.));
#4690=DIRECTION('ref_axis',(0.,1.,0.));
#4691=DIRECTION('',(0.,-1.,0.));
#4692=DIRECTION('center_axis',(0.,0.,-1.));
#4693=DIRECTION('ref_axis',(-0.707106781186554,0.707106781186541,0.));
#4694=DIRECTION('center_axis',(0.,0.,1.));
#4695=DIRECTION('ref_axis',(-0.707106781186554,0.707106781186541,0.));
#4696=DIRECTION('',(0.,0.,1.));
#4697=DIRECTION('center_axis',(0.,0.,1.));
#4698=DIRECTION('ref_axis',(-0.707106781186554,0.707106781186541,0.));
#4699=DIRECTION('',(0.,0.,-1.));
#4700=DIRECTION('center_axis',(-1.,0.,0.));
#4701=DIRECTION('ref_axis',(0.,1.,0.));
#4702=DIRECTION('',(0.,1.,0.));
#4703=DIRECTION('',(0.,1.,0.));
#4704=DIRECTION('center_axis',(0.,0.,-1.));
#4705=DIRECTION('ref_axis',(0.707106781186554,0.707106781186541,0.));
#4706=DIRECTION('center_axis',(0.,0.,1.));
#4707=DIRECTION('ref_axis',(0.707106781186554,0.707106781186541,0.));
#4708=DIRECTION('center_axis',(0.,0.,1.));
#4709=DIRECTION('ref_axis',(0.707106781186554,0.707106781186541,0.));
#4710=DIRECTION('',(0.,0.,-1.));
#4711=DIRECTION('center_axis',(0.,1.,0.));
#4712=DIRECTION('ref_axis',(1.,0.,0.));
#4713=DIRECTION('',(1.,0.,0.));
#4714=DIRECTION('',(1.,0.,0.));
#4715=DIRECTION('center_axis',(0.,0.,-1.));
#4716=DIRECTION('ref_axis',(0.707106781186554,0.707106781186541,0.));
#4717=DIRECTION('center_axis',(0.,0.,1.));
#4718=DIRECTION('ref_axis',(0.707106781186554,0.707106781186541,0.));
#4719=DIRECTION('center_axis',(0.,0.,-1.));
#4720=DIRECTION('ref_axis',(-1.,0.,0.));
#4721=DIRECTION('center_axis',(-1.,0.,0.));
#4722=DIRECTION('ref_axis',(0.,-1.,0.));
#4723=DIRECTION('',(0.,-1.,0.));
#4724=DIRECTION('center_axis',(0.,0.,1.));
#4725=DIRECTION('ref_axis',(1.,0.,0.));
#4726=CARTESIAN_POINT('',(0.,0.,0.));
#4727=CARTESIAN_POINT('Origin',(-30.5000004544854,61.0000009089708,12.));
#4728=CARTESIAN_POINT('',(-29.2375281920881,60.9996973556192,7.19341967361942));
#4729=CARTESIAN_POINT('',(-29.2364223385911,61.0017807385937,7.05658032638059));
#4730=CARTESIAN_POINT('',(-29.2355004544854,61.0000009089708,12.));
#4731=CARTESIAN_POINT('',(-29.541884301763,60.1747896100344,7.));
#4732=CARTESIAN_POINT('Ctrl Pts',(-29.2364223385911,61.0017807385937,7.05658032638059));
#4733=CARTESIAN_POINT('Ctrl Pts',(-29.2390829483176,60.702617358755,7.03772021758706));
#4734=CARTESIAN_POINT('Ctrl Pts',(-29.346306651792,60.4018661246073,7.01886010879353));
#4735=CARTESIAN_POINT('Ctrl Pts',(-29.541884301763,60.1747896100343,7.));
#4736=CARTESIAN_POINT('',(-31.4599573456171,60.1734213824042,7.));
#4737=CARTESIAN_POINT('Origin',(-30.5000004544854,61.0000009089708,7.));
#4738=CARTESIAN_POINT('Ctrl Pts',(-31.4599597162222,60.1734196203248,7.));
#4739=CARTESIAN_POINT('Ctrl Pts',(-31.1930726597021,59.8646029712445,7.02579945077899));
#4740=CARTESIAN_POINT('Ctrl Pts',(-30.7628945371541,59.6955013254036,7.05159890155798));
#4741=CARTESIAN_POINT('Ctrl Pts',(-30.3573230277437,59.7415312854779,7.07739835233696));
#4742=CARTESIAN_POINT('Ctrl Pts',(-29.9412795415729,59.7887497527847,7.10386395259322));
#4743=CARTESIAN_POINT('Ctrl Pts',(-29.5511297735772,60.0623527754547,7.13032955284947));
#4744=CARTESIAN_POINT('Ctrl Pts',(-29.3652250099778,60.4373845828141,7.15679515310573));
#4745=CARTESIAN_POINT('Ctrl Pts',(-29.2794700077344,60.6103809754765,7.16900332661029));
#4746=CARTESIAN_POINT('Ctrl Pts',(-29.2371749664453,60.8049597369966,7.18121150011485));
#4747=CARTESIAN_POINT('Ctrl Pts',(-29.2375281920881,60.9996973556192,7.19341967361942));
#4748=CARTESIAN_POINT('Origin',(-30.5000004544854,61.0000009089708,12.));
#4749=CARTESIAN_POINT('',(-29.2355781043114,61.001158253759,7.69341967361942));
#4750=CARTESIAN_POINT('',(-29.2334033589033,60.9999151303651,7.55658032638059));
#4751=CARTESIAN_POINT('',(-29.2355004544854,61.0000009089708,12.));
#4752=CARTESIAN_POINT('Ctrl Pts',(-29.2334033589033,60.9999151303651,7.55658032638059));
#4753=CARTESIAN_POINT('Ctrl Pts',(-29.2333995255597,60.9956826539876,7.55631275271417));
#4754=CARTESIAN_POINT('Ctrl Pts',(-29.2334188989398,60.991450215635,7.55604517904774));
#4755=CARTESIAN_POINT('Ctrl Pts',(-29.2334615849426,60.98721801447,7.55577760538132));
#4756=CARTESIAN_POINT('Ctrl Pts',(-29.2376836397547,60.5686127543402,7.52931200512506));
#4757=CARTESIAN_POINT('Ctrl Pts',(-29.4699755524549,60.1523279258489,7.50284640486881));
#4758=CARTESIAN_POINT('Ctrl Pts',(-29.8240020644683,59.9288865927546,7.47638080461255));
#4759=CARTESIAN_POINT('Ctrl Pts',(-30.1780285764817,59.7054452596603,7.4499152043563));
#4760=CARTESIAN_POINT('Ctrl Pts',(-30.6537896878082,59.674847421963,7.42344960410005));
#4761=CARTESIAN_POINT('Ctrl Pts',(-31.0334766148688,59.8511959314444,7.3969840038438));
#4762=CARTESIAN_POINT('Ctrl Pts',(-31.4131635419294,60.0275444409258,7.37051840358755));
#4763=CARTESIAN_POINT('Ctrl Pts',(-31.6967762847241,60.410839297586,7.34405280333129));
#4764=CARTESIAN_POINT('Ctrl Pts',(-31.7545017992161,60.8254199611775,7.31758720307504));
#4765=CARTESIAN_POINT('Ctrl Pts',(-31.8122273137082,61.240000624769,7.29112160281878));
#4766=CARTESIAN_POINT('Ctrl Pts',(-31.6440655998976,61.6858670952918,7.26465600256253));
#4767=CARTESIAN_POINT('Ctrl Pts',(-31.3269559855597,61.9592957110236,7.23819040230628));
#4768=CARTESIAN_POINT('Ctrl Pts',(-31.0098463712218,62.2327243267554,7.21172480205003));
#4769=CARTESIAN_POINT('Ctrl Pts',(-30.5437888563567,62.3337150876961,7.18525920179377));
#4770=CARTESIAN_POINT('Ctrl Pts',(-30.1422228642962,62.2152396870122,7.15879360153752));
#4771=CARTESIAN_POINT('Ctrl Pts',(-29.7406568722358,62.0967642863283,7.13232800128127));
#4772=CARTESIAN_POINT('Ctrl Pts',(-29.40358240298,61.7588227240198,7.10586240102502));
#4773=CARTESIAN_POINT('Ctrl Pts',(-29.2852777804407,61.3579907940177,7.07939680076876));
#4774=CARTESIAN_POINT('Ctrl Pts',(-29.251280259583,61.2428026330804,7.07179130930604));
#4775=CARTESIAN_POINT('Ctrl Pts',(-29.2353494261926,61.1224207919588,7.06418581784332));
#4776=CARTESIAN_POINT('Ctrl Pts',(-29.2364223385911,61.0017807385937,7.05658032638059));
#4777=CARTESIAN_POINT('Ctrl Pts',(-29.2375281920881,60.9996973556192,7.19341967361942));
#4778=CARTESIAN_POINT('Ctrl Pts',(-29.237940709876,61.2271234593089,7.2076771003711));
#4779=CARTESIAN_POINT('Ctrl Pts',(-29.2965209823413,61.454766227394,7.22193452712279));
#4780=CARTESIAN_POINT('Ctrl Pts',(-29.4119761131143,61.6485014950851,7.23619195387448));
#4781=CARTESIAN_POINT('Ctrl Pts',(-29.6262917390534,62.0081260079475,7.26265755413073));
#4782=CARTESIAN_POINT('Ctrl Pts',(-30.0365827501349,62.2509144416235,7.28912315438699));
#4783=CARTESIAN_POINT('Ctrl Pts',(-30.4549599070269,62.2657937299257,7.31558875464324));
#4784=CARTESIAN_POINT('Ctrl Pts',(-30.8733370639188,62.2806730182279,7.3420543548995));
#4785=CARTESIAN_POINT('Ctrl Pts',(-31.2998003666212,62.0676431611562,7.36851995515575));
#4786=CARTESIAN_POINT('Ctrl Pts',(-31.5391508632522,61.7241907250757,7.394985555412));
#4787=CARTESIAN_POINT('Ctrl Pts',(-31.7785013598833,61.3807382889952,7.42145115566825));
#4788=CARTESIAN_POINT('Ctrl Pts',(-31.8307390504429,60.9068632739058,7.44791675592451));
#4789=CARTESIAN_POINT('Ctrl Pts',(-31.6719346819912,60.5195181781568,7.47438235618076));
#4790=CARTESIAN_POINT('Ctrl Pts',(-31.5131303135394,60.1321730824078,7.50084795643701));
#4791=CARTESIAN_POINT('Ctrl Pts',(-31.1432838860763,59.8313579059992,7.52731355669326));
#4792=CARTESIAN_POINT('Ctrl Pts',(-30.7317145473442,59.754773533768,7.55377915694952));
#4793=CARTESIAN_POINT('Ctrl Pts',(-30.3201452086121,59.6781891615369,7.58024475720577));
#4794=CARTESIAN_POINT('Ctrl Pts',(-29.8668529586111,59.8258355934832,7.60671035746203));
#4795=CARTESIAN_POINT('Ctrl Pts',(-29.5793460371457,60.130126379384,7.63317595771828));
#4796=CARTESIAN_POINT('Ctrl Pts',(-29.3611951150851,60.3610123531215,7.65325719635199));
#4797=CARTESIAN_POINT('Ctrl Pts',(-29.2384914806644,60.6820828977202,7.67333843498571));
#4798=CARTESIAN_POINT('Ctrl Pts',(-29.2355781043114,61.001158253759,7.69341967361942));
#4799=CARTESIAN_POINT('Origin',(-30.5000004544854,61.0000009089708,12.));
#4800=CARTESIAN_POINT('',(-29.2335727849705,60.9995729704762,8.19341967361942));
#4801=CARTESIAN_POINT('',(-29.2363765918746,60.9989391915624,8.05658032638059));
#4802=CARTESIAN_POINT('',(-29.2355004544854,61.0000009089708,12.));
#4803=CARTESIAN_POINT('Ctrl Pts',(-29.2363765918746,60.9989391915624,8.05658032638059));
#4804=CARTESIAN_POINT('Ctrl Pts',(-29.2353463929669,60.8693832495479,8.04843968758501));
#4805=CARTESIAN_POINT('Ctrl Pts',(-29.2536759060695,60.7401118230853,8.04029904878944));
#4806=CARTESIAN_POINT('Ctrl Pts',(-29.2925769395007,60.6173596869802,8.03215840999386));
#4807=CARTESIAN_POINT('Ctrl Pts',(-29.4190460319391,60.2182867092519,8.00569280973761));
#4808=CARTESIAN_POINT('Ctrl Pts',(-29.7629418450274,59.8881181149013,7.97922720948136));
#4809=CARTESIAN_POINT('Ctrl Pts',(-30.1668328644414,59.7780006250306,7.95276160922511));
#4810=CARTESIAN_POINT('Ctrl Pts',(-30.5707238838553,59.6678831351598,7.92629600896885));
#4811=CARTESIAN_POINT('Ctrl Pts',(-31.0346101095948,59.7778167497691,7.8998304087126));
#4812=CARTESIAN_POINT('Ctrl Pts',(-31.3461295398487,60.0574765368988,7.87336480845635));
#4813=CARTESIAN_POINT('Ctrl Pts',(-31.6576489701025,60.3371363240284,7.84689920820009));
#4814=CARTESIAN_POINT('Ctrl Pts',(-31.8168016048707,60.7865222836786,7.82043360794384));
#4815=CARTESIAN_POINT('Ctrl Pts',(-31.7507295009706,61.1999077561401,7.79396800768759));
#4816=CARTESIAN_POINT('Ctrl Pts',(-31.6846573970705,61.6132932286017,7.76750240743134));
#4817=CARTESIAN_POINT('Ctrl Pts',(-31.3933605545022,61.9906782138746,7.74103680717509));
#4818=CARTESIAN_POINT('Ctrl Pts',(-31.0101907039428,62.1593059496758,7.71457120691883));
#4819=CARTESIAN_POINT('Ctrl Pts',(-30.6270208533834,62.327933685477,7.68810560666258));
#4820=CARTESIAN_POINT('Ctrl Pts',(-30.151977994833,62.2878041718063,7.66164000640632));
#4821=CARTESIAN_POINT('Ctrl Pts',(-29.8025326640197,62.057276569087,7.63517440615007));
#4822=CARTESIAN_POINT('Ctrl Pts',(-29.4566203106367,61.8290796565948,7.60897637956024));
#4823=CARTESIAN_POINT('Ctrl Pts',(-29.2337786799869,61.4143151352616,7.58277835297042));
#4824=CARTESIAN_POINT('Ctrl Pts',(-29.2334033589033,60.9999151303651,7.55658032638059));
#4825=CARTESIAN_POINT('Ctrl Pts',(-29.2355781043114,61.001158253759,7.69341967361942));
#4826=CARTESIAN_POINT('Ctrl Pts',(-29.2346518642264,61.1026008238588,7.69980403524196));
#4827=CARTESIAN_POINT('Ctrl Pts',(-29.2458337091948,61.2038417255328,7.7061883968645));
#4828=CARTESIAN_POINT('Ctrl Pts',(-29.2699059053255,61.3019187442088,7.71257275848703));
#4829=CARTESIAN_POINT('Ctrl Pts',(-29.3696942879004,61.7084851832777,7.73903835874329));
#4830=CARTESIAN_POINT('Ctrl Pts',(-29.6909926459799,62.0606829215605,7.76550395899954));
#4831=CARTESIAN_POINT('Ctrl Pts',(-30.0867133079781,62.197280923284,7.79196955925579));
#4832=CARTESIAN_POINT('Ctrl Pts',(-30.4824339699763,62.3338789250075,7.81843515951205));
#4833=CARTESIAN_POINT('Ctrl Pts',(-30.9525769358931,62.2548771901718,7.8449007597683));
#4834=CARTESIAN_POINT('Ctrl Pts',(-31.2819165643384,61.996441276423,7.87136636002455));
#4835=CARTESIAN_POINT('Ctrl Pts',(-31.6112561927837,61.7380053626742,7.89783196028081));
#4836=CARTESIAN_POINT('Ctrl Pts',(-31.7997924837574,61.3001352700124,7.92429756053706));
#4837=CARTESIAN_POINT('Ctrl Pts',(-31.761215436041,60.8832832167279,7.95076316079331));
#4838=CARTESIAN_POINT('Ctrl Pts',(-31.7226383883246,60.4664311634433,7.97722876104956));
#4839=CARTESIAN_POINT('Ctrl Pts',(-31.4569480019182,60.070597149536,8.00369436130582));
#4840=CARTESIAN_POINT('Ctrl Pts',(-31.08577442986,59.8769893544582,8.03015996156207));
#4841=CARTESIAN_POINT('Ctrl Pts',(-30.7146008578019,59.6833815593804,8.05662556181832));
#4842=CARTESIAN_POINT('Ctrl Pts',(-30.2379441000922,59.6919999831321,8.08309116207458));
#4843=CARTESIAN_POINT('Ctrl Pts',(-29.874012145451,59.8988992750809,8.10955676233083));
#4844=CARTESIAN_POINT('Ctrl Pts',(-29.5100801908099,60.1057985670296,8.13602236258708));
#4845=CARTESIAN_POINT('Ctrl Pts',(-29.2588730392375,60.5109787271755,8.16248796284333));
#4846=CARTESIAN_POINT('Ctrl Pts',(-29.2353904973458,60.9289528513153,8.18895356309959));
#4847=CARTESIAN_POINT('Ctrl Pts',(-29.2340695923929,60.9524641088819,8.1904422666062));
#4848=CARTESIAN_POINT('Ctrl Pts',(-29.2334692353986,60.976015848084,8.19193097011281));
#4849=CARTESIAN_POINT('Ctrl Pts',(-29.2335727849705,60.9995729704762,8.19341967361942));
#4850=CARTESIAN_POINT('Origin',(-30.5000004544854,61.0000009089708,12.));
#4851=CARTESIAN_POINT('',(-29.2368456081463,60.9991088833675,8.69341967361942));
#4852=CARTESIAN_POINT('',(-29.2371767105522,61.0006836185051,8.55658032638059));
#4853=CARTESIAN_POINT('',(-29.2355004544854,61.0000009089708,12.));
#4854=CARTESIAN_POINT('Ctrl Pts',(-29.2371767105522,61.0006836185051,8.55658032638059));
#4855=CARTESIAN_POINT('Ctrl Pts',(-29.2384273802852,60.7454237619214,8.54056662245586));
#4856=CARTESIAN_POINT('Ctrl Pts',(-29.3134822786994,60.4894876087084,8.52455291853114));
#4857=CARTESIAN_POINT('Ctrl Pts',(-29.4572820745617,60.2809569720388,8.50853921460642));
#4858=CARTESIAN_POINT('Ctrl Pts',(-29.6949377682173,59.9363216211403,8.48207361435016));
#4859=CARTESIAN_POINT('Ctrl Pts',(-30.1203609412134,59.7211680889457,8.45560801409391));
#4860=CARTESIAN_POINT('Ctrl Pts',(-30.5387977020096,59.7339912062185,8.42914241383766));
#4861=CARTESIAN_POINT('Ctrl Pts',(-30.9572344628058,59.7468143234912,8.4026768135814));
#4862=CARTESIAN_POINT('Ctrl Pts',(-31.3686848114019,59.9876140902314,8.37621121332515));
#4863=CARTESIAN_POINT('Ctrl Pts',(-31.5847914528417,60.3461551317685,8.3497456130689));
#4864=CARTESIAN_POINT('Ctrl Pts',(-31.8008980942814,60.7046961733056,8.32328001281265));
#4865=CARTESIAN_POINT('Ctrl Pts',(-31.8216610285647,61.1809784896396,8.29681441255639));
#4866=CARTESIAN_POINT('Ctrl Pts',(-31.637575225233,61.5569654073705,8.27034881230014));
#4867=CARTESIAN_POINT('Ctrl Pts',(-31.4534894219014,61.9329523251015,8.24388321204389));
#4868=CARTESIAN_POINT('Ctrl Pts',(-31.0645548809547,62.2086438442294,8.21741761178763));
#4869=CARTESIAN_POINT('Ctrl Pts',(-30.6488214043942,62.2578316077205,8.19095201153138));
#4870=CARTESIAN_POINT('Ctrl Pts',(-30.2330879278337,62.3070193712115,8.16448641127513));
#4871=CARTESIAN_POINT('Ctrl Pts',(-29.7905555156593,62.1297033790658,8.13802081101888));
#4872=CARTESIAN_POINT('Ctrl Pts',(-29.5238104954665,61.80705670244,8.11155521076263));
#4873=CARTESIAN_POINT('Ctrl Pts',(-29.3391144308568,61.5836539510444,8.09323024930195));
#4874=CARTESIAN_POINT('Ctrl Pts',(-29.238695618152,61.2905757208367,8.07490528784127));
#4875=CARTESIAN_POINT('Ctrl Pts',(-29.2363765918746,60.9989391915624,8.05658032638059));
#4876=CARTESIAN_POINT('Ctrl Pts',(-29.2335727849705,60.9995729704762,8.19341967361942));
#4877=CARTESIAN_POINT('Ctrl Pts',(-29.2353100999928,61.3948053395113,8.21839657036906));
#4878=CARTESIAN_POINT('Ctrl Pts',(-29.4351889626612,61.7915530142331,8.2433734671187));
#4879=CARTESIAN_POINT('Ctrl Pts',(-29.7546169897731,62.0240563977901,8.26835036386835));
#4880=CARTESIAN_POINT('Ctrl Pts',(-30.0930839563033,62.2704177319912,8.2948159641246));
#4881=CARTESIAN_POINT('Ctrl Pts',(-30.5657758215747,62.3323723122595,8.32128156438085));
#4882=CARTESIAN_POINT('Ctrl Pts',(-30.9562996297715,62.1815580279593,8.3477471646371));
#4883=CARTESIAN_POINT('Ctrl Pts',(-31.3468234379684,62.0307437436591,8.37421276489335));
#4884=CARTESIAN_POINT('Ctrl Pts',(-31.6551791890908,61.6671605947905,8.40067836514961));
#4885=CARTESIAN_POINT('Ctrl Pts',(-31.7402051219744,61.2572528179763,8.42714396540586));
#4886=CARTESIAN_POINT('Ctrl Pts',(-31.825231054858,60.8473450411621,8.45360956566211));
#4887=CARTESIAN_POINT('Ctrl Pts',(-31.6869271695028,60.3911126364024,8.48007516591837));
#4888=CARTESIAN_POINT('Ctrl Pts',(-31.3886074142042,60.097413610538,8.50654076617462));
#4889=CARTESIAN_POINT('Ctrl Pts',(-31.0902876589055,59.8037145846735,8.53300636643087));
#4890=CARTESIAN_POINT('Ctrl Pts',(-30.6319520336635,59.6725489377043,8.55947196668712));
#4891=CARTESIAN_POINT('Ctrl Pts',(-30.2234213768806,59.7639628128104,8.58593756694338));
#4892=CARTESIAN_POINT('Ctrl Pts',(-29.8148907200977,59.8553766879166,8.61240316719963));
#4893=CARTESIAN_POINT('Ctrl Pts',(-29.4561650317739,60.1693700850981,8.63886876745589));
#4894=CARTESIAN_POINT('Ctrl Pts',(-29.3114648547419,60.5622003958596,8.66533436771214));
#4895=CARTESIAN_POINT('Ctrl Pts',(-29.2602795588933,60.7011576251254,8.6746961363479));
#4896=CARTESIAN_POINT('Ctrl Pts',(-29.2358747120372,60.849979509918,8.68405790498366));
#4897=CARTESIAN_POINT('Ctrl Pts',(-29.2368456081463,60.9991088833675,8.69341967361942));
#4898=CARTESIAN_POINT('Origin',(-30.5000004544854,61.0000009089708,12.));
#4899=CARTESIAN_POINT('',(-29.2367998428343,61.0009146816432,9.19341967361941));
#4900=CARTESIAN_POINT('',(-29.2338860011335,61.000702964006,9.05658032638059));
#4901=CARTESIAN_POINT('',(-29.2355004544854,61.0000009089708,12.));
#4902=CARTESIAN_POINT('Ctrl Pts',(-29.2338860011335,61.000702964006,9.05658032638059));
#4903=CARTESIAN_POINT('Ctrl Pts',(-29.2364078287285,60.6224732386833,9.03269355732672));
#4904=CARTESIAN_POINT('Ctrl Pts',(-29.4170799099002,60.2421533790986,9.00880678827284));
#4905=CARTESIAN_POINT('Ctrl Pts',(-29.7131728404418,60.0074344844238,8.98492001921897));
#4906=CARTESIAN_POINT('Ctrl Pts',(-30.0412321573272,59.7473751844389,8.95845441896271));
#4907=CARTESIAN_POINT('Ctrl Pts',(-30.5109794323125,59.6660522525199,8.93198881870646));
#4908=CARTESIAN_POINT('Ctrl Pts',(-30.9073697026323,59.8006944023281,8.90552321845021));
#4909=CARTESIAN_POINT('Ctrl Pts',(-31.303759972952,59.9353365521363,8.87905761819396));
#4910=CARTESIAN_POINT('Ctrl Pts',(-31.6267932386063,60.2859437836717,8.8525920179377));
#4911=CARTESIAN_POINT('Ctrl Pts',(-31.7285885425221,60.6920120920742,8.82612641768145));
#4912=CARTESIAN_POINT('Ctrl Pts',(-31.830383846438,61.0980804004767,8.7996608174252));
#4913=CARTESIAN_POINT('Ctrl Pts',(-31.7109411886155,61.5596097857462,8.77319521716895));
#4914=CARTESIAN_POINT('Ctrl Pts',(-31.4249400601511,61.865317340955,8.74672961691269));
#4915=CARTESIAN_POINT('Ctrl Pts',(-31.1389389316867,62.1710248961638,8.72026401665644));
#4916=CARTESIAN_POINT('Ctrl Pts',(-30.6863793325804,62.320910621312,8.69379841640019));
#4917=CARTESIAN_POINT('Ctrl Pts',(-30.2744379028276,62.2463585364997,8.66733281614393));
#4918=CARTESIAN_POINT('Ctrl Pts',(-29.8624964730749,62.1718064516873,8.64086721588768));
#4919=CARTESIAN_POINT('Ctrl Pts',(-29.4911732126757,61.8728165569145,8.61440161563143));
#4920=CARTESIAN_POINT('Ctrl Pts',(-29.3304556896335,61.4862630247269,8.58793601537518));
#4921=CARTESIAN_POINT('Ctrl Pts',(-29.2669845091868,61.3336038216145,8.57748411904365));
#4922=CARTESIAN_POINT('Ctrl Pts',(-29.2363604178035,61.1672877702463,8.56703222271212));
#4923=CARTESIAN_POINT('Ctrl Pts',(-29.2371767105522,61.0006836185051,8.55658032638059));
#4924=CARTESIAN_POINT('Ctrl Pts',(-29.2368456081463,60.9991088833675,8.69341967361942));
#4925=CARTESIAN_POINT('Ctrl Pts',(-29.2386194229261,61.2715663422506,8.71052350523991));
#4926=CARTESIAN_POINT('Ctrl Pts',(-29.3250944807174,61.5450501620757,8.7276273368604));
#4927=CARTESIAN_POINT('Ctrl Pts',(-29.4877045073227,61.7612781753522,8.7447311684809));
#4928=CARTESIAN_POINT('Ctrl Pts',(-29.7393190026757,62.0958584197416,8.77119676873715));
#4929=CARTESIAN_POINT('Ctrl Pts',(-30.1732226591221,62.293351684179,8.7976623689934));
#4930=CARTESIAN_POINT('Ctrl Pts',(-30.590779315108,62.2633477970276,8.82412796924966));
#4931=CARTESIAN_POINT('Ctrl Pts',(-31.0083359710939,62.2333439098762,8.85059356950591));
#4932=CARTESIAN_POINT('Ctrl Pts',(-31.4095456266194,61.9758428711362,8.87705916976216));
#4933=CARTESIAN_POINT('Ctrl Pts',(-31.6107390619589,61.6087257293398,8.90352477001841));
#4934=CARTESIAN_POINT('Ctrl Pts',(-31.8119324972983,61.2416085875434,8.92999037027466));
#4935=CARTESIAN_POINT('Ctrl Pts',(-31.8131097124516,60.7648753426905,8.95645597053092));
#4936=CARTESIAN_POINT('Ctrl Pts',(-31.6137317917288,60.3967690551294,8.98292157078717));
#4937=CARTESIAN_POINT('Ctrl Pts',(-31.4143538710059,60.0286627675682,9.00938717104343));
#4938=CARTESIAN_POINT('Ctrl Pts',(-31.0144208144069,59.7691834372988,9.03585277129968));
#4939=CARTESIAN_POINT('Ctrl Pts',(-30.5970174291162,59.737117752183,9.06231837155593));
#4940=CARTESIAN_POINT('Ctrl Pts',(-30.1796140438254,59.7050520670671,9.08878397181219));
#4941=CARTESIAN_POINT('Ctrl Pts',(-29.7447403298431,59.900400027105,9.11524957206844));
#4942=CARTESIAN_POINT('Ctrl Pts',(-29.4914765301456,60.2337335567406,9.14171517232469));
#4943=CARTESIAN_POINT('Ctrl Pts',(-29.3265469821968,60.4508058285166,9.1589500060896));
#4944=CARTESIAN_POINT('Ctrl Pts',(-29.2386350826655,60.726395412675,9.1761848398545));
#4945=CARTESIAN_POINT('Ctrl Pts',(-29.2367998428343,61.0009146816432,9.19341967361941));
#4946=CARTESIAN_POINT('Origin',(-30.5000004544854,61.0000009089708,12.));
#4947=CARTESIAN_POINT('',(-29.2335444353822,61.0003930340261,9.69341967361942));
#4948=CARTESIAN_POINT('',(-29.235052708743,60.9988819119627,9.55658032638059));
#4949=CARTESIAN_POINT('',(-29.2355004544854,61.0000009089708,12.));
#4950=CARTESIAN_POINT('Ctrl Pts',(-29.235052708743,60.9988819119627,9.55658032638059));
#4951=CARTESIAN_POINT('Ctrl Pts',(-29.234279387835,60.9148502972947,9.55128609245382));
#4952=CARTESIAN_POINT('Ctrl Pts',(-29.2419369826835,60.8309588930274,9.54599185852705));
#4953=CARTESIAN_POINT('Ctrl Pts',(-29.258540575469,60.7488770946625,9.54069762460028));
#4954=CARTESIAN_POINT('Ctrl Pts',(-29.3415410729076,60.3385544504638,9.51423202434402));
#4955=CARTESIAN_POINT('Ctrl Pts',(-29.6480974194161,59.9734529193092,9.48776642408777));
#4956=CARTESIAN_POINT('Ctrl Pts',(-30.0378716042464,59.8207118319851,9.46130082383152));
#4957=CARTESIAN_POINT('Ctrl Pts',(-30.4276457890766,59.667970744661,9.43483522357527));
#4958=CARTESIAN_POINT('Ctrl Pts',(-30.9006378122287,59.7275901011675,9.40836962331901));
#4959=CARTESIAN_POINT('Ctrl Pts',(-31.2403173020924,59.9722768377979,9.38190402306276));
#4960=CARTESIAN_POINT('Ctrl Pts',(-31.5799967919561,60.2169635744283,9.35543842280651));
#4961=CARTESIAN_POINT('Ctrl Pts',(-31.7863637485316,60.6467176911826,9.32897282255026));
#4962=CARTESIAN_POINT('Ctrl Pts',(-31.7649457249099,61.0648026385108,9.302507222294));
#4963=CARTESIAN_POINT('Ctrl Pts',(-31.7435277012881,61.482887585839,9.27604162203775));
#4964=CARTESIAN_POINT('Ctrl Pts',(-31.4943246974692,61.8893033637412,9.2495760217815));
#4965=CARTESIAN_POINT('Ctrl Pts',(-31.1314190158653,62.0979974488883,9.22311042152524));
#4966=CARTESIAN_POINT('Ctrl Pts',(-30.7685133342613,62.3066915340355,9.19664482126899));
#4967=CARTESIAN_POINT('Ctrl Pts',(-30.2919049748724,62.3176639264275,9.17017922101273));
#4968=CARTESIAN_POINT('Ctrl Pts',(-29.9197798269281,62.125891589572,9.14371362075648));
#4969=CARTESIAN_POINT('Ctrl Pts',(-29.5476546789839,61.9341192527165,9.11724802050023));
#4970=CARTESIAN_POINT('Ctrl Pts',(-29.2800127424844,61.5396021866134,9.09078242024398));
#4971=CARTESIAN_POINT('Ctrl Pts',(-29.2393774536275,61.1229458195365,9.06431681998773));
#4972=CARTESIAN_POINT('Ctrl Pts',(-29.2354179155929,61.0823464592467,9.06173798878535));
#4973=CARTESIAN_POINT('Ctrl Pts',(-29.2336137429778,61.0415368924092,9.05915915758297));
#4974=CARTESIAN_POINT('Ctrl Pts',(-29.2338860011335,61.000702964006,9.05658032638059));
#4975=CARTESIAN_POINT('Ctrl Pts',(-29.2367998428343,61.0009146816432,9.19341967361941));
#4976=CARTESIAN_POINT('Ctrl Pts',(-29.2358169107928,61.1479438496517,9.20265044011075));
#4977=CARTESIAN_POINT('Ctrl Pts',(-29.2595254368714,61.2946659931685,9.2118812066021));
#4978=CARTESIAN_POINT('Ctrl Pts',(-29.3093172081434,61.4319263283879,9.22111197309344));
#4979=CARTESIAN_POINT('Ctrl Pts',(-29.4520755712514,61.8254664711662,9.2475775733497));
#4980=CARTESIAN_POINT('Ctrl Pts',(-29.8092461828799,62.1412276574893,9.27404317360596));
#4981=CARTESIAN_POINT('Ctrl Pts',(-30.2173203970521,62.2346580055729,9.30050877386221));
#4982=CARTESIAN_POINT('Ctrl Pts',(-30.6253946112243,62.3280883536566,9.32697437411847));
#4983=CARTESIAN_POINT('Ctrl Pts',(-31.0843724279402,62.1991878635009,9.35343997437471));
#4984=CARTESIAN_POINT('Ctrl Pts',(-31.3841390199932,61.9069657142644,9.37990557463097));
#4985=CARTESIAN_POINT('Ctrl Pts',(-31.6839056120463,61.6147435650278,9.40637117488722));
#4986=CARTESIAN_POINT('Ctrl Pts',(-31.8244609794365,61.1591997567104,9.43283677514347));
#4987=CARTESIAN_POINT('Ctrl Pts',(-31.741460472692,60.748877066507,9.45930237539972));
#4988=CARTESIAN_POINT('Ctrl Pts',(-31.6584599659476,60.3385543763037,9.48576797565598));
#4989=CARTESIAN_POINT('Ctrl Pts',(-31.3519035850685,59.9734528042144,9.51223357591223));
#4990=CARTESIAN_POINT('Ctrl Pts',(-30.9621293565375,59.8207116997653,9.53869917616848));
#4991=CARTESIAN_POINT('Ctrl Pts',(-30.5723551280065,59.6679705953162,9.56516477642473));
#4992=CARTESIAN_POINT('Ctrl Pts',(-30.0993630518235,59.7275899585072,9.59163037668099));
#4993=CARTESIAN_POINT('Ctrl Pts',(-29.7596835238755,59.9722767225714,9.61809597693724));
#4994=CARTESIAN_POINT('Ctrl Pts',(-29.4374297619535,60.2044109070733,9.6432038758313));
#4995=CARTESIAN_POINT('Ctrl Pts',(-29.2351613645365,60.6031114039422,9.66831177472536));
#4996=CARTESIAN_POINT('Ctrl Pts',(-29.2335444353822,61.0003930340261,9.69341967361942));
#4997=CARTESIAN_POINT('Origin',(-30.5000004544854,61.0000009089708,12.));
#4998=CARTESIAN_POINT('',(-29.2356406591526,60.9988440735705,10.1934196736194));
#4999=CARTESIAN_POINT('',(-29.2375473053278,60.9999837471142,10.0565803263806));
#5000=CARTESIAN_POINT('',(-29.2355004544854,61.0000009089708,12.));
#5001=CARTESIAN_POINT('Ctrl Pts',(-29.2375473053278,60.9999837471142,10.0565803263806));
#5002=CARTESIAN_POINT('Ctrl Pts',(-29.2375218876095,60.7899418342334,10.0434130273247));
#5003=CARTESIAN_POINT('Ctrl Pts',(-29.2870737435192,60.5799112008685,10.0302457282687));
#5004=CARTESIAN_POINT('Ctrl Pts',(-29.3862692421116,60.3967691227626,10.0170784292128));
#5005=CARTESIAN_POINT('Ctrl Pts',(-29.5856471404806,60.0286628764729,9.99061282895657));
#5006=CARTESIAN_POINT('Ctrl Pts',(-29.9855801522398,59.7691835752957,9.96414722870032));
#5007=CARTESIAN_POINT('Ctrl Pts',(-30.402983490732,59.7371178937751,9.93768162844407));
#5008=CARTESIAN_POINT('Ctrl Pts',(-30.8203868292242,59.7050522122544,9.91121602818782));
#5009=CARTESIAN_POINT('Ctrl Pts',(-31.2552604944494,59.9004001503902,9.88475042793156));
#5010=CARTESIAN_POINT('Ctrl Pts',(-31.5085242657514,60.2337336426531,9.85828482767531));
#5011=CARTESIAN_POINT('Ctrl Pts',(-31.7617880370534,60.567067134916,9.83181922741906));
#5012=CARTESIAN_POINT('Ctrl Pts',(-31.8334419144323,61.038386181306,9.80535362716281));
#5013=CARTESIAN_POINT('Ctrl Pts',(-31.6906835673302,61.4319262799613,9.77888802690656));
#5014=CARTESIAN_POINT('Ctrl Pts',(-31.547925220228,61.8254663786165,9.7524224266503));
#5015=CARTESIAN_POINT('Ctrl Pts',(-31.1907546486449,62.141227529537,9.72595682639405));
#5016=CARTESIAN_POINT('Ctrl Pts',(-30.7826804802252,62.2346578671455,9.6994912261378));
#5017=CARTESIAN_POINT('Ctrl Pts',(-30.3746063118055,62.3280882047539,9.67302562588154));
#5018=CARTESIAN_POINT('Ctrl Pts',(-29.9156285465493,62.1991877290503,9.64656002562529));
#5019=CARTESIAN_POINT('Ctrl Pts',(-29.6158619881056,61.9069656125771,9.62009442536904));
#5020=CARTESIAN_POINT('Ctrl Pts',(-29.3760613578273,61.6732002183474,9.59892305903956));
#5021=CARTESIAN_POINT('Ctrl Pts',(-29.2381451788644,61.3349199718602,9.57775169271007));
#5022=CARTESIAN_POINT('Ctrl Pts',(-29.235052708743,60.9988819119627,9.55658032638059));
#5023=CARTESIAN_POINT('Ctrl Pts',(-29.2335444353822,61.0003930340261,9.69341967361942));
#5024=CARTESIAN_POINT('Ctrl Pts',(-29.2334570004708,61.021875907309,9.69477737498161));
#5025=CARTESIAN_POINT('Ctrl Pts',(-29.2339562844983,61.043354631726,9.69613507634381));
#5026=CARTESIAN_POINT('Ctrl Pts',(-29.2350550422376,61.0648026457762,9.697492777706));
#5027=CARTESIAN_POINT('Ctrl Pts',(-29.2564730682607,61.4828876399793,9.72395837796226));
#5028=CARTESIAN_POINT('Ctrl Pts',(-29.5056761000198,61.8893034634482,9.75042397821851));
#5029=CARTESIAN_POINT('Ctrl Pts',(-29.8685818223121,62.0979975719937,9.77688957847476));
#5030=CARTESIAN_POINT('Ctrl Pts',(-30.2314875446043,62.3066916805393,9.80335517873101));
#5031=CARTESIAN_POINT('Ctrl Pts',(-30.7080959574297,62.3176640741616,9.82982077898726));
#5032=CARTESIAN_POINT('Ctrl Pts',(-31.080221147096,62.1258917158049,9.85628637924352));
#5033=CARTESIAN_POINT('Ctrl Pts',(-31.4523463367622,61.9341193574482,9.88275197949977));
#5034=CARTESIAN_POINT('Ctrl Pts',(-31.7199883032693,61.5396022471124,9.90921757975603));
#5035=CARTESIAN_POINT('Ctrl Pts',(-31.7606235966821,61.1229458333208,9.93568318001228));
#5036=CARTESIAN_POINT('Ctrl Pts',(-31.801258890095,60.7062894195291,9.96214878026853));
#5037=CARTESIAN_POINT('Ctrl Pts',(-31.6148875104137,60.2674937022816,9.98861438052478));
#5038=CARTESIAN_POINT('Ctrl Pts',(-31.2868281567468,60.0074343731392,10.015079980781));
#5039=CARTESIAN_POINT('Ctrl Pts',(-30.9587688030799,59.7473750439968,10.0415455810373));
#5040=CARTESIAN_POINT('Ctrl Pts',(-30.4890214754274,59.6660521029596,10.0680111812935));
#5041=CARTESIAN_POINT('Ctrl Pts',(-30.0926311606651,59.8006942678638,10.0944767815498));
#5042=CARTESIAN_POINT('Ctrl Pts',(-29.6962408459028,59.9353364327681,10.120942381806));
#5043=CARTESIAN_POINT('Ctrl Pts',(-29.3732075440306,60.2859437036138,10.1474079820623));
#5044=CARTESIAN_POINT('Ctrl Pts',(-29.2714122287016,60.6920120575435,10.1738735823186));
#5045=CARTESIAN_POINT('Ctrl Pts',(-29.2463520183637,60.7919789207351,10.1803889460855));
#5046=CARTESIAN_POINT('Ctrl Pts',(-29.2347001024261,60.8953070445374,10.1869043098525));
#5047=CARTESIAN_POINT('Ctrl Pts',(-29.2356406591526,60.9988440735705,10.1934196736194));
#5048=CARTESIAN_POINT('Origin',(-30.5000004544854,61.0000009089708,12.));
#5049=CARTESIAN_POINT('',(-29.2374820190822,61.0003003803081,10.6934196736194));
#5050=CARTESIAN_POINT('',(-29.2351157361863,61.0011285906574,10.5565803263806));
#5051=CARTESIAN_POINT('',(-29.2355004544854,61.0000009089708,12.));
#5052=CARTESIAN_POINT('Ctrl Pts',(-29.2351157361863,61.0011285906574,10.5565803263806));
#5053=CARTESIAN_POINT('Ctrl Pts',(-29.2381965144908,60.6671270325953,10.5355399621955));
#5054=CARTESIAN_POINT('Ctrl Pts',(-29.3742270260744,60.3309067635574,10.5144995980105));
#5055=CARTESIAN_POINT('Ctrl Pts',(-29.6113935943965,60.0974137117358,10.4934592338254));
#5056=CARTESIAN_POINT('Ctrl Pts',(-29.9097133162489,59.8037147188016,10.4669936335691));
#5057=CARTESIAN_POINT('Ctrl Pts',(-30.3680488901014,59.6725490865357,10.4405280333129));
#5058=CARTESIAN_POINT('Ctrl Pts',(-30.7765795010802,59.763962951392,10.4140624330566));
#5059=CARTESIAN_POINT('Ctrl Pts',(-31.185110112059,59.8553768162484,10.3875968328004));
#5060=CARTESIAN_POINT('Ctrl Pts',(-31.543835760164,60.1693701782269,10.3611312325441));
#5061=CARTESIAN_POINT('Ctrl Pts',(-31.6885359209727,60.5622004449454,10.3346656322879));
#5062=CARTESIAN_POINT('Ctrl Pts',(-31.8332360817814,60.9550307116638,10.3082000320316));
#5063=CARTESIAN_POINT('Ctrl Pts',(-31.7639107552938,61.4266978831223,10.2817344317754));
#5064=CARTESIAN_POINT('Ctrl Pts',(-31.5122962881512,61.761278089999,10.2552688315191));
#5065=CARTESIAN_POINT('Ctrl Pts',(-31.2606818210086,62.0958582968758,10.2288032312629));
#5066=CARTESIAN_POINT('Ctrl Pts',(-30.826778213211,62.2933515391708,10.2023376310066));
#5067=CARTESIAN_POINT('Ctrl Pts',(-30.4092216040408,62.2633476553836,10.1758720307503));
#5068=CARTESIAN_POINT('Ctrl Pts',(-29.9916649948707,62.2333437715963,10.1494064304941));
#5069=CARTESIAN_POINT('Ctrl Pts',(-29.5904553843279,61.9758427617266,10.1229408302378));
#5070=CARTESIAN_POINT('Ctrl Pts',(-29.3892619715459,61.6087256610906,10.0964752299816));
#5071=CARTESIAN_POINT('Ctrl Pts',(-29.288167321253,61.424258513821,10.0831769287813));
#5072=CARTESIAN_POINT('Ctrl Pts',(-29.2375729759283,61.2121153779309,10.0698786275809));
#5073=CARTESIAN_POINT('Ctrl Pts',(-29.2375473053278,60.9999837471142,10.0565803263806));
#5074=CARTESIAN_POINT('Ctrl Pts',(-29.2356406591526,60.9988440735705,10.1934196736194));
#5075=CARTESIAN_POINT('Ctrl Pts',(-29.238520671658,61.3158775176718,10.2133699101087));
#5076=CARTESIAN_POINT('Ctrl Pts',(-29.3594680234881,61.634869662454,10.233320146598));
#5077=CARTESIAN_POINT('Ctrl Pts',(-29.5750607451172,61.8653174379719,10.2532703830873));
#5078=CARTESIAN_POINT('Ctrl Pts',(-29.8610619056475,62.1710250274568,10.2797359833436));
#5079=CARTESIAN_POINT('Ctrl Pts',(-30.3136215554939,62.3209107694131,10.3062015835998));
#5080=CARTESIAN_POINT('Ctrl Pts',(-30.7255630314328,62.2463586762406,10.3326671838561));
#5081=CARTESIAN_POINT('Ctrl Pts',(-31.1375045073718,62.1718065830681,10.3591327841123));
#5082=CARTESIAN_POINT('Ctrl Pts',(-31.5088278094034,61.872816654767,10.3855983843686));
#5083=CARTESIAN_POINT('Ctrl Pts',(-31.6695453504647,61.4862630792426,10.4120639846248));
#5084=CARTESIAN_POINT('Ctrl Pts',(-31.830262891526,61.0997095037183,10.4385295848811));
#5085=CARTESIAN_POINT('Ctrl Pts',(-31.7803746716171,60.6255922809707,10.4649951851373));
#5086=CARTESIAN_POINT('Ctrl Pts',(-31.5427189513164,60.2809568914269,10.4914607853936));
#5087=CARTESIAN_POINT('Ctrl Pts',(-31.3050632310158,59.9363215018832,10.5179263856498));
#5088=CARTESIAN_POINT('Ctrl Pts',(-30.8796400103235,59.7211679455432,10.5443919859061));
#5089=CARTESIAN_POINT('Ctrl Pts',(-30.4612032026121,59.7339910642641,10.5708575861623));
#5090=CARTESIAN_POINT('Ctrl Pts',(-30.0427663949006,59.7468141829849,10.5973231864186));
#5091=CARTESIAN_POINT('Ctrl Pts',(-29.63131600017,59.9876139767665,10.6237887866748));
#5092=CARTESIAN_POINT('Ctrl Pts',(-29.4152093345028,60.3461550584829,10.6502543869311));
#5093=CARTESIAN_POINT('Ctrl Pts',(-29.2977196360709,60.5410814085622,10.6646428158272));
#5094=CARTESIAN_POINT('Ctrl Pts',(-29.237968069359,60.7708087836053,10.6790312447233));
#5095=CARTESIAN_POINT('Ctrl Pts',(-29.2374820190822,61.0003003803081,10.6934196736194));
#5096=CARTESIAN_POINT('Origin',(-30.5000004544854,61.0000009089708,12.));
#5097=CARTESIAN_POINT('',(-29.2345420922372,61.0010061177385,11.1934196736194));
#5098=CARTESIAN_POINT('',(-29.2338418161919,60.9993291692497,11.0565803263806));
#5099=CARTESIAN_POINT('',(-29.2355004544854,61.0000009089708,12.));
#5100=CARTESIAN_POINT('Ctrl Pts',(-29.2338418161919,60.9993291692497,11.0565803263806));
#5101=CARTESIAN_POINT('Ctrl Pts',(-29.2335924168236,60.9605731236257,11.0541324973226));
#5102=CARTESIAN_POINT('Ctrl Pts',(-29.2352175860764,60.9218382764137,11.0516846682647));
#5103=CARTESIAN_POINT('Ctrl Pts',(-29.2387856142612,60.8832832296771,11.0492368392067));
#5104=CARTESIAN_POINT('Ctrl Pts',(-29.277362657594,60.4664312230092,11.0227712389504));
#5105=CARTESIAN_POINT('Ctrl Pts',(-29.5430530143515,60.0705972537474,10.9963056386942));
#5106=CARTESIAN_POINT('Ctrl Pts',(-29.9142265448264,59.8769894804397,10.9698400384379));
#5107=CARTESIAN_POINT('Ctrl Pts',(-30.2854000753013,59.6833817071321,10.9433744381817));
#5108=CARTESIAN_POINT('Ctrl Pts',(-30.7620567794936,59.6920001297787,10.9169088379254));
#5109=CARTESIAN_POINT('Ctrl Pts',(-31.1259886933139,59.8988993984971,10.8904432376692));
#5110=CARTESIAN_POINT('Ctrl Pts',(-31.4899206071341,60.1057986672155,10.8639776374129));
#5111=CARTESIAN_POINT('Ctrl Pts',(-31.7411277305823,60.5109787820057,10.8375120371567));
#5112=CARTESIAN_POINT('Ctrl Pts',(-31.7646102698506,60.9289528593004,10.8110464369004));
#5113=CARTESIAN_POINT('Ctrl Pts',(-31.788092809119,61.3469269365952,10.7845808366442));
#5114=CARTESIAN_POINT('Ctrl Pts',(-31.5838507642076,61.7776949763944,10.7581152363879));
#5115=CARTESIAN_POINT('Ctrl Pts',(-31.2453838356207,62.0240562829648,10.7316496361317));
#5116=CARTESIAN_POINT('Ctrl Pts',(-30.9069169070337,62.2704175895353,10.7051840358754));
#5117=CARTESIAN_POINT('Ctrl Pts',(-30.4342250947713,62.332372162877,10.6787184356192));
#5118=CARTESIAN_POINT('Ctrl Pts',(-30.0437013303619,62.1815578954905,10.6522528353629));
#5119=CARTESIAN_POINT('Ctrl Pts',(-29.6531775659525,62.0307436281041,10.6257872351066));
#5120=CARTESIAN_POINT('Ctrl Pts',(-29.3448218493963,61.6671605199895,10.5993216348504));
#5121=CARTESIAN_POINT('Ctrl Pts',(-29.2597959260442,61.257252789131,10.5728560345941));
#5122=CARTESIAN_POINT('Ctrl Pts',(-29.2423662927886,61.1732249875403,10.567430798523));
#5123=CARTESIAN_POINT('Ctrl Pts',(-29.2343213606974,61.0872505458047,10.5620055624518));
#5124=CARTESIAN_POINT('Ctrl Pts',(-29.2351157361863,61.0011285906574,10.5565803263806));
#5125=CARTESIAN_POINT('Ctrl Pts',(-29.2374820190822,61.0003003803081,10.6934196736194));
#5126=CARTESIAN_POINT('Ctrl Pts',(-29.2370740445546,61.1929280368164,10.7054968449796));
#5127=CARTESIAN_POINT('Ctrl Pts',(-29.2784208096787,61.3853895787979,10.7175740163397));
#5128=CARTESIAN_POINT('Ctrl Pts',(-29.3624255561985,61.5569654697736,10.7296511876999));
#5129=CARTESIAN_POINT('Ctrl Pts',(-29.5465113801652,61.9329524296968,10.7561167879561));
#5130=CARTESIAN_POINT('Ctrl Pts',(-29.9354459647027,62.208643979892,10.7825823882124));
#5131=CARTESIAN_POINT('Ctrl Pts',(-30.3511794878836,62.2578317488276,10.8090479884686));
#5132=CARTESIAN_POINT('Ctrl Pts',(-30.7669130110645,62.3070195177632,10.8355135887249));
#5133=CARTESIAN_POINT('Ctrl Pts',(-31.2094454728888,62.1297035054393,10.8619791889811));
#5134=CARTESIAN_POINT('Ctrl Pts',(-31.4761905229692,61.8070567927709,10.8884447892374));
#5135=CARTESIAN_POINT('Ctrl Pts',(-31.7429355730496,61.4844100801026,10.9149103894936));
#5136=CARTESIAN_POINT('Ctrl Pts',(-31.833893211386,61.0164326670899,10.9413759897499));
#5137=CARTESIAN_POINT('Ctrl Pts',(-31.7074241048095,60.6173596443718,10.9678415900061));
#5138=CARTESIAN_POINT('Ctrl Pts',(-31.5809549982329,60.2182866216537,10.9943071902624));
#5139=CARTESIAN_POINT('Ctrl Pts',(-31.2370591467434,59.8881179892302,11.0207727905186));
#5140=CARTESIAN_POINT('Ctrl Pts',(-30.8331680819581,59.7780004874708,11.0472383907749));
#5141=CARTESIAN_POINT('Ctrl Pts',(-30.4292770171728,59.6678829857115,11.0737039910311));
#5142=CARTESIAN_POINT('Ctrl Pts',(-29.9653907390917,59.7778166146163,11.1001695912874));
#5143=CARTESIAN_POINT('Ctrl Pts',(-29.6538712740969,60.0574764322581,11.1266351915437));
#5144=CARTESIAN_POINT('Ctrl Pts',(-29.3918372132183,60.2927118056959,11.1488966855689));
#5145=CARTESIAN_POINT('Ctrl Pts',(-29.2376073078999,60.6480336210734,11.1711581795942));
#5146=CARTESIAN_POINT('Ctrl Pts',(-29.2345420922372,61.0010061177385,11.1934196736194));
#5147=CARTESIAN_POINT('Origin',(-30.5000004544854,61.0000009089708,12.));
#5148=CARTESIAN_POINT('',(-29.23431003295,60.9991024392501,11.6934196736194));
#5149=CARTESIAN_POINT('',(-29.2371441213222,60.9992931518398,11.5565803263806));
#5150=CARTESIAN_POINT('',(-29.2355004544854,61.0000009089708,12.));
#5151=CARTESIAN_POINT('',(-31.4581166072078,60.1747896100343,12.));
#5152=CARTESIAN_POINT('Ctrl Pts',(-29.23431003295,60.9991024392501,11.6934196736194));
#5153=CARTESIAN_POINT('Ctrl Pts',(-29.2372609233168,61.3603087118583,11.7162163149775));
#5154=CARTESIAN_POINT('Ctrl Pts',(-29.3998963603622,61.7237730867482,11.7390129563356));
#5155=CARTESIAN_POINT('Ctrl Pts',(-29.6730447684295,61.9592959285846,11.7618095976937));
#5156=CARTESIAN_POINT('Ctrl Pts',(-29.9901544893303,62.2327245133197,11.78827519795));
#5157=CARTESIAN_POINT('Ctrl Pts',(-30.456212327454,62.3337149644425,11.8147407982062));
#5158=CARTESIAN_POINT('Ctrl Pts',(-30.8577781655861,62.215239712384,11.8412063984625));
#5159=CARTESIAN_POINT('Ctrl Pts',(-31.2593440037182,62.0967644603255,11.8676719987187));
#5160=CARTESIAN_POINT('Ctrl Pts',(-31.5964178418587,61.7588235050856,11.894137598975));
#5161=CARTESIAN_POINT('Ctrl Pts',(-31.7147224726522,61.3579915315841,11.9206031992312));
#5162=CARTESIAN_POINT('Ctrl Pts',(-31.8330271034458,60.9571595580827,11.9470687994875));
#5163=CARTESIAN_POINT('Ctrl Pts',(-31.7325625268923,60.4934365663198,11.9735343997437));
#5164=CARTESIAN_POINT('Ctrl Pts',(-31.4581166072078,60.1747896100343,12.));
#5165=CARTESIAN_POINT('',(-29.5400436769804,60.1734213181593,12.));
#5166=CARTESIAN_POINT('Origin',(-30.5000004544854,61.0000009089708,12.));
#5167=CARTESIAN_POINT('Ctrl Pts',(-29.5400413099589,60.1734195585523,12.));
#5168=CARTESIAN_POINT('Ctrl Pts',(-29.8069284022387,59.8646027363912,11.974200549221));
#5169=CARTESIAN_POINT('Ctrl Pts',(-30.2371064351585,59.6955015089712,11.948401098442));
#5170=CARTESIAN_POINT('Ctrl Pts',(-30.6426778757732,59.7415315525404,11.922601647663));
#5171=CARTESIAN_POINT('Ctrl Pts',(-31.058721291372,59.7887501054978,11.8961360474068));
#5172=CARTESIAN_POINT('Ctrl Pts',(-31.4488710107179,60.0623528613731,11.8696704471505));
#5173=CARTESIAN_POINT('Ctrl Pts',(-31.6347757590913,60.4373845749382,11.8432048468943));
#5174=CARTESIAN_POINT('Ctrl Pts',(-31.8206805074646,60.8124162885033,11.816739246638));
#5175=CARTESIAN_POINT('Ctrl Pts',(-31.8023402848654,61.2888769597582,11.7902736463818));
#5176=CARTESIAN_POINT('Ctrl Pts',(-31.5880246835981,61.6485014617466,11.7638080461255));
#5177=CARTESIAN_POINT('Ctrl Pts',(-31.3737090823308,62.0081259637352,11.7373424458693));
#5178=CARTESIAN_POINT('Ctrl Pts',(-30.9634181023953,62.2509142964573,11.710876845613));
#5179=CARTESIAN_POINT('Ctrl Pts',(-30.5450409903701,62.2657935664927,11.6844112453568));
#5180=CARTESIAN_POINT('Ctrl Pts',(-30.1266638783449,62.2806728365282,11.6579456451005));
#5181=CARTESIAN_POINT('Ctrl Pts',(-29.70020063423,62.067643043877,11.6314800448443));
#5182=CARTESIAN_POINT('Ctrl Pts',(-29.4608501663039,61.7241906555338,11.605014444588));
#5183=CARTESIAN_POINT('Ctrl Pts',(-29.3148401414126,61.5146757454296,11.5888697385189));
#5184=CARTESIAN_POINT('Ctrl Pts',(-29.2384607314737,61.2566264395097,11.5727250324497));
#5185=CARTESIAN_POINT('Ctrl Pts',(-29.2371441213222,60.9992931518398,11.5565803263806));
#5186=CARTESIAN_POINT('Origin',(37.000000551343,61.0000009089708,12.));
#5187=CARTESIAN_POINT('',(38.2624746007955,60.9996980062516,7.19341967361942));
#5188=CARTESIAN_POINT('',(38.263571629527,61.0017884588632,7.05658032638059));
#5189=CARTESIAN_POINT('',(38.264500551343,61.0000009089708,12.));
#5190=CARTESIAN_POINT('',(37.9581167040654,60.1747896100343,7.));
#5191=CARTESIAN_POINT('Ctrl Pts',(38.263571629527,61.0017884588632,7.05658032638059));
#5192=CARTESIAN_POINT('Ctrl Pts',(38.2609136175138,60.7026221215386,7.03772021758706));
#5193=CARTESIAN_POINT('Ctrl Pts',(38.1536943540363,60.4018661246073,7.01886010879353));
#5194=CARTESIAN_POINT('Ctrl Pts',(37.9581167040653,60.1747896100343,7.));
#5195=CARTESIAN_POINT('',(36.0400422509741,60.1734220874269,7.00000000000001));
#5196=CARTESIAN_POINT('Origin',(37.000000551343,61.0000009089708,7.));
#5197=CARTESIAN_POINT('Ctrl Pts',(36.0400398378379,60.1734202960296,7.00000000000001));
#5198=CARTESIAN_POINT('Ctrl Pts',(36.3069264505131,59.8646058085388,7.02579945077899));
#5199=CARTESIAN_POINT('Ctrl Pts',(36.7371056809532,59.6954990282297,7.05159890155798));
#5200=CARTESIAN_POINT('Ctrl Pts',(37.1426780466558,59.7415279663601,7.07739835233697));
#5201=CARTESIAN_POINT('Ctrl Pts',(37.5587224112284,59.788745385336,7.10386395259322));
#5202=CARTESIAN_POINT('Ctrl Pts',(37.9488727928655,60.0623516873144,7.13032955284947));
#5203=CARTESIAN_POINT('Ctrl Pts',(38.1347777500842,60.4373846583197,7.15679515310572));
#5204=CARTESIAN_POINT('Ctrl Pts',(38.2205328416412,60.6103815877539,7.16900332661029));
#5205=CARTESIAN_POINT('Ctrl Pts',(38.2628278828701,60.8049604358679,7.18121150011485));
#5206=CARTESIAN_POINT('Ctrl Pts',(38.2624746007955,60.9996980062516,7.19341967361942));
#5207=CARTESIAN_POINT('Origin',(37.000000551343,61.0000009089708,12.));
#5208=CARTESIAN_POINT('',(38.264424680336,61.0011582552697,7.69341967361942));
#5209=CARTESIAN_POINT('',(38.2665995401307,60.9999152917848,7.55658032638059));
#5210=CARTESIAN_POINT('',(38.264500551343,61.0000009089708,12.));
#5211=CARTESIAN_POINT('Ctrl Pts',(38.2665995401307,60.9999152917848,7.55658032638059));
#5212=CARTESIAN_POINT('Ctrl Pts',(38.2666033739419,60.995682807851,7.55631275271417));
#5213=CARTESIAN_POINT('Ctrl Pts',(38.2665840010074,60.9914503619008,7.55604517904774));
#5214=CARTESIAN_POINT('Ctrl Pts',(38.2665413154286,60.9872181530967,7.55577760538132));
#5215=CARTESIAN_POINT('Ctrl Pts',(38.2623193025448,60.5686121373854,7.52931200512506));
#5216=CARTESIAN_POINT('Ctrl Pts',(38.0300272186164,60.1523261466612,7.50284640486881));
#5217=CARTESIAN_POINT('Ctrl Pts',(37.6760000635718,59.9288846701317,7.47638080461256));
#5218=CARTESIAN_POINT('Ctrl Pts',(37.3219729085273,59.7054431936022,7.4499152043563));
#5219=CARTESIAN_POINT('Ctrl Pts',(36.8462106823664,59.6748462312674,7.42344960410005));
#5220=CARTESIAN_POINT('Ctrl Pts',(36.4665233884754,59.8511946805902,7.39698400384379));
#5221=CARTESIAN_POINT('Ctrl Pts',(36.0868360945845,60.027543129913,7.37051840358754));
#5222=CARTESIAN_POINT('Ctrl Pts',(35.8032237329633,60.4108369908934,7.34405280333129));
#5223=CARTESIAN_POINT('Ctrl Pts',(35.7454976792399,60.8254188181172,7.31758720307504));
#5224=CARTESIAN_POINT('Ctrl Pts',(35.6877716255166,61.240000645341,7.29112160281879));
#5225=CARTESIAN_POINT('Ctrl Pts',(35.855931879691,61.6858704388083,7.26465600256254));
#5226=CARTESIAN_POINT('Ctrl Pts',(36.1730429256674,61.9592986500176,7.23819040230628));
#5227=CARTESIAN_POINT('Ctrl Pts',(36.4901539716438,62.2327268612269,7.21172480205003));
#5228=CARTESIAN_POINT('Ctrl Pts',(36.9562158094223,62.3337134901781,7.18525920179377));
#5229=CARTESIAN_POINT('Ctrl Pts',(37.3577797181469,62.2152401046026,7.15879360153752));
#5230=CARTESIAN_POINT('Ctrl Pts',(37.7593436268715,62.0967667190271,7.13232800128127));
#5231=CARTESIAN_POINT('Ctrl Pts',(38.0964096065421,61.7588333189249,7.10586240102502));
#5232=CARTESIAN_POINT('Ctrl Pts',(38.2147143557617,61.358000780748,7.07939680076876));
#5233=CARTESIAN_POINT('Ctrl Pts',(38.2487119130239,61.2428124450379,7.07179130930604));
#5234=CARTESIAN_POINT('Ctrl Pts',(38.2646434943765,61.1224297048584,7.06418581784331));
#5235=CARTESIAN_POINT('Ctrl Pts',(38.263571629527,61.0017884588632,7.05658032638059));
#5236=CARTESIAN_POINT('Ctrl Pts',(38.2624746007955,60.9996980062516,7.19341967361942));
#5237=CARTESIAN_POINT('Ctrl Pts',(38.262062017103,61.2271240536051,7.2076771003711));
#5238=CARTESIAN_POINT('Ctrl Pts',(38.203481601848,61.4547665814563,7.2219345271228));
#5239=CARTESIAN_POINT('Ctrl Pts',(38.0880263039671,61.6485019273093,7.23619195387448));
#5240=CARTESIAN_POINT('Ctrl Pts',(37.8737103678308,62.0081265852613,7.26265755413074));
#5241=CARTESIAN_POINT('Ctrl Pts',(37.4634189627577,62.2509162611332,7.28912315438699));
#5242=CARTESIAN_POINT('Ctrl Pts',(37.0450412424554,62.2657957735124,7.31558875464324));
#5243=CARTESIAN_POINT('Ctrl Pts',(36.6266635221532,62.2806752858917,7.34205435489949));
#5244=CARTESIAN_POINT('Ctrl Pts',(36.2001994866218,62.0676446347782,7.36851995515575));
#5245=CARTESIAN_POINT('Ctrl Pts',(35.9608486300173,61.7241916025676,7.394985555412));
#5246=CARTESIAN_POINT('Ctrl Pts',(35.7214977734128,61.3807385703569,7.42145115566825));
#5247=CARTESIAN_POINT('Ctrl Pts',(35.6692600957351,60.9068631570489,7.44791675592451));
#5248=CARTESIAN_POINT('Ctrl Pts',(35.8280647043558,60.5195175780267,7.47438235618076));
#5249=CARTESIAN_POINT('Ctrl Pts',(35.9868693129766,60.1321719990045,7.50084795643701));
#5250=CARTESIAN_POINT('Ctrl Pts',(36.3567162078956,59.8313562542681,7.52731355669327));
#5251=CARTESIAN_POINT('Ctrl Pts',(36.7682861150267,59.7547717406135,7.55377915694952));
#5252=CARTESIAN_POINT('Ctrl Pts',(37.1798560221578,59.6781872269591,7.58024475720577));
#5253=CARTESIAN_POINT('Ctrl Pts',(37.6331489415008,59.8258339443865,7.60671035746202));
#5254=CARTESIAN_POINT('Ctrl Pts',(37.9206562742591,60.1301251766909,7.63317595771828));
#5255=CARTESIAN_POINT('Ctrl Pts',(38.1388075083954,60.361011489145,7.65325719635199));
#5256=CARTESIAN_POINT('Ctrl Pts',(38.2615113063256,60.6820824651079,7.67333843498571));
#5257=CARTESIAN_POINT('Ctrl Pts',(38.264424680336,61.0011582552697,7.69341967361942));
#5258=CARTESIAN_POINT('Origin',(37.000000551343,61.0000009089708,12.));
#5259=CARTESIAN_POINT('',(38.2664300030779,60.9995729696123,8.19341967361941));
#5260=CARTESIAN_POINT('',(38.2636263454055,60.998939194245,8.05658032638059));
#5261=CARTESIAN_POINT('',(38.264500551343,61.0000009089708,12.));
#5262=CARTESIAN_POINT('Ctrl Pts',(38.2636263454055,60.998939194245,8.05658032638059));
#5263=CARTESIAN_POINT('Ctrl Pts',(38.2646565458375,60.8693830546841,8.04843968758502));
#5264=CARTESIAN_POINT('Ctrl Pts',(38.2463270047353,60.7401114305769,8.04029904878944));
#5265=CARTESIAN_POINT('Ctrl Pts',(38.2074259119908,60.6173591057867,8.03215840999387));
#5266=CARTESIAN_POINT('Ctrl Pts',(38.080956626722,60.2182855146348,8.00569280973761));
#5267=CARTESIAN_POINT('Ctrl Pts',(37.7370602898389,59.8881164015582,7.97922720948136));
#5268=CARTESIAN_POINT('Ctrl Pts',(37.3331686517465,59.7779987493706,7.9527616092251));
#5269=CARTESIAN_POINT('Ctrl Pts',(36.9292770136541,59.6678810971829,7.92629600896885));
#5270=CARTESIAN_POINT('Ctrl Pts',(36.4653900743525,59.7778149058841,7.8998304087126));
#5271=CARTESIAN_POINT('Ctrl Pts',(36.1538701702255,60.057475109446,7.87336480845635));
#5272=CARTESIAN_POINT('Ctrl Pts',(35.8423502660984,60.3371353130079,7.84689920820009));
#5273=CARTESIAN_POINT('Ctrl Pts',(35.6831973971459,60.7865219114307,7.82043360794384));
#5274=CARTESIAN_POINT('Ctrl Pts',(35.7492695969195,61.1999080363451,7.79396800768759));
#5275=CARTESIAN_POINT('Ctrl Pts',(35.815341796693,61.6132941612595,7.76750240743134));
#5276=CARTESIAN_POINT('Ctrl Pts',(36.1066390651926,61.9906798126655,7.74103680717508));
#5277=CARTESIAN_POINT('Ctrl Pts',(36.4898095124922,62.1593077693907,7.71457120691883));
#5278=CARTESIAN_POINT('Ctrl Pts',(36.8729799597917,62.3279357261159,7.68810560666258));
#5279=CARTESIAN_POINT('Ctrl Pts',(37.3480235858912,62.2878059881602,7.66164000640633));
#5280=CARTESIAN_POINT('Ctrl Pts',(37.6974694280214,62.0572780988332,7.63517440615007));
#5281=CARTESIAN_POINT('Ctrl Pts',(38.0433822875518,61.829080902631,7.60897637956025));
#5282=CARTESIAN_POINT('Ctrl Pts',(38.2662241732718,61.4143160365191,7.58277835297042));
#5283=CARTESIAN_POINT('Ctrl Pts',(38.2665995401307,60.9999152917848,7.55658032638059));
#5284=CARTESIAN_POINT('Ctrl Pts',(38.264424680336,61.0011582552697,7.69341967361942));
#5285=CARTESIAN_POINT('Ctrl Pts',(38.2653509196763,61.1026009633888,7.69980403524196));
#5286=CARTESIAN_POINT('Ctrl Pts',(38.2541690571993,61.2038420033609,7.7061883968645));
#5287=CARTESIAN_POINT('Ctrl Pts',(38.2300968262405,61.3019191577254,7.71257275848704));
#5288=CARTESIAN_POINT('Ctrl Pts',(38.1303082992903,61.7084861592742,7.73903835874329));
#5289=CARTESIAN_POINT('Ctrl Pts',(37.8090094992165,62.0606844151907,7.76550395899954));
#5290=CARTESIAN_POINT('Ctrl Pts',(37.4132882825441,62.1972826143427,7.79196955925579));
#5291=CARTESIAN_POINT('Ctrl Pts',(37.0175670658717,62.3338808134947,7.81843515951204));
#5292=CARTESIAN_POINT('Ctrl Pts',(36.5474234326008,62.2548789558823,7.8449007597683));
#5293=CARTESIAN_POINT('Ctrl Pts',(36.2180833393646,61.9964426756637,7.87136636002455));
#5294=CARTESIAN_POINT('Ctrl Pts',(35.8887432461284,61.7380063954451,7.89783196028081));
#5295=CARTESIAN_POINT('Ctrl Pts',(35.7002066929269,61.3001356926204,7.92429756053706));
#5296=CARTESIAN_POINT('Ctrl Pts',(35.7387837956472,60.8832830541077,7.95076316079331));
#5297=CARTESIAN_POINT('Ctrl Pts',(35.7773608983675,60.466430415595,7.97722876104956));
#5298=CARTESIAN_POINT('Ctrl Pts',(36.0430516570097,60.0705958413943,8.00369436130582));
#5299=CARTESIAN_POINT('Ctrl Pts',(36.4142257510677,59.8769877730698,8.03015996156207));
#5300=CARTESIAN_POINT('Ctrl Pts',(36.7853998451257,59.6833797047454,8.05662556181832));
#5301=CARTESIAN_POINT('Ctrl Pts',(37.2620572745994,59.6919981422971,8.08309116207458));
#5302=CARTESIAN_POINT('Ctrl Pts',(37.6259897416514,59.8988977258361,8.10955676233083));
#5303=CARTESIAN_POINT('Ctrl Pts',(37.9899222087035,60.1057973093751,8.13602236258708));
#5304=CARTESIAN_POINT('Ctrl Pts',(38.2411297133338,60.5109780389014,8.16248796284333));
#5305=CARTESIAN_POINT('Ctrl Pts',(38.2646122881602,60.9289527510898,8.18895356309959));
#5306=CARTESIAN_POINT('Ctrl Pts',(38.2659331949656,60.9524640417344,8.1904422666062));
#5307=CARTESIAN_POINT('Ctrl Pts',(38.2665335527997,60.9760158140735,8.19193097011281));
#5308=CARTESIAN_POINT('Ctrl Pts',(38.2664300030779,60.9995729696123,8.19341967361941));
#5309=CARTESIAN_POINT('Origin',(37.000000551343,61.0000009089708,12.));
#5310=CARTESIAN_POINT('',(38.2631571754453,60.9991088821073,8.69341967361942));
#5311=CARTESIAN_POINT('',(38.2628262260868,61.0006836195856,8.55658032638059));
#5312=CARTESIAN_POINT('',(38.264500551343,61.0000009089708,12.));
#5313=CARTESIAN_POINT('Ctrl Pts',(38.2628262260868,61.0006836195856,8.55658032638059));
#5314=CARTESIAN_POINT('Ctrl Pts',(38.2615755544391,60.7454233727648,8.54056662245587));
#5315=CARTESIAN_POINT('Ctrl Pts',(38.1865205412667,60.4894868282739,8.52455291853114));
#5316=CARTESIAN_POINT('Ctrl Pts',(38.0427205255426,60.2809558727251,8.50853921460642));
#5317=CARTESIAN_POINT('Ctrl Pts',(37.8050644685251,59.9363199948202,8.48207361435016));
#5318=CARTESIAN_POINT('Ctrl Pts',(37.3796406450909,59.7211661333664,8.45560801409391));
#5319=CARTESIAN_POINT('Ctrl Pts',(36.961203244508,59.7339892703811,8.42914241383766));
#5320=CARTESIAN_POINT('Ctrl Pts',(36.5427658439252,59.7468124073957,8.40267681358141));
#5321=CARTESIAN_POINT('Ctrl Pts',(36.1313148661935,59.9876125428789,8.37621121332516));
#5322=CARTESIAN_POINT('Ctrl Pts',(35.9152078943594,60.3461541323542,8.3497456130689));
#5323=CARTESIAN_POINT('Ctrl Pts',(35.6991009225253,60.7046957218296,8.32328001281265));
#5324=CARTESIAN_POINT('Ctrl Pts',(35.6783379565886,61.180978765297,8.29681441255639));
#5325=CARTESIAN_POINT('Ctrl Pts',(35.8624240413267,61.5569662583891,8.27034881230014));
#5326=CARTESIAN_POINT('Ctrl Pts',(36.0465101260648,61.9329537514811,8.24388321204389));
#5327=CARTESIAN_POINT('Ctrl Pts',(36.4354452614777,62.2086456941977,8.21741761178764));
#5328=CARTESIAN_POINT('Ctrl Pts',(36.8511793737972,62.2578335319692,8.19095201153138));
#5329=CARTESIAN_POINT('Ctrl Pts',(37.2669134861167,62.3070213697407,8.16448641127513));
#5330=CARTESIAN_POINT('Ctrl Pts',(37.7094465753427,62.1297051025672,8.13802081101888));
#5331=CARTESIAN_POINT('Ctrl Pts',(37.9761920031284,61.8070579343667,8.11155521076262));
#5332=CARTESIAN_POINT('Ctrl Pts',(38.1608883499581,61.5836548426014,8.09323024930194));
#5333=CARTESIAN_POINT('Ctrl Pts',(38.2613073156971,61.2905761682055,8.07490528784127));
#5334=CARTESIAN_POINT('Ctrl Pts',(38.2636263454055,60.998939194245,8.05658032638059));
#5335=CARTESIAN_POINT('Ctrl Pts',(38.2664300030779,60.9995729696123,8.19341967361941));
#5336=CARTESIAN_POINT('Ctrl Pts',(38.2646926855404,61.3948058947682,8.21839657036906));
#5337=CARTESIAN_POINT('Ctrl Pts',(38.0648135417989,61.7915541282825,8.2433734671187));
#5338=CARTESIAN_POINT('Ctrl Pts',(37.7453850651815,62.0240578391679,8.26835036386835));
#5339=CARTESIAN_POINT('Ctrl Pts',(37.4069176223538,62.2704195202073,8.2948159641246));
#5340=CARTESIAN_POINT('Ctrl Pts',(36.9342250916761,62.3323741874356,8.32128156438085));
#5341=CARTESIAN_POINT('Ctrl Pts',(36.5437007338226,62.1815596908225,8.34774716463711));
#5342=CARTESIAN_POINT('Ctrl Pts',(36.153176375969,62.0307451942094,8.37421276489336));
#5343=CARTESIAN_POINT('Ctrl Pts',(35.8448201909396,61.6671615337549,8.40067836514961));
#5344=CARTESIAN_POINT('Ctrl Pts',(35.7597941384078,61.2572531800652,8.42714396540586));
#5345=CARTESIAN_POINT('Ctrl Pts',(35.674768085876,60.8473448263756,8.45360956566211));
#5346=CARTESIAN_POINT('Ctrl Pts',(35.8130721658417,60.3911117794507,8.48007516591837));
#5347=CARTESIAN_POINT('Ctrl Pts',(36.1113923409868,60.0974123402185,8.50654076617462));
#5348=CARTESIAN_POINT('Ctrl Pts',(36.409712516132,59.8037129009863,8.53300636643088));
#5349=CARTESIAN_POINT('Ctrl Pts',(36.8680487864566,59.6725470694468,8.55947196668713));
#5350=CARTESIAN_POINT('Ctrl Pts',(37.2765800182111,59.7639610732169,8.58593756694338));
#5351=CARTESIAN_POINT('Ctrl Pts',(37.6851112499656,59.8553750769869,8.61240316719963));
#5352=CARTESIAN_POINT('Ctrl Pts',(38.0438374431499,60.1693689160665,8.63886876745589));
#5353=CARTESIAN_POINT('Ctrl Pts',(38.1885378238306,60.562199779694,8.66533436771214));
#5354=CARTESIAN_POINT('Ctrl Pts',(38.2397231917166,60.701157204527,8.6746961363479));
#5355=CARTESIAN_POINT('Ctrl Pts',(38.2641280729202,60.8499792987719,8.68405790498366));
#5356=CARTESIAN_POINT('Ctrl Pts',(38.2631571754453,60.9991088821073,8.69341967361942));
#5357=CARTESIAN_POINT('Origin',(37.000000551343,61.0000009089708,12.));
#5358=CARTESIAN_POINT('',(38.2632029408247,61.0009146829292,9.19341967361942));
#5359=CARTESIAN_POINT('',(38.2661169405396,61.0007029650789,9.05658032638059));
#5360=CARTESIAN_POINT('',(38.264500551343,61.0000009089708,12.));
#5361=CARTESIAN_POINT('Ctrl Pts',(38.2661169405396,61.0007029650789,9.05658032638059));
#5362=CARTESIAN_POINT('Ctrl Pts',(38.2635951090888,60.6224726614572,9.03269355732672));
#5363=CARTESIAN_POINT('Ctrl Pts',(38.0829227516758,60.242152220379,9.00880678827284));
#5364=CARTESIAN_POINT('Ctrl Pts',(37.7868293684185,60.007432966826,8.98492001921897));
#5365=CARTESIAN_POINT('Ctrl Pts',(37.4587695499419,59.7473732692181,8.95845441896272));
#5366=CARTESIAN_POINT('Ctrl Pts',(36.9890215567295,59.6660502129533,8.93198881870646));
#5367=CARTESIAN_POINT('Ctrl Pts',(36.5926306803428,59.8006925686274,8.90552321845021));
#5368=CARTESIAN_POINT('Ctrl Pts',(36.1962398039561,59.9353349243014,8.87905761819395));
#5369=CARTESIAN_POINT('Ctrl Pts',(35.873206044395,60.2859426919142,8.8525920179377));
#5370=CARTESIAN_POINT('Ctrl Pts',(35.7714105848378,60.6920116211758,8.82612641768145));
#5371=CARTESIAN_POINT('Ctrl Pts',(35.6696151252807,61.0980805504373,8.7996608174252));
#5372=CARTESIAN_POINT('Ctrl Pts',(35.7890579657276,61.5596106413475,8.77319521716895));
#5373=CARTESIAN_POINT('Ctrl Pts',(36.0750595314772,61.8653186639826,8.7467296169127));
#5374=CARTESIAN_POINT('Ctrl Pts',(36.3610610972269,62.1710266866176,8.72026401665644));
#5375=CARTESIAN_POINT('Ctrl Pts',(36.8136213882794,62.3209126409775,8.69379841640018));
#5376=CARTESIAN_POINT('Ctrl Pts',(37.2255634478773,62.2463604421583,8.66733281614393));
#5377=CARTESIAN_POINT('Ctrl Pts',(37.6375055074752,62.1718082433391,8.64086721588768));
#5378=CARTESIAN_POINT('Ctrl Pts',(38.0088293356185,61.8728178913407,8.61440161563143));
#5379=CARTESIAN_POINT('Ctrl Pts',(38.1695471043897,61.4862637681635,8.58793601537518));
#5380=CARTESIAN_POINT('Ctrl Pts',(38.2330183818808,61.3336043316552,8.57748411904365));
#5381=CARTESIAN_POINT('Ctrl Pts',(38.2636425200852,61.1672880260286,8.56703222271212));
#5382=CARTESIAN_POINT('Ctrl Pts',(38.2628262260868,61.0006836195856,8.55658032638059));
#5383=CARTESIAN_POINT('Ctrl Pts',(38.2631571754453,60.9991088821073,8.69341967361942));
#5384=CARTESIAN_POINT('Ctrl Pts',(38.2613833581701,61.2715667244491,8.71052350523991));
#5385=CARTESIAN_POINT('Ctrl Pts',(38.1749081786762,61.5450509291798,8.7276273368604));
#5386=CARTESIAN_POINT('Ctrl Pts',(38.0122979232141,61.7612792467774,8.7447311684809));
#5387=CARTESIAN_POINT('Ctrl Pts',(37.7606830737398,62.0958599620577,8.77119676873715));
#5388=CARTESIAN_POINT('Ctrl Pts',(37.3267788066138,62.2933535044429,8.7976623689934));
#5389=CARTESIAN_POINT('Ctrl Pts',(36.9092215629573,62.2633495750629,8.82412796924966));
#5390=CARTESIAN_POINT('Ctrl Pts',(36.4916643193008,62.233345645683,8.85059356950591));
#5391=CARTESIAN_POINT('Ctrl Pts',(36.0904540991136,61.9758442445379,8.87705916976216));
#5392=CARTESIAN_POINT('Ctrl Pts',(35.8892603806145,61.6087265860607,8.90352477001842));
#5393=CARTESIAN_POINT('Ctrl Pts',(35.6880666621155,61.2416089275836,8.92999037027467));
#5394=CARTESIAN_POINT('Ctrl Pts',(35.6868894453046,60.7648750117744,8.95645597053092));
#5395=CARTESIAN_POINT('Ctrl Pts',(35.886267646632,60.3967682061396,8.98292157078717));
#5396=CARTESIAN_POINT('Ctrl Pts',(36.0856458479595,60.0286614005047,9.00938717104343));
#5397=CARTESIAN_POINT('Ctrl Pts',(36.4855794674255,59.7691817050442,9.03585277129968));
#5398=CARTESIAN_POINT('Ctrl Pts',(36.9029834401705,59.7371159747992,9.06231837155593));
#5399=CARTESIAN_POINT('Ctrl Pts',(37.3203874129155,59.7050502445543,9.08878397181219));
#5400=CARTESIAN_POINT('Ctrl Pts',(37.7552617389397,59.9003984795248,9.11524957206844));
#5401=CARTESIAN_POINT('Ctrl Pts',(38.008525895081,60.2337324782945,9.14171517232469));
#5402=CARTESIAN_POINT('Ctrl Pts',(38.1734556751518,60.4508050555784,9.1589500060896));
#5403=CARTESIAN_POINT('Ctrl Pts',(38.2613676984106,60.7263950276021,9.17618483985451));
#5404=CARTESIAN_POINT('Ctrl Pts',(38.2632029408247,61.0009146829292,9.19341967361942));
#5405=CARTESIAN_POINT('Origin',(37.000000551343,61.0000009089708,12.));
#5406=CARTESIAN_POINT('',(38.2664583528585,61.0003930345781,9.69341967361941));
#5407=CARTESIAN_POINT('',(38.2649502311463,60.9988819102519,9.55658032638059));
#5408=CARTESIAN_POINT('',(38.264500551343,61.0000009089708,12.));
#5409=CARTESIAN_POINT('Ctrl Pts',(38.2649502311463,60.9988819102519,9.55658032638059));
#5410=CARTESIAN_POINT('Ctrl Pts',(38.2657235532367,60.9148501671024,9.55128609245382));
#5411=CARTESIAN_POINT('Ctrl Pts',(38.25806594668,60.8309586345681,9.54599185852705));
#5412=CARTESIAN_POINT('Ctrl Pts',(38.2414623285082,60.748876710703,9.54069762460028));
#5413=CARTESIAN_POINT('Ctrl Pts',(38.1584617041647,60.3385534391353,9.51423202434402));
#5414=CARTESIAN_POINT('Ctrl Pts',(37.8519048889423,59.9734513497532,9.48776642408777));
#5415=CARTESIAN_POINT('Ctrl Pts',(37.4621301081609,59.8207100288933,9.46130082383152));
#5416=CARTESIAN_POINT('Ctrl Pts',(37.0723553273795,59.6679687080334,9.43483522357527));
#5417=CARTESIAN_POINT('Ctrl Pts',(36.5993625810392,59.7275881556957,9.40836962331902));
#5418=CARTESIAN_POINT('Ctrl Pts',(36.2596825718174,59.9722752664437,9.38190402306276));
#5419=CARTESIAN_POINT('Ctrl Pts',(35.9200025625955,60.2169623771916,9.35543842280651));
#5420=CARTESIAN_POINT('Ctrl Pts',(35.7136352904922,60.6467171510251,9.32897282255025));
#5421=CARTESIAN_POINT('Ctrl Pts',(35.7350533468614,61.0648027375905,9.302507222294));
#5422=CARTESIAN_POINT('Ctrl Pts',(35.7564714032305,61.4828883241559,9.27604162203775));
#5423=CARTESIAN_POINT('Ctrl Pts',(36.0056747880722,61.8893047234532,9.24957602178149));
#5424=CARTESIAN_POINT('Ctrl Pts',(36.3685810245462,62.0979991276865,9.22311042152524));
#5425=CARTESIAN_POINT('Ctrl Pts',(36.7314872610203,62.3066935319198,9.19664482126899));
#5426=CARTESIAN_POINT('Ctrl Pts',(37.2080963491267,62.317665941089,9.17017922101274));
#5427=CARTESIAN_POINT('Ctrl Pts',(37.5802220660373,62.12589331102,9.14371362075648));
#5428=CARTESIAN_POINT('Ctrl Pts',(37.9523477829479,61.9341206809508,9.11724802050023));
#5429=CARTESIAN_POINT('Ctrl Pts',(38.2199901286626,61.5396030116434,9.09078242024398));
#5430=CARTESIAN_POINT('Ctrl Pts',(38.2606254796495,61.1229460075142,9.06431681998773));
#5431=CARTESIAN_POINT('Ctrl Pts',(38.264585023738,61.0823465851495,9.06173798878535));
#5432=CARTESIAN_POINT('Ctrl Pts',(38.2663891991117,61.0415369559156,9.05915915758297));
#5433=CARTESIAN_POINT('Ctrl Pts',(38.2661169405396,61.0007029650789,9.05658032638059));
#5434=CARTESIAN_POINT('Ctrl Pts',(38.2632029408247,61.0009146829292,9.19341967361942));
#5435=CARTESIAN_POINT('Ctrl Pts',(38.2641858742496,61.1479440578669,9.20265044011076));
#5436=CARTESIAN_POINT('Ctrl Pts',(38.2404773148036,61.2946664078807,9.2118812066021));
#5437=CARTESIAN_POINT('Ctrl Pts',(38.1906854734546,61.4319269362805,9.22111197309345));
#5438=CARTESIAN_POINT('Ctrl Pts',(38.0479269094283,61.8254676329279,9.2475775733497));
#5439=CARTESIAN_POINT('Ctrl Pts',(37.6907557951172,62.1412292636537,9.27404317360596));
#5440=CARTESIAN_POINT('Ctrl Pts',(37.2826810066207,62.2346597432314,9.30050877386221));
#5441=CARTESIAN_POINT('Ctrl Pts',(36.8746062181241,62.3280902228091,9.32697437411846));
#5442=CARTESIAN_POINT('Ctrl Pts',(36.4156277554421,62.1991895512387,9.35343997437471));
#5443=CARTESIAN_POINT('Ctrl Pts',(36.1158607414971,61.9069669907282,9.37990557463097));
#5444=CARTESIAN_POINT('Ctrl Pts',(35.816093727552,61.6147444302177,9.40637117488722));
#5445=CARTESIAN_POINT('Ctrl Pts',(35.6755381623439,61.1591999807671,9.43283677514347));
#5446=CARTESIAN_POINT('Ctrl Pts',(35.7585387859034,60.7488767130749,9.45930237539972));
#5447=CARTESIAN_POINT('Ctrl Pts',(35.8415394094629,60.3385534453827,9.48576797565598));
#5448=CARTESIAN_POINT('Ctrl Pts',(36.1480962217899,59.9734513594489,9.51223357591223));
#5449=CARTESIAN_POINT('Ctrl Pts',(36.5378709988899,59.8207100400317,9.53869917616848));
#5450=CARTESIAN_POINT('Ctrl Pts',(36.9276457759898,59.6679687206145,9.56516477642474));
#5451=CARTESIAN_POINT('Ctrl Pts',(37.4006385178627,59.7275881677138,9.59163037668099));
#5452=CARTESIAN_POINT('Ctrl Pts',(37.7403185238762,59.9722752761506,9.61809597693725));
#5453=CARTESIAN_POINT('Ctrl Pts',(38.0625727393386,60.2044097873586,9.6432038758313));
#5454=CARTESIAN_POINT('Ctrl Pts',(38.2648414214285,60.6031108453595,9.66831177472536));
#5455=CARTESIAN_POINT('Ctrl Pts',(38.2664583528585,61.0003930345781,9.69341967361941));
#5456=CARTESIAN_POINT('Origin',(37.000000551343,61.0000009089708,12.));
#5457=CARTESIAN_POINT('',(38.2643621261378,60.998844071942,10.1934196736194));
#5458=CARTESIAN_POINT('',(38.262455630747,60.9999837470885,10.0565803263806));
#5459=CARTESIAN_POINT('',(38.264500551343,61.0000009089708,12.));
#5460=CARTESIAN_POINT('Ctrl Pts',(38.262455630747,60.9999837470885,10.0565803263806));
#5461=CARTESIAN_POINT('Ctrl Pts',(38.2624810485044,60.7899415130606,10.0434130273247));
#5462=CARTESIAN_POINT('Ctrl Pts',(38.2129291168319,60.5799105585658,10.0302457282687));
#5463=CARTESIAN_POINT('Ctrl Pts',(38.1137334665732,60.396768200442,10.0170784292128));
#5464=CARTESIAN_POINT('Ctrl Pts',(37.9143552633625,60.0286613913303,9.99061282895658));
#5465=CARTESIAN_POINT('Ctrl Pts',(37.5144216401192,59.7691816934191,9.96414722870033));
#5466=CARTESIAN_POINT('Ctrl Pts',(37.0970176634318,59.7371159628712,9.93768162844407));
#5467=CARTESIAN_POINT('Ctrl Pts',(36.6796136867443,59.7050502323234,9.91121602818782));
#5468=CARTESIAN_POINT('Ctrl Pts',(36.2447393566127,59.900398469139,9.88475042793156));
#5469=CARTESIAN_POINT('Ctrl Pts',(35.9914751980793,60.2337324710571,9.85828482767531));
#5470=CARTESIAN_POINT('Ctrl Pts',(35.7382110395459,60.5670664729752,9.83181922741906));
#5471=CARTESIAN_POINT('Ctrl Pts',(35.6665570526106,61.0383862399957,9.80535362716281));
#5472=CARTESIAN_POINT('Ctrl Pts',(35.8093156179853,61.4319269403601,9.77888802690656));
#5473=CARTESIAN_POINT('Ctrl Pts',(35.9520741833599,61.8254676407245,9.75242242665031));
#5474=CARTESIAN_POINT('Ctrl Pts',(36.3092453010445,62.1412292744326,9.72595682639405));
#5475=CARTESIAN_POINT('Ctrl Pts',(36.7173200933953,62.2346597548928,9.69949122613779));
#5476=CARTESIAN_POINT('Ctrl Pts',(37.1253948857461,62.328090235353,9.67302562588154));
#5477=CARTESIAN_POINT('Ctrl Pts',(37.5843733527633,62.1991895625651,9.64656002562529));
#5478=CARTESIAN_POINT('Ctrl Pts',(37.8841403695396,61.9069669992945,9.62009442536904));
#5479=CARTESIAN_POINT('Ctrl Pts',(38.1239413664647,61.6732012476457,9.59892305903956));
#5480=CARTESIAN_POINT('Ctrl Pts',(38.2618577562966,61.3349204839398,9.57775169271007));
#5481=CARTESIAN_POINT('Ctrl Pts',(38.2649502311463,60.9988819102519,9.55658032638059));
#5482=CARTESIAN_POINT('Ctrl Pts',(38.2664583528585,61.0003930345781,9.69341967361941));
#5483=CARTESIAN_POINT('Ctrl Pts',(38.266545787893,61.021875938096,9.69477737498161));
#5484=CARTESIAN_POINT('Ctrl Pts',(38.2660465031628,61.0433546927423,9.6961350763438));
#5485=CARTESIAN_POINT('Ctrl Pts',(38.2649477438771,61.0648027369784,9.697492777706));
#5486=CARTESIAN_POINT('Ctrl Pts',(38.2435296877102,61.482888319595,9.72395837796225));
#5487=CARTESIAN_POINT('Ctrl Pts',(37.9943263052223,61.8893047150537,9.75042397821851));
#5488=CARTESIAN_POINT('Ctrl Pts',(37.6314200721759,62.0979991173159,9.77688957847476));
#5489=CARTESIAN_POINT('Ctrl Pts',(37.2685138391296,62.306693519578,9.80335517873102));
#5490=CARTESIAN_POINT('Ctrl Pts',(36.7919047555247,62.3176659286437,9.82982077898726));
#5491=CARTESIAN_POINT('Ctrl Pts',(36.4197790421289,62.1258933003859,9.85628637924352));
#5492=CARTESIAN_POINT('Ctrl Pts',(36.047653328733,61.9341206721281,9.88275197949977));
#5493=CARTESIAN_POINT('Ctrl Pts',(35.7800109855461,61.5396030065469,9.90921757975602));
#5494=CARTESIAN_POINT('Ctrl Pts',(35.7393756349431,61.1229460063529,9.93568318001228));
#5495=CARTESIAN_POINT('Ctrl Pts',(35.6987402843401,60.706289006159,9.96214878026853));
#5496=CARTESIAN_POINT('Ctrl Pts',(35.8851119263209,60.2674926713524,9.98861438052478));
#5497=CARTESIAN_POINT('Ctrl Pts',(36.213171741699,60.0074329762008,10.015079980781));
#5498=CARTESIAN_POINT('Ctrl Pts',(36.5412315570772,59.7473732810492,10.0415455810373));
#5499=CARTESIAN_POINT('Ctrl Pts',(37.0109795458527,59.6660502255526,10.0680111812935));
#5500=CARTESIAN_POINT('Ctrl Pts',(37.4073704184955,59.8006925799549,10.0944767815498));
#5501=CARTESIAN_POINT('Ctrl Pts',(37.8037612911383,59.9353349343572,10.120942381806));
#5502=CARTESIAN_POINT('Ctrl Pts',(38.1267950476483,60.2859426986585,10.1474079820623));
#5503=CARTESIAN_POINT('Ctrl Pts',(38.228590506244,60.6920116240847,10.1738735823186));
#5504=CARTESIAN_POINT('Ctrl Pts',(38.2536507518516,60.7919786279687,10.1803889460855));
#5505=CARTESIAN_POINT('Ctrl Pts',(38.2653026841881,60.895306897193,10.1869043098525));
#5506=CARTESIAN_POINT('Ctrl Pts',(38.2643621261378,60.998844071942,10.1934196736194));
#5507=CARTESIAN_POINT('Origin',(37.000000551343,61.0000009089708,12.));
#5508=CARTESIAN_POINT('',(38.2625207635742,61.0003003802928,10.6934196736194));
#5509=CARTESIAN_POINT('',(38.2648872035801,61.0011285924249,10.5565803263806));
#5510=CARTESIAN_POINT('',(38.264500551343,61.0000009089708,12.));
#5511=CARTESIAN_POINT('Ctrl Pts',(38.2648872035801,61.0011285924249,10.5565803263806));
#5512=CARTESIAN_POINT('Ctrl Pts',(38.2618064205669,60.6671265236839,10.5355399621955));
#5513=CARTESIAN_POINT('Ctrl Pts',(38.1257757010257,60.330905740531,10.5144995980104));
#5514=CARTESIAN_POINT('Ctrl Pts',(37.8886087700921,60.0974123316934,10.4934592338254));
#5515=CARTESIAN_POINT('Ctrl Pts',(37.5902885921293,59.8037128896871,10.4669936335691));
#5516=CARTESIAN_POINT('Ctrl Pts',(37.1319523174756,59.6725470569089,10.4405280333129));
#5517=CARTESIAN_POINT('Ctrl Pts',(36.7234210818625,59.7639610615424,10.4140624330566));
#5518=CARTESIAN_POINT('Ctrl Pts',(36.3148898462494,59.8553750661759,10.3875968328004));
#5519=CARTESIAN_POINT('Ctrl Pts',(35.956163649677,60.1693689082212,10.3611312325441));
#5520=CARTESIAN_POINT('Ctrl Pts',(35.8114632676295,60.562199775559,10.3346656322879));
#5521=CARTESIAN_POINT('Ctrl Pts',(35.6667628855821,60.9550306428968,10.3082000320316));
#5522=CARTESIAN_POINT('Ctrl Pts',(35.7360883180597,61.4266985355272,10.2817344317754));
#5523=CARTESIAN_POINT('Ctrl Pts',(35.9877031699106,61.7612792539677,10.2552688315191));
#5524=CARTESIAN_POINT('Ctrl Pts',(36.2393180217615,62.0958599724082,10.2288032312629));
#5525=CARTESIAN_POINT('Ctrl Pts',(36.6732222929857,62.2933535166587,10.2023376310066));
#5526=CARTESIAN_POINT('Ctrl Pts',(37.0907795405861,62.2633495869954,10.1758720307503));
#5527=CARTESIAN_POINT('Ctrl Pts',(37.5083367881865,62.233345657332,10.1494064304941));
#5528=CARTESIAN_POINT('Ctrl Pts',(37.9095470121631,61.9758442537548,10.1229408302378));
#5529=CARTESIAN_POINT('Ctrl Pts',(38.1107407325624,61.6087265918102,10.0964752299816));
#5530=CARTESIAN_POINT('Ctrl Pts',(38.2118355374253,61.424259162497,10.0831769287813));
#5531=CARTESIAN_POINT('Ctrl Pts',(38.2624299601071,61.2121157022473,10.0698786275809));
#5532=CARTESIAN_POINT('Ctrl Pts',(38.262455630747,60.9999837470885,10.0565803263806));
#5533=CARTESIAN_POINT('Ctrl Pts',(38.2643621261378,60.998844071942,10.1934196736194));
#5534=CARTESIAN_POINT('Ctrl Pts',(38.2614821095788,61.3158779622295,10.2133699101087));
#5535=CARTESIAN_POINT('Ctrl Pts',(38.1405345875269,61.6348705559523,10.233320146598));
#5536=CARTESIAN_POINT('Ctrl Pts',(37.9249415624726,61.8653186558097,10.2532703830873));
#5537=CARTESIAN_POINT('Ctrl Pts',(37.6389399994242,62.1710266755572,10.2797359833436));
#5538=CARTESIAN_POINT('Ctrl Pts',(37.1863797126462,62.3209126285012,10.3062015835998));
#5539=CARTESIAN_POINT('Ctrl Pts',(36.7744376569391,62.2463604303862,10.3326671838561));
#5540=CARTESIAN_POINT('Ctrl Pts',(36.362495601232,62.1718082322713,10.3591327841123));
#5541=CARTESIAN_POINT('Ctrl Pts',(35.9911717765959,61.8728178830974,10.3855983843686));
#5542=CARTESIAN_POINT('Ctrl Pts',(35.8304540093426,61.486263763571,10.4120639846248));
#5543=CARTESIAN_POINT('Ctrl Pts',(35.6697362420894,61.0997096440446,10.4385295848811));
#5544=CARTESIAN_POINT('Ctrl Pts',(35.719624532219,60.6255917541655,10.4649951851373));
#5545=CARTESIAN_POINT('Ctrl Pts',(35.9572805869918,60.2809558795161,10.4914607853936));
#5546=CARTESIAN_POINT('Ctrl Pts',(36.1949366417647,59.9363200048666,10.5179263856498));
#5547=CARTESIAN_POINT('Ctrl Pts',(36.6203604611808,59.7211661454468,10.5443919859061));
#5548=CARTESIAN_POINT('Ctrl Pts',(37.0387978578115,59.7339892823395,10.5708575861623));
#5549=CARTESIAN_POINT('Ctrl Pts',(37.4572352544421,59.7468124192323,10.5973231864186));
#5550=CARTESIAN_POINT('Ctrl Pts',(37.8686862282873,59.9876125524377,10.6237887866748));
#5551=CARTESIAN_POINT('Ctrl Pts',(38.0847931980805,60.3461541385281,10.6502543869311));
#5552=CARTESIAN_POINT('Ctrl Pts',(38.2022830618551,60.541080762818,10.6646428158272));
#5553=CARTESIAN_POINT('Ctrl Pts',(38.2620347126308,60.7708084608265,10.6790312447233));
#5554=CARTESIAN_POINT('Ctrl Pts',(38.2625207635742,61.0003003802928,10.6934196736194));
#5555=CARTESIAN_POINT('Origin',(37.000000551343,61.0000009089708,12.));
#5556=CARTESIAN_POINT('',(38.2654606892443,61.0010060912435,11.1934196736194));
#5557=CARTESIAN_POINT('',(38.2661611248493,60.9993291694622,11.0565803263806));
#5558=CARTESIAN_POINT('',(38.264500551343,61.0000009089708,12.));
#5559=CARTESIAN_POINT('Ctrl Pts',(38.2661611248493,60.9993291694622,11.0565803263806));
#5560=CARTESIAN_POINT('Ctrl Pts',(38.2664105244885,60.9605730648026,11.0541324973226));
#5561=CARTESIAN_POINT('Ctrl Pts',(38.2647853526569,60.9218381585558,11.0516846682647));
#5562=CARTESIAN_POINT('Ctrl Pts',(38.2612173189452,60.8832830530159,11.0492368392067));
#5563=CARTESIAN_POINT('Ctrl Pts',(38.2226402158559,60.4664304105754,11.0227712389504));
#5564=CARTESIAN_POINT('Ctrl Pts',(37.9569494547152,60.0705958326154,10.9963056386942));
#5565=CARTESIAN_POINT('Ctrl Pts',(37.585775357154,59.8769877624574,10.9698400384379));
#5566=CARTESIAN_POINT('Ctrl Pts',(37.2146012595929,59.6833796922993,10.9433744381817));
#5567=CARTESIAN_POINT('Ctrl Pts',(36.7379438256111,59.6919981299433,10.9169088379254));
#5568=CARTESIAN_POINT('Ctrl Pts',(36.3740113551203,59.898897715439,10.8904432376692));
#5569=CARTESIAN_POINT('Ctrl Pts',(36.0100788846295,60.1057973009348,10.8639776374129));
#5570=CARTESIAN_POINT('Ctrl Pts',(35.7588713776297,60.5109780342824,10.8375120371567));
#5571=CARTESIAN_POINT('Ctrl Pts',(35.7353888025823,60.9289527504172,10.8110464369004));
#5572=CARTESIAN_POINT('Ctrl Pts',(35.7119062275348,61.346927466552,10.7845808366442));
#5573=CARTESIAN_POINT('Ctrl Pts',(35.9161485844398,61.777696165474,10.7581152363879));
#5574=CARTESIAN_POINT('Ctrl Pts',(36.2546160304638,62.024057848841,10.7316496361317));
#5575=CARTESIAN_POINT('Ctrl Pts',(36.5930834764879,62.270419532208,10.7051840358754));
#5576=CARTESIAN_POINT('Ctrl Pts',(37.0657760116311,62.3323742000199,10.6787184356191));
#5577=CARTESIAN_POINT('Ctrl Pts',(37.4563003731734,62.181559701982,10.6522528353629));
#5578=CARTESIAN_POINT('Ctrl Pts',(37.8468247347157,62.0307452039441,10.6257872351066));
#5579=CARTESIAN_POINT('Ctrl Pts',(38.155180922657,61.6671615400563,10.5993216348504));
#5580=CARTESIAN_POINT('Ctrl Pts',(38.2402069759918,61.2572531824952,10.5728560345941));
#5581=CARTESIAN_POINT('Ctrl Pts',(38.2576366358928,61.1732252524355,10.567430798523));
#5582=CARTESIAN_POINT('Ctrl Pts',(38.2656815802831,61.0872506792503,10.5620055624518));
#5583=CARTESIAN_POINT('Ctrl Pts',(38.2648872035801,61.0011285924249,10.5565803263806));
#5584=CARTESIAN_POINT('Ctrl Pts',(38.2625207635742,61.0003003802928,10.6934196736194));
#5585=CARTESIAN_POINT('Ctrl Pts',(38.2629287386614,61.1929283077182,10.7054968449796));
#5586=CARTESIAN_POINT('Ctrl Pts',(38.2215819153405,61.3853901204746,10.7175740163397));
#5587=CARTESIAN_POINT('Ctrl Pts',(38.137577050615,61.5569662531318,10.7296511876999));
#5588=CARTESIAN_POINT('Ctrl Pts',(37.9534909676153,61.9329537426698,10.7561167879561));
#5589=CARTESIAN_POINT('Ctrl Pts',(37.5645558358747,62.2086456827701,10.7825823882124));
#5590=CARTESIAN_POINT('Ctrl Pts',(37.1488217274826,62.2578335200826,10.8090479884686));
#5591=CARTESIAN_POINT('Ctrl Pts',(36.7330876190904,62.307021357395,10.8355135887249));
#5592=CARTESIAN_POINT('Ctrl Pts',(36.2905545340466,62.1297050919195,10.8619791889811));
#5593=CARTESIAN_POINT('Ctrl Pts',(36.0238091087789,61.807057926756,10.8884447892374));
#5594=CARTESIAN_POINT('Ctrl Pts',(35.7570636835111,61.4844107615926,10.9149103894936));
#5595=CARTESIAN_POINT('Ctrl Pts',(35.6661059180194,61.0164326967412,10.9413759897499));
#5596=CARTESIAN_POINT('Ctrl Pts',(35.7925752020968,60.6173591093779,10.9678415900061));
#5597=CARTESIAN_POINT('Ctrl Pts',(35.9190444861742,60.2182855220146,10.9943071902624));
#5598=CARTESIAN_POINT('Ctrl Pts',(36.2629408198209,59.8881164121394,11.0207727905186));
#5599=CARTESIAN_POINT('Ctrl Pts',(36.6668324540917,59.7779987609557,11.0472383907749));
#5600=CARTESIAN_POINT('Ctrl Pts',(37.0707240883626,59.667881109772,11.0737039910311));
#5601=CARTESIAN_POINT('Ctrl Pts',(37.5346110232578,59.7778149172796,11.1001695912874));
#5602=CARTESIAN_POINT('Ctrl Pts',(37.8461309244568,60.0574751182669,11.1266351915437));
#5603=CARTESIAN_POINT('Ctrl Pts',(38.1081653522477,60.2927108141552,11.1488966855689));
#5604=CARTESIAN_POINT('Ctrl Pts',(38.2623954683904,60.6480330968447,11.1711581795942));
#5605=CARTESIAN_POINT('Ctrl Pts',(38.2654606892443,61.0010060912435,11.1934196736194));
#5606=CARTESIAN_POINT('Origin',(37.000000551343,61.0000009089708,12.));
#5607=CARTESIAN_POINT('',(38.265692625146,60.9991019336448,11.6934196736194));
#5608=CARTESIAN_POINT('',(38.262858827094,60.9992930900658,11.5565803263806));
#5609=CARTESIAN_POINT('',(38.264500551343,61.0000009089708,12.));
#5610=CARTESIAN_POINT('',(36.0418843986206,60.1747896100343,12.));
#5611=CARTESIAN_POINT('Ctrl Pts',(38.265692625146,60.9991019336448,11.6934196736194));
#5612=CARTESIAN_POINT('Ctrl Pts',(38.262742305602,61.3603095126822,11.7162163149775));
#5613=CARTESIAN_POINT('Ctrl Pts',(38.1001077061501,61.7237761098991,11.7390129563356));
#5614=CARTESIAN_POINT('Ctrl Pts',(37.8269581642002,61.959298632042,11.7618095976937));
#5615=CARTESIAN_POINT('Ctrl Pts',(37.5098471269264,62.2327268456312,11.78827519795));
#5616=CARTESIAN_POINT('Ctrl Pts',(37.0437853152965,62.333713499502,11.8147407982062));
#5617=CARTESIAN_POINT('Ctrl Pts',(36.6422213938063,62.2152401015556,11.8412063984625));
#5618=CARTESIAN_POINT('Ctrl Pts',(36.2406574723162,62.0967667036092,11.8676719987187));
#5619=CARTESIAN_POINT('Ctrl Pts',(35.9035914409657,61.7588332538455,11.894137598975));
#5620=CARTESIAN_POINT('Ctrl Pts',(35.7852866926207,61.3580007195232,11.9206031992312));
#5621=CARTESIAN_POINT('Ctrl Pts',(35.6669819442756,60.9571681852008,11.9470687994875));
#5622=CARTESIAN_POINT('Ctrl Pts',(35.7674384789361,60.4934365663198,11.9735343997437));
#5623=CARTESIAN_POINT('Ctrl Pts',(36.0418843986206,60.1747896100343,12.));
#5624=CARTESIAN_POINT('',(37.9599588610637,60.1734220915331,12.));
#5625=CARTESIAN_POINT('Origin',(37.000000551343,61.0000009089708,12.));
#5626=CARTESIAN_POINT('Ctrl Pts',(37.9599612744701,60.1734202999498,12.));
#5627=CARTESIAN_POINT('Ctrl Pts',(37.6930746647422,59.864605826896,11.974200549221));
#5628=CARTESIAN_POINT('Ctrl Pts',(37.2628954269727,59.6954990128533,11.948401098442));
#5629=CARTESIAN_POINT('Ctrl Pts',(36.8573230555686,59.7415279442871,11.922601647663));
#5630=CARTESIAN_POINT('Ctrl Pts',(36.4412786851471,59.7887453563934,11.8961360474068));
#5631=CARTESIAN_POINT('Ctrl Pts',(36.0511282993744,60.0623516799532,11.8696704471505));
#5632=CARTESIAN_POINT('Ctrl Pts',(35.8652233408411,60.4373846586837,11.8432048468943));
#5633=CARTESIAN_POINT('Ctrl Pts',(35.6793183823078,60.8124176374142,11.816739246638));
#5634=CARTESIAN_POINT('Ctrl Pts',(35.697658851014,61.2888772713153,11.7902736463818));
#5635=CARTESIAN_POINT('Ctrl Pts',(35.911974789235,61.6485019302936,11.7638080461255));
#5636=CARTESIAN_POINT('Ctrl Pts',(36.126290727456,62.0081265892719,11.7373424458693));
#5637=CARTESIAN_POINT('Ctrl Pts',(36.5365821351919,62.2509162733273,11.710876845613));
#5638=CARTESIAN_POINT('Ctrl Pts',(36.9549598592765,62.2657957871784,11.6844112453568));
#5639=CARTESIAN_POINT('Ctrl Pts',(37.3733375833611,62.2806753010296,11.6579456451005));
#5640=CARTESIAN_POINT('Ctrl Pts',(37.7998016237944,62.0676446446763,11.6314800448443));
#5641=CARTESIAN_POINT('Ctrl Pts',(38.0391524828125,61.724191608484,11.605014444588));
#5642=CARTESIAN_POINT('Ctrl Pts',(38.1851627462801,61.5146763031749,11.5888697385189));
#5643=CARTESIAN_POINT('Ctrl Pts',(38.2615422439977,61.2566266823759,11.5727250324497));
#5644=CARTESIAN_POINT('Ctrl Pts',(38.262858827094,60.9992930900658,11.5565803263806));
#5645=CARTESIAN_POINT('Origin',(-155.00000230968,-66.5000009909272,12.));
#5646=CARTESIAN_POINT('',(-153.737496316273,-66.5002957910232,7.19341967361941));
#5647=CARTESIAN_POINT('',(-153.736529963072,-66.4981029786009,7.05658032638059));
#5648=CARTESIAN_POINT('',(-153.73550230968,-66.5000009909272,12.));
#5649=CARTESIAN_POINT('',(-154.041886156958,-67.3252122898637,7.));
#5650=CARTESIAN_POINT('Ctrl Pts',(-153.736529963072,-66.4981029786009,7.05658032638059));
#5651=CARTESIAN_POINT('Ctrl Pts',(-153.739150705048,-66.7973127095076,7.03772021758706));
#5652=CARTESIAN_POINT('Ctrl Pts',(-153.846308506987,-67.0981357752908,7.01886010879353));
#5653=CARTESIAN_POINT('Ctrl Pts',(-154.041886156958,-67.3252122898637,7.));
#5654=CARTESIAN_POINT('',(-155.959981379119,-67.3265921805108,7.));
#5655=CARTESIAN_POINT('Origin',(-155.00000230968,-66.5000009909272,7.));
#5656=CARTESIAN_POINT('Ctrl Pts',(-155.959983891188,-67.326594041238,7.00000000000001));
#5657=CARTESIAN_POINT('Ctrl Pts',(-155.693103780105,-67.6353735093937,7.02579945077899));
#5658=CARTESIAN_POINT('Ctrl Pts',(-155.262908854216,-67.8045443056778,7.05159890155798));
#5659=CARTESIAN_POINT('Ctrl Pts',(-154.857323100926,-67.7585269393454,7.07739835233697));
#5660=CARTESIAN_POINT('Ctrl Pts',(-154.441265003094,-67.7113213909548,7.10386395259322));
#5661=CARTESIAN_POINT('Ctrl Pts',(-154.051103316777,-67.4376717721726,7.13032955284947));
#5662=CARTESIAN_POINT('Ctrl Pts',(-153.865194422765,-67.0626210684682,7.15679515310572));
#5663=CARTESIAN_POINT('Ctrl Pts',(-153.779437515227,-66.8896159592132,7.16900332661029));
#5664=CARTESIAN_POINT('Ctrl Pts',(-153.73714222578,-66.6950343751531,7.18121150011485));
#5665=CARTESIAN_POINT('Ctrl Pts',(-153.737496316273,-66.5002957910232,7.19341967361941));
#5666=CARTESIAN_POINT('Origin',(-155.00000230968,-66.5000009909272,12.));
#5667=CARTESIAN_POINT('',(-153.735546551403,-66.4988436123582,7.69341967361942));
#5668=CARTESIAN_POINT('',(-153.733372143739,-66.5000848964839,7.55658032638059));
#5669=CARTESIAN_POINT('',(-153.73550230968,-66.5000009909272,12.));
#5670=CARTESIAN_POINT('Ctrl Pts',(-153.733372143739,-66.5000848964839,7.55658032638059));
#5671=CARTESIAN_POINT('Ctrl Pts',(-153.733368305114,-66.5043174980495,7.55631275271416));
#5672=CARTESIAN_POINT('Ctrl Pts',(-153.733387673681,-66.5085500620772,7.55604517904773));
#5673=CARTESIAN_POINT('Ctrl Pts',(-153.73343035534,-66.5127823894065,7.55577760538131));
#5674=CARTESIAN_POINT('Ctrl Pts',(-153.737651980496,-66.931400128399,7.52931200512506));
#5675=CARTESIAN_POINT('Ctrl Pts',(-153.969948054026,-67.3477022228869,7.50284640486881));
#5676=CARTESIAN_POINT('Ctrl Pts',(-154.323985114523,-67.5711470035398,7.47638080461256));
#5677=CARTESIAN_POINT('Ctrl Pts',(-154.67802217502,-67.7945917841927,7.4499152043563));
#5678=CARTESIAN_POINT('Ctrl Pts',(-155.153800222484,-67.8251792510107,7.42344960410005));
#5679=CARTESIAN_POINT('Ctrl Pts',(-155.533494631154,-67.6488302552554,7.39698400384379));
#5680=CARTESIAN_POINT('Ctrl Pts',(-155.913189039825,-67.4724812595,7.37051840358754));
#5681=CARTESIAN_POINT('Ctrl Pts',(-156.196799809702,-67.0891958011714,7.34405280333129));
#5682=CARTESIAN_POINT('Ctrl Pts',(-156.254532580312,-66.6745971665999,7.31758720307504));
#5683=CARTESIAN_POINT('Ctrl Pts',(-156.312265350922,-66.2599985320283,7.29112160281878));
#5684=CARTESIAN_POINT('Ctrl Pts',(-156.144120122264,-65.8140867212137,7.26465600256253));
#5685=CARTESIAN_POINT('Ctrl Pts',(-155.826991098899,-65.5406605814599,7.23819040230627));
#5686=CARTESIAN_POINT('Ctrl Pts',(-155.509862075533,-65.267234441706,7.21172480205002));
#5687=CARTESIAN_POINT('Ctrl Pts',(-155.043749257459,-65.1662939730129,7.18525920179377));
#5688=CARTESIAN_POINT('Ctrl Pts',(-154.642214996313,-65.2847377956231,7.15879360153752));
#5689=CARTESIAN_POINT('Ctrl Pts',(-154.240680735167,-65.4031816182333,7.13232800128127));
#5690=CARTESIAN_POINT('Ctrl Pts',(-153.903725030949,-65.7410097321469,7.10586240102501));
#5691=CARTESIAN_POINT('Ctrl Pts',(-153.785414906476,-66.1418556609832,7.07939680076876));
#5692=CARTESIAN_POINT('Ctrl Pts',(-153.751415804512,-66.2570478448034,7.07179130930603));
#5693=CARTESIAN_POINT('Ctrl Pts',(-153.735473127667,-66.3774442337926,7.06418581784331));
#5694=CARTESIAN_POINT('Ctrl Pts',(-153.736529963072,-66.4981029786009,7.05658032638059));
#5695=CARTESIAN_POINT('Ctrl Pts',(-153.737496316273,-66.5002957910232,7.19341967361941));
#5696=CARTESIAN_POINT('Ctrl Pts',(-153.737909844084,-66.2728685597571,7.2076771003711));
#5697=CARTESIAN_POINT('Ctrl Pts',(-153.796492644597,-66.0452271968933,7.2219345271228));
#5698=CARTESIAN_POINT('Ctrl Pts',(-153.91195095473,-65.8514894369062,7.23619195387448));
#5699=CARTESIAN_POINT('Ctrl Pts',(-154.126272482413,-65.4918602976753,7.26265755413074));
#5700=CARTESIAN_POINT('Ctrl Pts',(-154.536571639485,-65.2490538078402,7.28912315438699));
#5701=CARTESIAN_POINT('Ctrl Pts',(-154.954959443802,-65.2341714351185,7.31558875464324));
#5702=CARTESIAN_POINT('Ctrl Pts',(-155.373347248119,-65.2192890623968,7.34205435489949));
#5703=CARTESIAN_POINT('Ctrl Pts',(-155.799823699681,-65.4323308067887,7.36851995515575));
#5704=CARTESIAN_POINT('Ctrl Pts',(-156.039180865444,-65.7757937796016,7.394985555412));
#5705=CARTESIAN_POINT('Ctrl Pts',(-156.278538031206,-66.1192567524146,7.42145115566825));
#5706=CARTESIAN_POINT('Ctrl Pts',(-156.330775911169,-66.5931409536487,7.44791675592451));
#5707=CARTESIAN_POINT('Ctrl Pts',(-156.171967107995,-66.9804955008407,7.47438235618076));
#5708=CARTESIAN_POINT('Ctrl Pts',(-156.01315830482,-67.3678500480327,7.50084795643701));
#5709=CARTESIAN_POINT('Ctrl Pts',(-155.643302818509,-67.6686749411826,7.52731355669326));
#5710=CARTESIAN_POINT('Ctrl Pts',(-155.231722753528,-67.7452617557875,7.55377915694952));
#5711=CARTESIAN_POINT('Ctrl Pts',(-154.820142688548,-67.8218485703925,7.58024475720577));
#5712=CARTESIAN_POINT('Ctrl Pts',(-154.366838044898,-67.6741973064525,7.60671035746203));
#5713=CARTESIAN_POINT('Ctrl Pts',(-154.079323435301,-67.36989825747,7.63317595771828));
#5714=CARTESIAN_POINT('Ctrl Pts',(-153.861166679736,-67.1390060139742,7.65325719635199));
#5715=CARTESIAN_POINT('Ctrl Pts',(-153.738459920909,-66.8179272242431,7.6733384349857));
#5716=CARTESIAN_POINT('Ctrl Pts',(-153.735546551403,-66.4988436123582,7.69341967361942));
#5717=CARTESIAN_POINT('Origin',(-155.00000230968,-66.5000009909272,12.));
#5718=CARTESIAN_POINT('',(-153.733541173732,-66.5004289434724,8.19341967361941));
#5719=CARTESIAN_POINT('',(-153.736345025182,-66.5010626903601,8.05658032638059));
#5720=CARTESIAN_POINT('',(-153.73550230968,-66.5000009909272,12.));
#5721=CARTESIAN_POINT('Ctrl Pts',(-153.736345025182,-66.5010626903601,8.05658032638059));
#5722=CARTESIAN_POINT('Ctrl Pts',(-153.735314799312,-66.6306220539207,8.04843968758501));
#5723=CARTESIAN_POINT('Ctrl Pts',(-153.753644796971,-66.7598969001399,8.04029904878944));
#5724=CARTESIAN_POINT('Ctrl Pts',(-153.792546858062,-66.8826522943413,8.03215840999387));
#5725=CARTESIAN_POINT('Ctrl Pts',(-153.919019291471,-67.2817358642939,8.00569280973761));
#5726=CARTESIAN_POINT('Ctrl Pts',(-154.262924185755,-67.6119133422303,7.97922720948136));
#5727=CARTESIAN_POINT('Ctrl Pts',(-154.666825899339,-67.7220336776836,7.9527616092251));
#5728=CARTESIAN_POINT('Ctrl Pts',(-155.070727612923,-67.8321540131368,7.92629600896885));
#5729=CARTESIAN_POINT('Ctrl Pts',(-155.534626145807,-67.7222172061068,7.8998304087126));
#5730=CARTESIAN_POINT('Ctrl Pts',(-155.846153793851,-67.4425501474758,7.87336480845635));
#5731=CARTESIAN_POINT('Ctrl Pts',(-156.157681441895,-67.1628830888448,7.84689920820009));
#5732=CARTESIAN_POINT('Ctrl Pts',(-156.3168382051,-66.7134857786128,7.82043360794384));
#5733=CARTESIAN_POINT('Ctrl Pts',(-156.250764404083,-66.3000891361408,7.79396800768759));
#5734=CARTESIAN_POINT('Ctrl Pts',(-156.184690603065,-65.8866924936688,7.76750240743134));
#5735=CARTESIAN_POINT('Ctrl Pts',(-155.893386237826,-65.5092965189569,7.74103680717508));
#5736=CARTESIAN_POINT('Ctrl Pts',(-155.510206139212,-65.3406647547967,7.71457120691883));
#5737=CARTESIAN_POINT('Ctrl Pts',(-155.127026040598,-65.1720329906365,7.68810560666258));
#5738=CARTESIAN_POINT('Ctrl Pts',(-154.651970208608,-65.2121654370281,7.66164000640632));
#5739=CARTESIAN_POINT('Ctrl Pts',(-154.302515881005,-65.4426983519725,7.63517440615007));
#5740=CARTESIAN_POINT('Ctrl Pts',(-153.956594621791,-65.6709005229819,7.60897637956024));
#5741=CARTESIAN_POINT('Ctrl Pts',(-153.733747981956,-66.0856726344648,7.58277835297041));
#5742=CARTESIAN_POINT('Ctrl Pts',(-153.733372143739,-66.5000848964839,7.55658032638059));
#5743=CARTESIAN_POINT('Ctrl Pts',(-153.735546551403,-66.4988436123582,7.69341967361942));
#5744=CARTESIAN_POINT('Ctrl Pts',(-153.734620313494,-66.3973984175045,7.69980403524196));
#5745=CARTESIAN_POINT('Ctrl Pts',(-153.745802477138,-66.2961548899939,7.7061883968645));
#5746=CARTESIAN_POINT('Ctrl Pts',(-153.769875322009,-66.1980753075329,7.71257275848704));
#5747=CARTESIAN_POINT('Ctrl Pts',(-153.869666393859,-65.7914982406033,7.73903835874329));
#5748=CARTESIAN_POINT('Ctrl Pts',(-154.190973113103,-65.4392909407689,7.76550395899954));
#5749=CARTESIAN_POINT('Ctrl Pts',(-154.586704203472,-65.302689268107,7.79196955925579));
#5750=CARTESIAN_POINT('Ctrl Pts',(-154.982435293841,-65.1660875954452,7.81843515951205));
#5751=CARTESIAN_POINT('Ctrl Pts',(-155.452590755335,-65.245091549956,7.8449007597683));
#5752=CARTESIAN_POINT('Ctrl Pts',(-155.78193910363,-65.5035343252646,7.87136636002455));
#5753=CARTESIAN_POINT('Ctrl Pts',(-156.111287451925,-65.7619771005733,7.8978319602808));
#5754=CARTESIAN_POINT('Ctrl Pts',(-156.29982868702,-66.1998586966799,7.92429756053706));
#5755=CARTESIAN_POINT('Ctrl Pts',(-156.261250610906,-66.6167217496957,7.95076316079331));
#5756=CARTESIAN_POINT('Ctrl Pts',(-156.222672534793,-67.0335848027115,7.97722876104956));
#5757=CARTESIAN_POINT('Ctrl Pts',(-155.95697514747,-67.4294293126365,8.00369436130581));
#5758=CARTESIAN_POINT('Ctrl Pts',(-155.585791771134,-67.6230422327816,8.03015996156207));
#5759=CARTESIAN_POINT('Ctrl Pts',(-155.214608394797,-67.8166551529267,8.05662556181832));
#5760=CARTESIAN_POINT('Ctrl Pts',(-154.737939029447,-67.808036483292,8.08309116207457));
#5761=CARTESIAN_POINT('Ctrl Pts',(-154.373997454511,-67.6011317191562,8.10955676233083));
#5762=CARTESIAN_POINT('Ctrl Pts',(-154.010055879576,-67.3942269550204,8.13602236258708));
#5763=CARTESIAN_POINT('Ctrl Pts',(-153.758842095056,-66.9890360963835,8.16248796284333));
#5764=CARTESIAN_POINT('Ctrl Pts',(-153.735358933954,-66.5710509286101,8.18895356309958));
#5765=CARTESIAN_POINT('Ctrl Pts',(-153.73403799417,-66.5475390498335,8.19044226660619));
#5766=CARTESIAN_POINT('Ctrl Pts',(-153.733437621373,-66.5239866883293,8.1919309701128));
#5767=CARTESIAN_POINT('Ctrl Pts',(-153.733541173732,-66.5004289434724,8.19341967361941));
#5768=CARTESIAN_POINT('Origin',(-155.00000230968,-66.5000009909272,12.));
#5769=CARTESIAN_POINT('',(-153.736814081677,-66.500893040151,8.69341967361942));
#5770=CARTESIAN_POINT('',(-153.737145160606,-66.4993182629663,8.55658032638059));
#5771=CARTESIAN_POINT('',(-153.73550230968,-66.5000009909272,12.));
#5772=CARTESIAN_POINT('Ctrl Pts',(-153.737145160606,-66.4993182629663,8.55658032638059));
#5773=CARTESIAN_POINT('Ctrl Pts',(-153.738395863428,-66.754584871426,8.54056662245586));
#5774=CARTESIAN_POINT('Ctrl Pts',(-153.813452747253,-67.0105277944734,8.52455291853114));
#5775=CARTESIAN_POINT('Ctrl Pts',(-153.957256347,-67.2190639477805,8.50853921460642));
#5776=CARTESIAN_POINT('Ctrl Pts',(-154.194918327278,-67.5637084159402,8.48207361435016));
#5777=CARTESIAN_POINT('Ctrl Pts',(-154.620352753816,-67.7788676424568,8.45560801409391));
#5778=CARTESIAN_POINT('Ctrl Pts',(-155.038800583473,-67.7660441846003,8.42914241383766));
#5779=CARTESIAN_POINT('Ctrl Pts',(-155.45724841313,-67.7532207267438,8.4026768135814));
#5780=CARTESIAN_POINT('Ctrl Pts',(-155.868709645905,-67.5124145845142,8.37621121332515));
#5781=CARTESIAN_POINT('Ctrl Pts',(-156.084822003809,-67.1538640612434,8.3497456130689));
#5782=CARTESIAN_POINT('Ctrl Pts',(-156.300934361713,-66.7953135379726,8.32328001281265));
#5783=CARTESIAN_POINT('Ctrl Pts',(-156.321697844746,-66.3190186336606,8.2968144125564));
#5784=CARTESIAN_POINT('Ctrl Pts',(-156.137607172199,-65.9430217649211,8.27034881230014));
#5785=CARTESIAN_POINT('Ctrl Pts',(-155.953516499653,-65.5670248961815,8.24388321204389));
#5786=CARTESIAN_POINT('Ctrl Pts',(-155.564571671527,-65.2913260630143,8.21741761178764));
#5787=CARTESIAN_POINT('Ctrl Pts',(-155.148827196828,-65.2421370081981,8.19095201153138));
#5788=CARTESIAN_POINT('Ctrl Pts',(-154.733082722129,-65.1929479533819,8.16448641127513));
#5789=CARTESIAN_POINT('Ctrl Pts',(-154.290538600858,-65.3702686769167,8.13802081101888));
#5790=CARTESIAN_POINT('Ctrl Pts',(-154.023786526489,-65.6929238696684,8.11155521076262));
#5791=CARTESIAN_POINT('Ctrl Pts',(-153.83908557752,-65.9163325176875,8.09323024930194));
#5792=CARTESIAN_POINT('Ctrl Pts',(-153.738664112151,-66.2094184590243,8.07490528784127));
#5793=CARTESIAN_POINT('Ctrl Pts',(-153.736345025182,-66.5010626903601,8.05658032638059));
#5794=CARTESIAN_POINT('Ctrl Pts',(-153.733541173732,-66.5004289434724,8.19341967361941));
#5795=CARTESIAN_POINT('Ctrl Pts',(-153.735278535512,-66.1051861309628,8.21839657036906));
#5796=CARTESIAN_POINT('Ctrl Pts',(-153.935162677694,-65.7084279669895,8.2433734671187));
#5797=CARTESIAN_POINT('Ctrl Pts',(-154.254599145725,-65.4759184379107,8.26835036386835));
#5798=CARTESIAN_POINT('Ctrl Pts',(-154.59307505628,-65.229550591895,8.2948159641246));
#5799=CARTESIAN_POINT('Ctrl Pts',(-155.065779415074,-65.1675943767736,8.32128156438085));
#5800=CARTESIAN_POINT('Ctrl Pts',(-155.456313544117,-65.3184126472755,8.3477471646371));
#5801=CARTESIAN_POINT('Ctrl Pts',(-155.846847673159,-65.4692309177773,8.37421276489336));
#5802=CARTESIAN_POINT('Ctrl Pts',(-156.155211572451,-65.8328236739025,8.40067836514961));
#5803=CARTESIAN_POINT('Ctrl Pts',(-156.240239752137,-66.242742283143,8.42714396540586));
#5804=CARTESIAN_POINT('Ctrl Pts',(-156.325267931823,-66.6526608923836,8.45360956566211));
#5805=CARTESIAN_POINT('Ctrl Pts',(-156.186960391904,-67.1089053547396,8.48007516591837));
#5806=CARTESIAN_POINT('Ctrl Pts',(-155.888632752941,-67.4026121424142,8.50654076617462));
#5807=CARTESIAN_POINT('Ctrl Pts',(-155.590305113978,-67.6963189300889,8.53300636643087));
#5808=CARTESIAN_POINT('Ctrl Pts',(-155.13195737597,-67.8274880430822,8.55947196668713));
#5809=CARTESIAN_POINT('Ctrl Pts',(-154.723415922796,-67.7360717520804,8.58593756694338));
#5810=CARTESIAN_POINT('Ctrl Pts',(-154.314874469621,-67.6446554610787,8.61240316719963));
#5811=CARTESIAN_POINT('Ctrl Pts',(-153.956139301281,-67.3306537660818,8.63886876745589));
#5812=CARTESIAN_POINT('Ctrl Pts',(-153.811435300251,-66.9378130739396,8.66533436771214));
#5813=CARTESIAN_POINT('Ctrl Pts',(-153.760248651726,-66.7988521724321,8.6746961363479));
#5814=CARTESIAN_POINT('Ctrl Pts',(-153.735843159916,-66.6500263546866,8.68405790498366));
#5815=CARTESIAN_POINT('Ctrl Pts',(-153.736814081677,-66.500893040151,8.69341967361942));
#5816=CARTESIAN_POINT('Origin',(-155.00000230968,-66.5000009909272,12.));
#5817=CARTESIAN_POINT('',(-153.736768315123,-66.4990871941066,9.19341967361941));
#5818=CARTESIAN_POINT('',(-153.733854364127,-66.4992989173251,9.05658032638059));
#5819=CARTESIAN_POINT('',(-153.73550230968,-66.5000009909272,12.));
#5820=CARTESIAN_POINT('Ctrl Pts',(-153.733854364127,-66.4992989173251,9.05658032638059));
#5821=CARTESIAN_POINT('Ctrl Pts',(-153.736376258431,-66.877538647853,9.03269355732671));
#5822=CARTESIAN_POINT('Ctrl Pts',(-153.917053118874,-67.2578685679212,9.00880678827284));
#5823=CARTESIAN_POINT('Ctrl Pts',(-154.213153881887,-67.4925936715663,8.98492001921897));
#5824=CARTESIAN_POINT('Ctrl Pts',(-154.541221876841,-67.752659850846,8.95845441896271));
#5825=CARTESIAN_POINT('Ctrl Pts',(-155.010981577932,-67.8339849340317,8.93198881870646));
#5826=CARTESIAN_POINT('Ctrl Pts',(-155.407382333862,-67.6993392225441,8.90552321845021));
#5827=CARTESIAN_POINT('Ctrl Pts',(-155.803783089792,-67.5646935110565,8.87905761819396));
#5828=CARTESIAN_POINT('Ctrl Pts',(-156.126824900561,-67.2140770048956,8.8525920179377));
#5829=CARTESIAN_POINT('Ctrl Pts',(-156.228622897242,-66.8079979549214,8.82612641768145));
#5830=CARTESIAN_POINT('Ctrl Pts',(-156.330420893923,-66.4019189049471,8.7996608174252));
#5831=CARTESIAN_POINT('Ctrl Pts',(-156.210975076516,-65.9403773111595,8.77319521716895));
#5832=CARTESIAN_POINT('Ctrl Pts',(-155.924966382537,-65.6346616690508,8.74672961691269));
#5833=CARTESIAN_POINT('Ctrl Pts',(-155.638957688559,-65.3289460269422,8.72026401665644));
#5834=CARTESIAN_POINT('Ctrl Pts',(-155.186386118009,-65.1790563365126,8.69379841640019));
#5835=CARTESIAN_POINT('Ctrl Pts',(-154.774433791272,-65.2536103936198,8.66733281614393));
#5836=CARTESIAN_POINT('Ctrl Pts',(-154.362481464536,-65.3281644507271,8.64086721588768));
#5837=CARTESIAN_POINT('Ctrl Pts',(-153.991148381613,-65.6271622553712,8.61440161563143));
#5838=CARTESIAN_POINT('Ctrl Pts',(-153.83042660716,-66.0137260125947,8.58793601537517));
#5839=CARTESIAN_POINT('Ctrl Pts',(-153.766953747729,-66.1663892538174,8.57748411904365));
#5840=CARTESIAN_POINT('Ctrl Pts',(-153.73632884626,-66.3327097043802,8.56703222271212));
#5841=CARTESIAN_POINT('Ctrl Pts',(-153.737145160606,-66.4993182629663,8.55658032638059));
#5842=CARTESIAN_POINT('Ctrl Pts',(-153.736814081677,-66.500893040151,8.69341967361942));
#5843=CARTESIAN_POINT('Ctrl Pts',(-153.738587943323,-66.2284283809539,8.71052350523991));
#5844=CARTESIAN_POINT('Ctrl Pts',(-153.825065286384,-65.9549373336669,8.72762733686041));
#5845=CARTESIAN_POINT('Ctrl Pts',(-153.987679610314,-65.7387036060676,8.7447311684809));
#5846=CARTESIAN_POINT('Ctrl Pts',(-154.239300755129,-65.4041145196252,8.77119676873715));
#5847=CARTESIAN_POINT('Ctrl Pts',(-154.673215878482,-65.206616036028,8.7976623689934));
#5848=CARTESIAN_POINT('Ctrl Pts',(-155.090783569345,-65.2366207161097,8.82412796924965));
#5849=CARTESIAN_POINT('Ctrl Pts',(-155.508351260208,-65.2666253961913,8.8505935695059));
#5850=CARTESIAN_POINT('Ctrl Pts',(-155.909571518582,-65.5241332399519,8.87705916976216));
#5851=CARTESIAN_POINT('Ctrl Pts',(-156.110770270905,-65.8912600836359,8.90352477001842));
#5852=CARTESIAN_POINT('Ctrl Pts',(-156.311969023228,-66.2583869273199,8.92999037027467));
#5853=CARTESIAN_POINT('Ctrl Pts',(-156.3131462695,-66.7351327709274,8.95645597053092));
#5854=CARTESIAN_POINT('Ctrl Pts',(-156.113763079771,-67.1032487865244,8.98292157078717));
#5855=CARTESIAN_POINT('Ctrl Pts',(-155.914379890042,-67.4713648021215,9.00938717104343));
#5856=CARTESIAN_POINT('Ctrl Pts',(-155.514436264312,-67.730850989708,9.03585277129968));
#5857=CARTESIAN_POINT('Ctrl Pts',(-155.097021848201,-67.7629175222301,9.06231837155593));
#5858=CARTESIAN_POINT('Ctrl Pts',(-154.679607432089,-67.7949840547521,9.08878397181219));
#5859=CARTESIAN_POINT('Ctrl Pts',(-154.244722225597,-67.5996309322096,9.11524957206844));
#5860=CARTESIAN_POINT('Ctrl Pts',(-153.991451732837,-67.2662885934894,9.14171517232469));
#5861=CARTESIAN_POINT('Ctrl Pts',(-153.826517826256,-67.0492105850928,9.1589500060896));
#5862=CARTESIAN_POINT('Ctrl Pts',(-153.738603603455,-66.7736137178618,9.17618483985451));
#5863=CARTESIAN_POINT('Ctrl Pts',(-153.736768315123,-66.4990871941066,9.19341967361941));
#5864=CARTESIAN_POINT('Origin',(-155.00000230968,-66.5000009909272,12.));
#5865=CARTESIAN_POINT('',(-153.73351282164,-66.4996088555082,9.69341967361942));
#5866=CARTESIAN_POINT('',(-153.735021102599,-66.501120017536,9.55658032638059));
#5867=CARTESIAN_POINT('',(-153.73550230968,-66.5000009909272,12.));
#5868=CARTESIAN_POINT('Ctrl Pts',(-153.735021102599,-66.501120017536,9.55658032638059));
#5869=CARTESIAN_POINT('Ctrl Pts',(-153.734247761234,-66.5851538550708,9.55128609245382));
#5870=CARTESIAN_POINT('Ctrl Pts',(-153.741905558647,-66.669047478496,9.54599185852705));
#5871=CARTESIAN_POINT('Ctrl Pts',(-153.758509590643,-66.7511314481496,9.54069762460028));
#5872=CARTESIAN_POINT('Ctrl Pts',(-153.841512283673,-67.1614649465081,9.51423202434403));
#5873=CARTESIAN_POINT('Ctrl Pts',(-154.148076739438,-67.5265761355995,9.48776642408778));
#5874=CARTESIAN_POINT('Ctrl Pts',(-154.537861234865,-67.6793212633446,9.46130082383152));
#5875=CARTESIAN_POINT('Ctrl Pts',(-154.927645730292,-67.8320663910897,9.43483522357527));
#5876=CARTESIAN_POINT('Ctrl Pts',(-155.400650265381,-67.7724454574885,9.40836962331901));
#5877=CARTESIAN_POINT('Ctrl Pts',(-155.740338740699,-67.5277522482222,9.38190402306276));
#5878=CARTESIAN_POINT('Ctrl Pts',(-156.080027216017,-67.2830590389558,9.35543842280651));
#5879=CARTESIAN_POINT('Ctrl Pts',(-156.286399631565,-66.8532935540243,9.32897282255026));
#5880=CARTESIAN_POINT('Ctrl Pts',(-156.264981041378,-66.4351975472029,9.30250722229401));
#5881=CARTESIAN_POINT('Ctrl Pts',(-156.24356245119,-66.0171015403815,9.27604162203775));
#5882=CARTESIAN_POINT('Ctrl Pts',(-155.994352855268,-65.6106750116702,9.2495760217815));
#5883=CARTESIAN_POINT('Ctrl Pts',(-155.631437573813,-65.4019754059902,9.22311042152524));
#5884=CARTESIAN_POINT('Ctrl Pts',(-155.268522292358,-65.1932758003102,9.19664482126899));
#5885=CARTESIAN_POINT('Ctrl Pts',(-154.79190132537,-65.1823031176615,9.17017922101274));
#5886=CARTESIAN_POINT('Ctrl Pts',(-154.419766333695,-65.3740805274248,9.14371362075648));
#5887=CARTESIAN_POINT('Ctrl Pts',(-154.04763134202,-65.5658579371882,9.11724802050023));
#5888=CARTESIAN_POINT('Ctrl Pts',(-153.779982325657,-65.9603854393635,9.09078242024398));
#5889=CARTESIAN_POINT('Ctrl Pts',(-153.739345961885,-66.3770528281381,9.06431681998773));
#5890=CARTESIAN_POINT('Ctrl Pts',(-153.73538631911,-66.4176532623917,9.06173798878535));
#5891=CARTESIAN_POINT('Ctrl Pts',(-153.733582098769,-66.4584639087535,9.05915915758297));
#5892=CARTESIAN_POINT('Ctrl Pts',(-153.733854364127,-66.4992989173251,9.05658032638059));
#5893=CARTESIAN_POINT('Ctrl Pts',(-153.736768315123,-66.4990871941066,9.19341967361941));
#5894=CARTESIAN_POINT('Ctrl Pts',(-153.735785357105,-66.3520541405227,9.20265044011076));
#5895=CARTESIAN_POINT('Ctrl Pts',(-153.759494509735,-66.2053281195443,9.2118812066021));
#5896=CARTESIAN_POINT('Ctrl Pts',(-153.809287596866,-66.068064156913,9.22111197309345));
#5897=CARTESIAN_POINT('Ctrl Pts',(-153.952049732683,-65.6745136139546,9.2475775733497));
#5898=CARTESIAN_POINT('Ctrl Pts',(-154.309229783346,-65.3587440829356,9.27404317360596));
#5899=CARTESIAN_POINT('Ctrl Pts',(-154.717314781793,-65.2653112657458,9.30050877386221));
#5900=CARTESIAN_POINT('Ctrl Pts',(-155.125399780241,-65.1718784485561,9.32697437411846));
#5901=CARTESIAN_POINT('Ctrl Pts',(-155.584389726473,-65.3007823451955,9.35343997437471));
#5902=CARTESIAN_POINT('Ctrl Pts',(-155.88416424053,-65.5930122170569,9.37990557463096));
#5903=CARTESIAN_POINT('Ctrl Pts',(-156.183938754587,-65.8852420889183,9.40637117488722));
#5904=CARTESIAN_POINT('Ctrl Pts',(-156.324497836467,-66.3407979360018,9.43283677514347));
#5905=CARTESIAN_POINT('Ctrl Pts',(-156.241495136249,-66.7511314699013,9.45930237539972));
#5906=CARTESIAN_POINT('Ctrl Pts',(-156.15849243603,-67.1614650038008,9.48576797565598));
#5907=CARTESIAN_POINT('Ctrl Pts',(-155.851927953712,-67.5265762245164,9.51223357591223));
#5908=CARTESIAN_POINT('Ctrl Pts',(-155.462143424523,-67.6793213654915,9.53869917616849));
#5909=CARTESIAN_POINT('Ctrl Pts',(-155.072358895335,-67.8320665064667,9.56516477642474));
#5910=CARTESIAN_POINT('Ctrl Pts',(-154.599354319277,-67.7724455677014,9.59163037668099));
#5911=CARTESIAN_POINT('Ctrl Pts',(-154.259665814537,-67.5277523372409,9.61809597693725));
#5912=CARTESIAN_POINT('Ctrl Pts',(-153.937403536337,-67.2956120180728,9.6432038758313));
#5913=CARTESIAN_POINT('Ctrl Pts',(-153.735129793525,-66.8969009846485,9.66831177472536));
#5914=CARTESIAN_POINT('Ctrl Pts',(-153.73351282164,-66.4996088555082,9.69341967361942));
#5915=CARTESIAN_POINT('Origin',(-155.00000230968,-66.5000009909272,12.));
#5916=CARTESIAN_POINT('',(-153.735609100808,-66.5011578569049,10.1934196736194));
#5917=CARTESIAN_POINT('',(-153.737515765176,-66.5000181532335,10.0565803263806));
#5918=CARTESIAN_POINT('',(-153.73550230968,-66.5000009909272,12.));
#5919=CARTESIAN_POINT('Ctrl Pts',(-153.737515765176,-66.5000181532335,10.0565803263806));
#5920=CARTESIAN_POINT('Ctrl Pts',(-153.737490346783,-66.7100656223016,10.0434130273247));
#5921=CARTESIAN_POINT('Ctrl Pts',(-153.787043513473,-66.9201018115564,10.0302457282688));
#5922=CARTESIAN_POINT('Ctrl Pts',(-153.886241636058,-67.1032487342741,10.0170784292128));
#5923=CARTESIAN_POINT('Ctrl Pts',(-154.085624808517,-67.4713647179867,9.99061282895658));
#5924=CARTESIAN_POINT('Ctrl Pts',(-154.485568399606,-67.7308508830979,9.96414722870032));
#5925=CARTESIAN_POINT('Ctrl Pts',(-154.902982779563,-67.7629174128425,9.93768162844407));
#5926=CARTESIAN_POINT('Ctrl Pts',(-155.32039715952,-67.7949839425871,9.91121602818781));
#5927=CARTESIAN_POINT('Ctrl Pts',(-155.755282328344,-67.5996308369651,9.88475042793156));
#5928=CARTESIAN_POINT('Ctrl Pts',(-156.008552799167,-67.2662885271174,9.85828482767531));
#5929=CARTESIAN_POINT('Ctrl Pts',(-156.261823269991,-66.9329462172697,9.83181922741906));
#5930=CARTESIAN_POINT('Ctrl Pts',(-156.333479042812,-66.4616147031962,9.80535362716281));
#5931=CARTESIAN_POINT('Ctrl Pts',(-156.19071691936,-66.0680641943252,9.77888802690656));
#5932=CARTESIAN_POINT('Ctrl Pts',(-156.047954795909,-65.6745136854542,9.7524224266503));
#5933=CARTESIAN_POINT('Ctrl Pts',(-155.690774776183,-65.3587441817857,9.72595682639405));
#5934=CARTESIAN_POINT('Ctrl Pts',(-155.282689813082,-65.2653113726886,9.6994912261378));
#5935=CARTESIAN_POINT('Ctrl Pts',(-154.874604849981,-65.1718785635915,9.67302562588154));
#5936=CARTESIAN_POINT('Ctrl Pts',(-154.415614943504,-65.3007824490659,9.64656002562529));
#5937=CARTESIAN_POINT('Ctrl Pts',(-154.115840455412,-65.5930122956158,9.62009442536904));
#5938=CARTESIAN_POINT('Ctrl Pts',(-153.876033481749,-65.8267838735816,9.59892305903955));
#5939=CARTESIAN_POINT('Ctrl Pts',(-153.738113654525,-66.1650730685097,9.57775169271007));
#5940=CARTESIAN_POINT('Ctrl Pts',(-153.735021102599,-66.501120017536,9.55658032638059));
#5941=CARTESIAN_POINT('Ctrl Pts',(-153.73351282164,-66.4996088555082,9.69341967361942));
#5942=CARTESIAN_POINT('Ctrl Pts',(-153.733425384417,-66.4781254144923,9.69477737498161));
#5943=CARTESIAN_POINT('Ctrl Pts',(-153.73392468164,-66.4566461224519,9.69613507634381));
#5944=CARTESIAN_POINT('Ctrl Pts',(-153.735023468416,-66.4351975415899,9.697492777706));
#5945=CARTESIAN_POINT('Ctrl Pts',(-153.756442060458,-66.0171014985551,9.72395837796225));
#5946=CARTESIAN_POINT('Ctrl Pts',(-154.005651677966,-65.6106749346412,9.75042397821851));
#5947=CARTESIAN_POINT('Ctrl Pts',(-154.368566990855,-65.4019753108846,9.77688957847476));
#5948=CARTESIAN_POINT('Ctrl Pts',(-154.731482303744,-65.1932756871281,9.80335517873101));
#5949=CARTESIAN_POINT('Ctrl Pts',(-155.208103312014,-65.182303003529,9.82982077898727));
#5950=CARTESIAN_POINT('Ctrl Pts',(-155.580238335922,-65.3740804299032,9.85628637924352));
#5951=CARTESIAN_POINT('Ctrl Pts',(-155.95237335983,-65.5658578562773,9.88275197949977));
#5952=CARTESIAN_POINT('Ctrl Pts',(-156.220022399375,-65.9603853926247,9.90921757975602));
#5953=CARTESIAN_POINT('Ctrl Pts',(-156.260658766667,-66.3770528174889,9.93568318001227));
#5954=CARTESIAN_POINT('Ctrl Pts',(-156.301295133958,-66.7937202423532,9.96214878026853));
#5955=CARTESIAN_POINT('Ctrl Pts',(-156.114918828997,-67.2325275557343,9.98861438052478));
#5956=CARTESIAN_POINT('Ctrl Pts',(-155.786850805626,-67.4925937575397,10.015079980781));
#5957=CARTESIAN_POINT('Ctrl Pts',(-155.458782782256,-67.7526599593452,10.0415455810373));
#5958=CARTESIAN_POINT('Ctrl Pts',(-154.989023040477,-67.8339850495748,10.0680111812935));
#5959=CARTESIAN_POINT('Ctrl Pts',(-154.592622250213,-67.6993393264248,10.0944767815498));
#5960=CARTESIAN_POINT('Ctrl Pts',(-154.196221459949,-67.5646936032749,10.120942381806));
#5961=CARTESIAN_POINT('Ctrl Pts',(-153.8731796212,-67.2140770667452,10.1474079820623));
#5962=CARTESIAN_POINT('Ctrl Pts',(-153.771381615701,-66.8079979815985,10.1738735823186));
#5963=CARTESIAN_POINT('Ctrl Pts',(-153.746320743091,-66.7080284765706,10.1803889460855));
#5964=CARTESIAN_POINT('Ctrl Pts',(-153.734668519225,-66.6046976221124,10.1869043098525));
#5965=CARTESIAN_POINT('Ctrl Pts',(-153.735609100808,-66.5011578569049,10.1934196736194));
#5966=CARTESIAN_POINT('Origin',(-155.00000230968,-66.5000009909272,12.));
#5967=CARTESIAN_POINT('',(-153.737450509674,-66.4997015165485,10.6934196736194));
#5968=CARTESIAN_POINT('',(-153.735084131981,-66.4988732790055,10.5565803263806));
#5969=CARTESIAN_POINT('',(-153.73550230968,-66.5000009909272,12.));
#5970=CARTESIAN_POINT('Ctrl Pts',(-153.735084131981,-66.4988732790055,10.5565803263806));
#5971=CARTESIAN_POINT('Ctrl Pts',(-153.738164991766,-66.8328836723415,10.5355399621955));
#5972=CARTESIAN_POINT('Ctrl Pts',(-153.874199101442,-67.1691128357563,10.5144995980105));
#5973=CARTESIAN_POINT('Ctrl Pts',(-154.111371943388,-67.4026120642343,10.4934592338254));
#5974=CARTESIAN_POINT('Ctrl Pts',(-154.409699556512,-67.6963188264693,10.4669936335691));
#5975=CARTESIAN_POINT('Ctrl Pts',(-154.86804725482,-67.8274879281018,10.4405280333129));
#5976=CARTESIAN_POINT('Ctrl Pts',(-155.276588672608,-67.7360716450182,10.4140624330566));
#5977=CARTESIAN_POINT('Ctrl Pts',(-155.685130090396,-67.6446553619346,10.3875968328004));
#5978=CARTESIAN_POINT('Ctrl Pts',(-156.043865227664,-67.3306536941348,10.3611312325441));
#5979=CARTESIAN_POINT('Ctrl Pts',(-156.188569216162,-66.9378130360184,10.3346656322879));
#5980=CARTESIAN_POINT('Ctrl Pts',(-156.333273204659,-66.5449723779021,10.3082000320316));
#5981=CARTESIAN_POINT('Ctrl Pts',(-156.263946044385,-66.0732927294692,10.2817344317754));
#5982=CARTESIAN_POINT('Ctrl Pts',(-156.012324921364,-65.7387036720074,10.2552688315191));
#5983=CARTESIAN_POINT('Ctrl Pts',(-155.760703798342,-65.4041146145455,10.2288032312629));
#5984=CARTESIAN_POINT('Ctrl Pts',(-155.326788712573,-65.2066161480546,10.2023376310066));
#5985=CARTESIAN_POINT('Ctrl Pts',(-154.909221057878,-65.2366208255374,10.1758720307504));
#5986=CARTESIAN_POINT('Ctrl Pts',(-154.491653403182,-65.2666255030202,10.1494064304941));
#5987=CARTESIAN_POINT('Ctrl Pts',(-154.09043317956,-65.5241333244767,10.1229408302378));
#5988=CARTESIAN_POINT('Ctrl Pts',(-153.889234444664,-65.891260136362,10.0964752299816));
#5989=CARTESIAN_POINT('Ctrl Pts',(-153.788137120142,-66.0757321632912,10.0831769287813));
#5990=CARTESIAN_POINT('Ctrl Pts',(-153.737541436457,-66.2878809109507,10.0698786275809));
#5991=CARTESIAN_POINT('Ctrl Pts',(-153.737515765176,-66.5000181532335,10.0565803263806));
#5992=CARTESIAN_POINT('Ctrl Pts',(-153.735609100808,-66.5011578569049,10.1934196736194));
#5993=CARTESIAN_POINT('Ctrl Pts',(-153.738489189424,-66.1841160345569,10.2133699101087));
#5994=CARTESIAN_POINT('Ctrl Pts',(-153.859439737557,-65.8651154597881,10.233320146598));
#5995=CARTESIAN_POINT('Ctrl Pts',(-154.075038156707,-65.6346615940995,10.2532703830873));
#5996=CARTESIAN_POINT('Ctrl Pts',(-154.361046875458,-65.3289459255111,10.2797359833436));
#5997=CARTESIAN_POINT('Ctrl Pts',(-154.813618485207,-65.1790562220982,10.3062015835998));
#5998=CARTESIAN_POINT('Ctrl Pts',(-155.225570847625,-65.2536102856633,10.3326671838561));
#5999=CARTESIAN_POINT('Ctrl Pts',(-155.637523210043,-65.3281643492284,10.3591327841123));
#6000=CARTESIAN_POINT('Ctrl Pts',(-156.008856325129,-65.6271621797715,10.3855983843686));
#6001=CARTESIAN_POINT('Ctrl Pts',(-156.169578113503,-66.0137259704766,10.4120639846248));
#6002=CARTESIAN_POINT('Ctrl Pts',(-156.330299901877,-66.4002897611816,10.4385295848811));
#6003=CARTESIAN_POINT('Ctrl Pts',(-156.28041036354,-66.8744195120486,10.4649951851373));
#6004=CARTESIAN_POINT('Ctrl Pts',(-156.042748362677,-67.2190640100609,10.4914607853936));
#6005=CARTESIAN_POINT('Ctrl Pts',(-155.805086361815,-67.5637085080732,10.5179263856498));
#6006=CARTESIAN_POINT('Ctrl Pts',(-155.379651898427,-67.7788677532308,10.5443919859061));
#6007=CARTESIAN_POINT('Ctrl Pts',(-154.961204032526,-67.7660442942612,10.5708575861624));
#6008=CARTESIAN_POINT('Ctrl Pts',(-154.542756166625,-67.7532208352916,10.5973231864186));
#6009=CARTESIAN_POINT('Ctrl Pts',(-154.131294898212,-67.5124146721947,10.6237887866749));
#6010=CARTESIAN_POINT('Ctrl Pts',(-153.915182521589,-67.1538641178728,10.6502543869311));
#6011=CARTESIAN_POINT('Ctrl Pts',(-153.797689718309,-66.9589326178665,10.6646428158272));
#6012=CARTESIAN_POINT('Ctrl Pts',(-153.737936572707,-66.7291991756507,10.6790312447233));
#6013=CARTESIAN_POINT('Ctrl Pts',(-153.737450509674,-66.4997015165485,10.6934196736194));
#6014=CARTESIAN_POINT('Origin',(-155.00000230968,-66.5000009909272,12.));
#6015=CARTESIAN_POINT('',(-153.734510556683,-66.4989960926712,11.1934196736194));
#6016=CARTESIAN_POINT('',(-153.733810185652,-66.5006727361341,11.0565803263806));
#6017=CARTESIAN_POINT('',(-153.73550230968,-66.5000009909272,12.));
#6018=CARTESIAN_POINT('Ctrl Pts',(-153.733810185652,-66.5006727361341,11.0565803263806));
#6019=CARTESIAN_POINT('Ctrl Pts',(-153.733560780954,-66.5394298046565,11.0541324973226));
#6020=CARTESIAN_POINT('Ctrl Pts',(-153.735185994278,-66.5781656745304,11.0516846682647));
#6021=CARTESIAN_POINT('Ctrl Pts',(-153.738754117675,-66.6167217396178,11.0492368392067));
#6022=CARTESIAN_POINT('Ctrl Pts',(-153.777332190429,-67.0335847565579,11.0227712389504));
#6023=CARTESIAN_POINT('Ctrl Pts',(-154.043029554779,-67.4294292321337,10.9963056386942));
#6024=CARTESIAN_POINT('Ctrl Pts',(-154.414212898976,-67.6230421354933,10.9698400384379));
#6025=CARTESIAN_POINT('Ctrl Pts',(-154.785396243172,-67.816655038853,10.9433744381817));
#6026=CARTESIAN_POINT('Ctrl Pts',(-155.262065567214,-67.8080363699965,10.9169088379254));
#6027=CARTESIAN_POINT('Ctrl Pts',(-155.626007110622,-67.6011316237897,10.8904432376692));
#6028=CARTESIAN_POINT('Ctrl Pts',(-155.989948654029,-67.3942268775829,10.8639776374129));
#6029=CARTESIAN_POINT('Ctrl Pts',(-156.241162416801,-66.9890360540257,10.8375120371567));
#6030=CARTESIAN_POINT('Ctrl Pts',(-156.264645575872,-66.5710509224521,10.8110464369004));
#6031=CARTESIAN_POINT('Ctrl Pts',(-156.288128734942,-66.1530657908784,10.7845808366442));
#6032=CARTESIAN_POINT('Ctrl Pts',(-156.08388129031,-65.7222863512883,10.7581152363879));
#6033=CARTESIAN_POINT('Ctrl Pts',(-155.74540540907,-65.4759185266137,10.7316496361317));
#6034=CARTESIAN_POINT('Ctrl Pts',(-155.406929527831,-65.2295507019392,10.7051840358754));
#6035=CARTESIAN_POINT('Ctrl Pts',(-154.934225209983,-65.1675944921801,10.6787184356192));
#6036=CARTESIAN_POINT('Ctrl Pts',(-154.543691114767,-65.3184127496178,10.6522528353629));
#6037=CARTESIAN_POINT('Ctrl Pts',(-154.153157019552,-65.4692310070555,10.6257872351066));
#6038=CARTESIAN_POINT('Ctrl Pts',(-153.844793146968,-65.83282373169,10.5993216348504));
#6039=CARTESIAN_POINT('Ctrl Pts',(-153.759764974646,-66.242742305426,10.5728560345941));
#6040=CARTESIAN_POINT('Ctrl Pts',(-153.74233488037,-66.3267723297197,10.567430798523));
#6041=CARTESIAN_POINT('Ctrl Pts',(-153.734289735482,-66.412749045692,10.5620055624518));
#6042=CARTESIAN_POINT('Ctrl Pts',(-153.735084131981,-66.4988732790055,10.5565803263806));
#6043=CARTESIAN_POINT('Ctrl Pts',(-153.737450509674,-66.4997015165485,10.6934196736194));
#6044=CARTESIAN_POINT('Ctrl Pts',(-153.737042524439,-66.3070687714625,10.7054968449796));
#6045=CARTESIAN_POINT('Ctrl Pts',(-153.778390382256,-66.1146021442662,10.7175740163397));
#6046=CARTESIAN_POINT('Ctrl Pts',(-153.862397348627,-65.9430217166881,10.7296511876999));
#6047=CARTESIAN_POINT('Ctrl Pts',(-154.046488037118,-65.5670248153721,10.7561167879561));
#6048=CARTESIAN_POINT('Ctrl Pts',(-154.435432898933,-65.2913259582868,10.7825823882124));
#6049=CARTESIAN_POINT('Ctrl Pts',(-154.851177409642,-65.2421368992286,10.8090479884686));
#6050=CARTESIAN_POINT('Ctrl Pts',(-155.266921920351,-65.1929478401705,10.8355135887249));
#6051=CARTESIAN_POINT('Ctrl Pts',(-155.709466079954,-65.3702685791395,10.8619791889811));
#6052=CARTESIAN_POINT('Ctrl Pts',(-155.976218177426,-65.6929237998018,10.8884447892374));
#6053=CARTESIAN_POINT('Ctrl Pts',(-156.242970274898,-66.0155790204642,10.9149103894936));
#6054=CARTESIAN_POINT('Ctrl Pts',(-156.333930310238,-66.48356872282,10.9413759897499));
#6055=CARTESIAN_POINT('Ctrl Pts',(-156.20745786588,-66.8826523274092,10.9678415900061));
#6056=CARTESIAN_POINT('Ctrl Pts',(-156.080985421522,-67.2817359319984,10.9943071902624));
#6057=CARTESIAN_POINT('Ctrl Pts',(-155.737080497466,-67.6119134388212,11.0207727905186));
#6058=CARTESIAN_POINT('Ctrl Pts',(-155.333178748885,-67.7220337836775,11.0472383907749));
#6059=CARTESIAN_POINT('Ctrl Pts',(-154.929277000303,-67.8321541285338,11.0737039910312));
#6060=CARTESIAN_POINT('Ctrl Pts',(-154.465378427195,-67.7222173114237,11.1001695912874));
#6061=CARTESIAN_POINT('Ctrl Pts',(-154.153850752202,-67.4425502288277,11.1266351915437));
#6062=CARTESIAN_POINT('Ctrl Pts',(-153.891809785498,-67.2073087444862,11.1488966855689));
#6063=CARTESIAN_POINT('Ctrl Pts',(-153.737575864637,-66.8519779337812,11.1711581795942));
#6064=CARTESIAN_POINT('Ctrl Pts',(-153.734510556683,-66.4989960926712,11.1934196736194));
#6065=CARTESIAN_POINT('Origin',(-155.00000230968,-66.5000009909272,12.));
#6066=CARTESIAN_POINT('',(-153.734279554014,-66.5009058077506,11.6934196736194));
#6067=CARTESIAN_POINT('',(-153.737112404544,-66.5007094978825,11.5565803263806));
#6068=CARTESIAN_POINT('',(-153.73550230968,-66.5000009909272,12.));
#6069=CARTESIAN_POINT('',(-155.958118462402,-67.3252122898637,12.));
#6070=CARTESIAN_POINT('Ctrl Pts',(-153.734279554014,-66.5009058077506,11.6934196736194));
#6071=CARTESIAN_POINT('Ctrl Pts',(-153.737222765561,-66.1396788104585,11.7162163149775));
#6072=CARTESIAN_POINT('Ctrl Pts',(-153.899848339174,-65.7761811825135,11.7390129563356));
#6073=CARTESIAN_POINT('Ctrl Pts',(-154.17301341523,-65.5406604424727,11.7618095976937));
#6074=CARTESIAN_POINT('Ctrl Pts',(-154.490142486715,-65.2672342978024,11.78827519795));
#6075=CARTESIAN_POINT('Ctrl Pts',(-154.95625543417,-65.1662939376071,11.8147407982062));
#6076=CARTESIAN_POINT('Ctrl Pts',(-155.357789604938,-65.2847376673308,11.8412063984625));
#6077=CARTESIAN_POINT('Ctrl Pts',(-155.759323775705,-65.4031813970545,11.8676719987187));
#6078=CARTESIAN_POINT('Ctrl Pts',(-156.096279169786,-65.7410092166972,11.894137598975));
#6079=CARTESIAN_POINT('Ctrl Pts',(-156.214589321381,-66.1418552008282,11.9206031992312));
#6080=CARTESIAN_POINT('Ctrl Pts',(-156.332899472977,-66.5427011849591,11.9470687994875));
#6081=CARTESIAN_POINT('Ctrl Pts',(-156.232564382087,-67.0065653335783,11.9735343997437));
#6082=CARTESIAN_POINT('Ctrl Pts',(-155.958118462402,-67.3252122898637,12.));
#6083=CARTESIAN_POINT('',(-154.040023300547,-67.3265920724449,12.));
#6084=CARTESIAN_POINT('Origin',(-155.00000230968,-66.5000009909272,12.));
#6085=CARTESIAN_POINT('Ctrl Pts',(-154.040020787055,-67.3265939341406,12.));
#6086=CARTESIAN_POINT('Ctrl Pts',(-154.306900916608,-67.6353735127692,11.974200549221));
#6087=CARTESIAN_POINT('Ctrl Pts',(-154.737095797973,-67.8045441540319,11.948401098442));
#6088=CARTESIAN_POINT('Ctrl Pts',(-155.14268150981,-67.7585267652286,11.922601647663));
#6089=CARTESIAN_POINT('Ctrl Pts',(-155.558739565117,-67.7113211937869,11.8961360474068));
#6090=CARTESIAN_POINT('Ctrl Pts',(-155.948901212141,-67.4376716914374,11.8696704471505));
#6091=CARTESIAN_POINT('Ctrl Pts',(-156.13481009158,-67.0626210426759,11.8432048468943));
#6092=CARTESIAN_POINT('Ctrl Pts',(-156.32071897102,-66.6875703939144,11.816739246638));
#6093=CARTESIAN_POINT('Ctrl Pts',(-156.302375082875,-66.2111185987409,11.7902736463818));
#6094=CARTESIAN_POINT('Ctrl Pts',(-156.088053574656,-65.8514894795163,11.7638080461255));
#6095=CARTESIAN_POINT('Ctrl Pts',(-155.873732066437,-65.4918603602918,11.7373424458693));
#6096=CARTESIAN_POINT('Ctrl Pts',(-155.463432938143,-65.2490539170162,11.710876845613));
#6097=CARTESIAN_POINT('Ctrl Pts',(-155.045045168953,-65.234171551661,11.6844112453568));
#6098=CARTESIAN_POINT('Ctrl Pts',(-154.626657399763,-65.2192891863058,11.6579456451005));
#6099=CARTESIAN_POINT('Ctrl Pts',(-154.200180989677,-65.4323308988709,11.6314800448443));
#6100=CARTESIAN_POINT('Ctrl Pts',(-153.960823845518,-65.7757938387323,11.605014444588));
#6101=CARTESIAN_POINT('Ctrl Pts',(-153.81480974795,-65.9853151855378,11.5888697385189));
#6102=CARTESIAN_POINT('Ctrl Pts',(-153.738428680373,-66.2433704189353,11.5727250324497));
#6103=CARTESIAN_POINT('Ctrl Pts',(-153.737112404544,-66.5007094978825,11.5565803263806));
#6104=CARTESIAN_POINT('Origin',(-155.00000230968,-66.5000009909272,13.1042117235887));
#6105=CARTESIAN_POINT('',(-153.454402985009,-66.5001033762764,7.39578827641127));
#6106=CARTESIAN_POINT('',(-153.459435486567,-66.5003607193164,7.35421172358872));
#6107=CARTESIAN_POINT('',(-153.45700230968,-66.5000009909273,13.1042117235887));
#6108=CARTESIAN_POINT('',(-155.398516151537,-65.0093515627087,7.));
#6109=CARTESIAN_POINT('Ctrl Pts',(-153.459435486567,-66.5003607193164,7.35421172358872));
#6110=CARTESIAN_POINT('Ctrl Pts',(-153.459003409358,-66.7379895333239,7.34200355008416));
#6111=CARTESIAN_POINT('Ctrl Pts',(-153.622498589132,-67.490157244742,7.30332977632334));
#6112=CARTESIAN_POINT('Ctrl Pts',(-154.794298725595,-68.3120284634646,7.23819040230629));
#6113=CARTESIAN_POINT('Ctrl Pts',(-156.412177273454,-67.6558836486423,7.15879360153752));
#6114=CARTESIAN_POINT('Ctrl Pts',(-156.734423210982,-65.9391676846311,7.07939680076876));
#6115=CARTESIAN_POINT('Ctrl Pts',(-155.894271182742,-65.1418879179143,7.02646560025625));
#6116=CARTESIAN_POINT('Ctrl Pts',(-155.398516151537,-65.0093515627087,7.));
#6117=CARTESIAN_POINT('',(-154.601488467823,-65.0093515627087,7.));
#6118=CARTESIAN_POINT('Origin',(-155.00000230968,-66.5000009909272,7.));
#6119=CARTESIAN_POINT('Ctrl Pts',(-153.454402985009,-66.5001033762764,7.39578827641127));
#6120=CARTESIAN_POINT('Ctrl Pts',(-153.454398300945,-66.5052681878349,7.39552070274485));
#6121=CARTESIAN_POINT('Ctrl Pts',(-153.456759604038,-67.0212777899382,7.36878752882217));
#6122=CARTESIAN_POINT('Ctrl Pts',(-154.026541752133,-68.0423949274307,7.31558875464325));
#6123=CARTESIAN_POINT('Ctrl Pts',(-155.768239325649,-68.1543675521046,7.23619195387448));
#6124=CARTESIAN_POINT('Ctrl Pts',(-156.806463330205,-66.7512608802161,7.15679515310572));
#6125=CARTESIAN_POINT('Ctrl Pts',(-156.196092548136,-65.1325914545404,7.07806450181423));
#6126=CARTESIAN_POINT('Ctrl Pts',(-155.081901555136,-64.8788853890135,7.02579945077899));
#6127=CARTESIAN_POINT('Ctrl Pts',(-154.600557917694,-65.0066761913984,7.));
#6128=CARTESIAN_POINT('Origin',(-155.00000230968,-66.5000009909272,13.1042117235887));
#6129=CARTESIAN_POINT('',(-153.458030629189,-66.5012965245176,7.89578827641127));
#6130=CARTESIAN_POINT('',(-153.457056295428,-66.4985887053345,7.85421172358873));
#6131=CARTESIAN_POINT('',(-153.45700230968,-66.5000009909273,13.1042117235887));
#6132=CARTESIAN_POINT('Ctrl Pts',(-153.457056295428,-66.4985887053345,7.85421172358873));
#6133=CARTESIAN_POINT('Ctrl Pts',(-153.460611320456,-66.8879489371562,7.83413048495501));
#6134=CARTESIAN_POINT('Ctrl Pts',(-153.80767987929,-67.7961006468897,7.78758364606504));
#6135=CARTESIAN_POINT('Ctrl Pts',(-155.333672273891,-68.2931498366168,7.71457120691883));
#6136=CARTESIAN_POINT('Ctrl Pts',(-156.687615370874,-67.1919094804356,7.63517440615007));
#6137=CARTESIAN_POINT('Ctrl Pts',(-156.496386310892,-65.4571447769856,7.55577760538132));
#6138=CARTESIAN_POINT('Ctrl Pts',(-154.935168838151,-64.6772553070055,7.47638080461254));
#6139=CARTESIAN_POINT('Ctrl Pts',(-153.664121467137,-65.4294346504206,7.40919217734836));
#6140=CARTESIAN_POINT('Ctrl Pts',(-153.459940091875,-66.2228437419787,7.36846915034041));
#6141=CARTESIAN_POINT('Ctrl Pts',(-153.459435486567,-66.5003607193164,7.35421172358872));
#6142=CARTESIAN_POINT('Ctrl Pts',(-153.458030629189,-66.5012965245176,7.89578827641128));
#6143=CARTESIAN_POINT('Ctrl Pts',(-153.456773501062,-66.6593907103412,7.8876476376157));
#6144=CARTESIAN_POINT('Ctrl Pts',(-153.551857058079,-67.3299806602109,7.85304139856387));
#6145=CARTESIAN_POINT('Ctrl Pts',(-154.520234580668,-68.2597041198451,7.79196955925579));
#6146=CARTESIAN_POINT('Ctrl Pts',(-156.218444393811,-67.8572545510496,7.71257275848703));
#6147=CARTESIAN_POINT('Ctrl Pts',(-156.801075201936,-66.2121298780057,7.63317595771828));
#6148=CARTESIAN_POINT('Ctrl Pts',(-155.734686979957,-64.8305830476844,7.55377915694952));
#6149=CARTESIAN_POINT('Ctrl Pts',(-154.001493998557,-64.9770022046094,7.47464992984718));
#6150=CARTESIAN_POINT('Ctrl Pts',(-153.454861599773,-65.9944188208825,7.4219863030011));
#6151=CARTESIAN_POINT('Ctrl Pts',(-153.454402985009,-66.5001033762764,7.39578827641127));
#6152=CARTESIAN_POINT('Origin',(-155.00000230968,-66.5000009909272,13.1042117235887));
#6153=CARTESIAN_POINT('',(-153.459006990565,-66.49916789544,8.39578827641127));
#6154=CARTESIAN_POINT('',(-153.454609243039,-66.5005231979476,8.35421172358873));
#6155=CARTESIAN_POINT('',(-153.45700230968,-66.5000009909273,13.1042117235887));
#6156=CARTESIAN_POINT('Ctrl Pts',(-153.454609243039,-66.5005231979476,8.35421172358873));
#6157=CARTESIAN_POINT('Ctrl Pts',(-153.454482883775,-66.5292694219999,8.35272302008212));
#6158=CARTESIAN_POINT('Ctrl Pts',(-153.468239403246,-67.0689316472339,8.32476871631926));
#6159=CARTESIAN_POINT('Ctrl Pts',(-154.098567377188,-68.0856080747329,8.27034881230013));
#6160=CARTESIAN_POINT('Ctrl Pts',(-155.843527829705,-68.1171587443568,8.19095201153139));
#6161=CARTESIAN_POINT('Ctrl Pts',(-156.816175679381,-66.6680767068378,8.11155521076261));
#6162=CARTESIAN_POINT('Ctrl Pts',(-156.125976092782,-65.0651080169386,8.03215840999387));
#6163=CARTESIAN_POINT('Ctrl Pts',(-154.404861319149,-64.7758954385042,7.9527616092251));
#6164=CARTESIAN_POINT('Ctrl Pts',(-153.526134660457,-65.7391306440401,7.89344604709006));
#6165=CARTESIAN_POINT('Ctrl Pts',(-153.455926058107,-66.3748006976958,7.86059608521127));
#6166=CARTESIAN_POINT('Ctrl Pts',(-153.457056295428,-66.4985887053345,7.85421172358873));
#6167=CARTESIAN_POINT('Ctrl Pts',(-153.459006990565,-66.49916789544,8.39578827641127));
#6168=CARTESIAN_POINT('Ctrl Pts',(-153.460533154626,-66.8106557379495,8.37977457248655));
#6169=CARTESIAN_POINT('Ctrl Pts',(-153.70348668918,-67.6391238894376,8.33729526830557));
#6170=CARTESIAN_POINT('Ctrl Pts',(-155.055871076348,-68.3230788318329,8.26835036386834));
#6171=CARTESIAN_POINT('Ctrl Pts',(-156.562121805107,-67.4415512459248,8.18895356309959));
#6172=CARTESIAN_POINT('Ctrl Pts',(-156.638131423896,-65.6979615962133,8.10955676233083));
#6173=CARTESIAN_POINT('Ctrl Pts',(-155.214307296261,-64.6887010989964,8.03015996156207));
#6174=CARTESIAN_POINT('Ctrl Pts',(-153.760374455289,-65.27126995697,7.95890379958888));
#6175=CARTESIAN_POINT('Ctrl Pts',(-153.46086048383,-66.1454190638999,7.91411323787195));
#6176=CARTESIAN_POINT('Ctrl Pts',(-153.458030629189,-66.5012965245176,7.89578827641128));
#6177=CARTESIAN_POINT('Origin',(-155.00000230968,-66.5000009909272,13.1042117235887));
#6178=CARTESIAN_POINT('',(-153.454991412101,-66.499144289015,8.89578827641127));
#6179=CARTESIAN_POINT('',(-153.458602993105,-66.5010895096716,8.85421172358873));
#6180=CARTESIAN_POINT('',(-153.45700230968,-66.5000009909273,13.1042117235887));
#6181=CARTESIAN_POINT('Ctrl Pts',(-153.458602993105,-66.5010895096716,8.85421172358873));
#6182=CARTESIAN_POINT('Ctrl Pts',(-153.457418230529,-66.68306871436,8.84484995495297));
#6183=CARTESIAN_POINT('Ctrl Pts',(-153.571388524299,-67.3780648365902,8.80902258606096));
#6184=CARTESIAN_POINT('Ctrl Pts',(-154.601723233,-68.2799191109935,8.74672961691269));
#6185=CARTESIAN_POINT('Ctrl Pts',(-156.279613054463,-67.7997436866788,8.66733281614394));
#6186=CARTESIAN_POINT('Ctrl Pts',(-156.785920371413,-66.1295534009959,8.58793601537517));
#6187=CARTESIAN_POINT('Ctrl Pts',(-155.657081708053,-64.7985365025355,8.50853921460642));
#6188=CARTESIAN_POINT('Ctrl Pts',(-153.959082244964,-65.0210891785454,8.43063111734426));
#6189=CARTESIAN_POINT('Ctrl Pts',(-153.456729250336,-66.0182300704646,8.37918862033837));
#6190=CARTESIAN_POINT('Ctrl Pts',(-153.454609243039,-66.5005231979476,8.35421172358873));
#6191=CARTESIAN_POINT('Ctrl Pts',(-153.454991412101,-66.499144289015,8.89578827641127));
#6192=CARTESIAN_POINT('Ctrl Pts',(-153.45806874141,-66.9606894880696,8.8719015073574));
#6193=CARTESIAN_POINT('Ctrl Pts',(-153.922810961206,-67.9389850532765,8.82154913804728));
#6194=CARTESIAN_POINT('Ctrl Pts',(-155.586621708411,-68.2270249747672,8.7447311684809));
#6195=CARTESIAN_POINT('Ctrl Pts',(-156.769192322923,-66.9435106948,8.66533436771214));
#6196=CARTESIAN_POINT('Ctrl Pts',(-156.33193278257,-65.2539290122036,8.58593756694338));
#6197=CARTESIAN_POINT('Ctrl Pts',(-154.675187982193,-64.7052225060758,8.50654076617462));
#6198=CARTESIAN_POINT('Ctrl Pts',(-153.590006331308,-65.5790119586632,8.44315766933058));
#6199=CARTESIAN_POINT('Ctrl Pts',(-153.458010886938,-66.2958646088458,8.4062401727428));
#6200=CARTESIAN_POINT('Ctrl Pts',(-153.459006990565,-66.49916789544,8.39578827641127));
#6201=CARTESIAN_POINT('Origin',(-155.00000230968,-66.5000009909272,13.1042117235887));
#6202=CARTESIAN_POINT('',(-153.45641511907,-66.5013664777263,9.39578827641127));
#6203=CARTESIAN_POINT('',(-153.45854714669,-66.4988859347831,9.35421172358873));
#6204=CARTESIAN_POINT('',(-153.45700230968,-66.5000009909273,13.1042117235887));
#6205=CARTESIAN_POINT('Ctrl Pts',(-153.45854714669,-66.4988859347831,9.35421172358873));
#6206=CARTESIAN_POINT('Ctrl Pts',(-153.460786648387,-66.8338755956406,9.33697688982382));
#6207=CARTESIAN_POINT('Ctrl Pts',(-153.732796657445,-67.6865829729447,9.29327645580266));
#6208=CARTESIAN_POINT('Ctrl Pts',(-155.139708578953,-68.318576503434,9.22311042152525));
#6209=CARTESIAN_POINT('Ctrl Pts',(-156.603796395089,-67.3686662129333,9.14371362075648));
#6210=CARTESIAN_POINT('Ctrl Pts',(-156.599486807907,-65.6234257937484,9.06431681998773));
#6211=CARTESIAN_POINT('Ctrl Pts',(-155.13072557737,-64.6807576966608,8.98492001921897));
#6212=CARTESIAN_POINT('Ctrl Pts',(-153.729572893263,-65.3184988481131,8.91488498708597));
#6213=CARTESIAN_POINT('Ctrl Pts',(-153.460767539187,-66.1686158290539,8.87131555520922));
#6214=CARTESIAN_POINT('Ctrl Pts',(-153.458602993105,-66.5010895096716,8.85421172358873));
#6215=CARTESIAN_POINT('Ctrl Pts',(-153.45641511907,-66.5013664777263,9.39578827641127));
#6216=CARTESIAN_POINT('Ctrl Pts',(-153.455471453016,-66.6039083609341,9.39049404248451));
#6217=CARTESIAN_POINT('Ctrl Pts',(-153.511527964195,-67.218025395609,9.35873420830148));
#6218=CARTESIAN_POINT('Ctrl Pts',(-154.334528051366,-68.1981994986357,9.30050877386221));
#6219=CARTESIAN_POINT('Ctrl Pts',(-156.066072529758,-67.9799430323329,9.22111197309344));
#6220=CARTESIAN_POINT('Ctrl Pts',(-156.821547351087,-66.4066852784791,9.1417151723247));
#6221=CARTESIAN_POINT('Ctrl Pts',(-155.909256944188,-64.9188652694602,9.06231837155593));
#6222=CARTESIAN_POINT('Ctrl Pts',(-154.164473665273,-64.8786971809027,8.98292157078717));
#6223=CARTESIAN_POINT('Ctrl Pts',(-153.4794548963,-65.8884477398214,8.92741153907228));
#6224=CARTESIAN_POINT('Ctrl Pts',(-153.454659181617,-66.4493155676025,8.89836710761365));
#6225=CARTESIAN_POINT('Ctrl Pts',(-153.454991412101,-66.499144289015,8.89578827641127));
#6226=CARTESIAN_POINT('Origin',(-155.00000230968,-66.5000009909272,13.1042117235887));
#6227=CARTESIAN_POINT('',(-153.459459218996,-66.5000219331484,9.89578827641127));
#6228=CARTESIAN_POINT('',(-153.454574646535,-66.4995224895816,9.85421172358873));
#6229=CARTESIAN_POINT('',(-153.45700230968,-66.5000009909273,13.1042117235887));
#6230=CARTESIAN_POINT('Ctrl Pts',(-153.454574646535,-66.4995224895816,9.85421172358873));
#6231=CARTESIAN_POINT('Ctrl Pts',(-153.456547748646,-66.9843162857568,9.82910382469467));
#6232=CARTESIAN_POINT('Ctrl Pts',(-153.963541760855,-67.9836753905879,9.77753032554436));
#6233=CARTESIAN_POINT('Ctrl Pts',(-155.665476625634,-68.1981996457253,9.69949122613779));
#6234=CARTESIAN_POINT('Ctrl Pts',(-156.787728099458,-66.8616240500809,9.62009442536904));
#6235=CARTESIAN_POINT('Ctrl Pts',(-156.273178482989,-65.1939546027505,9.54069762460028));
#6236=CARTESIAN_POINT('Ctrl Pts',(-154.5929377071,-64.7220715362864,9.46130082383152));
#6237=CARTESIAN_POINT('Ctrl Pts',(-153.569226902773,-65.6270959909893,9.39913885682767));
#6238=CARTESIAN_POINT('Ctrl Pts',(-153.45734769693,-66.3194695633478,9.36344249008007));
#6239=CARTESIAN_POINT('Ctrl Pts',(-153.45854714669,-66.4988859347831,9.35421172358873));
#6240=CARTESIAN_POINT('Ctrl Pts',(-153.459459218996,-66.5000219331484,9.89578827641127));
#6241=CARTESIAN_POINT('Ctrl Pts',(-153.459428202326,-66.7563313398483,9.88262097735536));
#6242=CARTESIAN_POINT('Ctrl Pts',(-153.641430826656,-67.5277681662381,9.84298807804318));
#6243=CARTESIAN_POINT('Ctrl Pts',(-154.860296052508,-68.3185763459181,9.77688957847476));
#6244=CARTESIAN_POINT('Ctrl Pts',(-156.452295614777,-67.6034403032734,9.697492777706));
#6245=CARTESIAN_POINT('Ctrl Pts',(-156.714608443873,-65.8780203122525,9.61809597693724));
#6246=CARTESIAN_POINT('Ctrl Pts',(-155.407066877002,-64.7220716902819,9.53869917616849));
#6247=CARTESIAN_POINT('Ctrl Pts',(-153.838865861144,-65.1624892273482,9.46459660932649));
#6248=CARTESIAN_POINT('Ctrl Pts',(-153.460188790578,-66.0913068159252,9.41695964274076));
#6249=CARTESIAN_POINT('Ctrl Pts',(-153.45641511907,-66.5013664777263,9.39578827641127));
#6250=CARTESIAN_POINT('Origin',(-155.00000230968,-66.5000009909272,13.1042117235887));
#6251=CARTESIAN_POINT('',(-153.456492030368,-66.4986249059172,10.3957882764113));
#6252=CARTESIAN_POINT('',(-153.457132621037,-66.5014126510328,10.3542117235887));
#6253=CARTESIAN_POINT('',(-153.45700230968,-66.5000009909273,13.1042117235887));
#6254=CARTESIAN_POINT('Ctrl Pts',(-153.457132621037,-66.5014126510328,10.3542117235887));
#6255=CARTESIAN_POINT('Ctrl Pts',(-153.455984880916,-66.6277565480001,10.3476963598218));
#6256=CARTESIAN_POINT('Ctrl Pts',(-153.527959701285,-67.2660226655932,10.3147153957986));
#6257=CARTESIAN_POINT('Ctrl Pts',(-154.413382860138,-68.2270251243537,10.2552688315191));
#6258=CARTESIAN_POINT('Ctrl Pts',(-156.133049008572,-67.9293154820655,10.1758720307504));
#6259=CARTESIAN_POINT('Ctrl Pts',(-156.815323358646,-66.3229579861058,10.0964752299816));
#6260=CARTESIAN_POINT('Ctrl Pts',(-155.835531026456,-64.8786970404733,10.0170784292128));
#6261=CARTESIAN_POINT('Ctrl Pts',(-154.090747596417,-64.91886513251,9.93768162844407));
#6262=CARTESIAN_POINT('Ctrl Pts',(-153.466953587192,-65.9361872499109,9.88339272656937));
#6263=CARTESIAN_POINT('Ctrl Pts',(-153.454467951689,-66.4733074247437,9.85556942495092));
#6264=CARTESIAN_POINT('Ctrl Pts',(-153.454574646535,-66.4995224895816,9.85421172358873));
#6265=CARTESIAN_POINT('Ctrl Pts',(-153.456492030368,-66.4986249059172,10.3957882764113));
#6266=CARTESIAN_POINT('Ctrl Pts',(-153.460251434598,-66.906199470502,10.3747479122262));
#6267=CARTESIAN_POINT('Ctrl Pts',(-153.835042990473,-67.8325542765674,10.3272419477849));
#6268=CARTESIAN_POINT('Ctrl Pts',(-155.398281351862,-68.2799189568264,10.2532703830873));
#6269=CARTESIAN_POINT('Ctrl Pts',(-156.711515792681,-67.1304419143232,10.1738735823186));
#6270=CARTESIAN_POINT('Ctrl Pts',(-156.457727398131,-65.4037474955049,10.0944767815498));
#6271=CARTESIAN_POINT('Ctrl Pts',(-154.869279053313,-64.6807578542345,10.015079980781));
#6272=CARTESIAN_POINT('Ctrl Pts',(-153.644099763137,-65.4670922195821,9.94885047906819));
#6273=CARTESIAN_POINT('Ctrl Pts',(-153.459490544252,-66.2411624908057,9.90908657761161));
#6274=CARTESIAN_POINT('Ctrl Pts',(-153.459459218996,-66.5000219331484,9.89578827641127));
#6275=CARTESIAN_POINT('Origin',(-155.00000230968,-66.5000009909272,13.1042117235887));
#6276=CARTESIAN_POINT('',(-153.454937503531,-66.5008206847622,10.8957882764113));
#6277=CARTESIAN_POINT('',(-153.459379591285,-66.4996355587672,10.8542117235887));
#6278=CARTESIAN_POINT('',(-153.45700230968,-66.5000009909273,13.1042117235887));
#6279=CARTESIAN_POINT('Ctrl Pts',(-153.459379591285,-66.4996355587672,10.8542117235887));
#6280=CARTESIAN_POINT('Ctrl Pts',(-153.459972707347,-66.7796789656432,10.8398232946926));
#6281=CARTESIAN_POINT('Ctrl Pts',(-153.667000849482,-67.5756418768607,10.7989692655403));
#6282=CARTESIAN_POINT('Ctrl Pts',(-154.944133538173,-68.3230789897511,10.7316496361317));
#6283=CARTESIAN_POINT('Ctrl Pts',(-156.501536567846,-67.5354379096129,10.6522528353629));
#6284=CARTESIAN_POINT('Ctrl Pts',(-156.684168970348,-65.7997743139124,10.5728560345941));
#6285=CARTESIAN_POINT('Ctrl Pts',(-155.324816665301,-64.7052223506193,10.4934592338254));
#6286=CARTESIAN_POINT('Ctrl Pts',(-153.804025511425,-65.2089016139597,10.4205777968236));
#6287=CARTESIAN_POINT('Ctrl Pts',(-153.460647035219,-66.1145439030036,10.374161960078));
#6288=CARTESIAN_POINT('Ctrl Pts',(-153.457132621037,-66.5014126510328,10.3542117235887));
#6289=CARTESIAN_POINT('Ctrl Pts',(-153.454937503531,-66.5008206847622,10.8957882764113));
#6290=CARTESIAN_POINT('Ctrl Pts',(-153.454633168657,-66.5481138098947,10.8933404473533));
#6291=CARTESIAN_POINT('Ctrl Pts',(-153.478057973717,-67.1064283321422,10.8644270180391));
#6292=CARTESIAN_POINT('Ctrl Pts',(-154.156476862769,-68.1171586042091,10.8090479884686));
#6293=CARTESIAN_POINT('Ctrl Pts',(-155.901437164067,-68.0856079374345,10.7296511876998));
#6294=CARTESIAN_POINT('Ctrl Pts',(-156.82106429564,-66.6023115181017,10.6502543869311));
#6295=CARTESIAN_POINT('Ctrl Pts',(-156.073368430712,-65.0253419444659,10.5708575861623));
#6296=CARTESIAN_POINT('Ctrl Pts',(-154.342922968224,-64.798536649903,10.4914607853936));
#6297=CARTESIAN_POINT('Ctrl Pts',(-153.513229636398,-65.7768304318627,10.4331043488099));
#6298=CARTESIAN_POINT('Ctrl Pts',(-153.455522671889,-66.3935322273859,10.4012135124825));
#6299=CARTESIAN_POINT('Ctrl Pts',(-153.456492030368,-66.4986249059172,10.3957882764113));
#6300=CARTESIAN_POINT('Origin',(-155.00000230968,-66.5000009909272,13.1042117235887));
#6301=CARTESIAN_POINT('',(-153.458967020138,-66.5008655431076,11.3957882764113));
#6302=CARTESIAN_POINT('',(-153.455792127889,-66.4987747686979,11.3542117235887));
#6303=CARTESIAN_POINT('',(-153.45700230968,-66.5000009909273,13.1042117235887));
#6304=CARTESIAN_POINT('Ctrl Pts',(-153.455792127889,-66.4987747686979,11.3542117235887));
#6305=CARTESIAN_POINT('Ctrl Pts',(-153.459532555072,-66.9294991505347,11.3319502295635));
#6306=CARTESIAN_POINT('Ctrl Pts',(-153.871481313282,-67.878564605176,11.283223135282));
#6307=CARTESIAN_POINT('Ctrl Pts',(-155.47977008029,-68.259704272958,11.2080304407442));
#6308=CARTESIAN_POINT('Ctrl Pts',(-156.738715033595,-67.0510117628097,11.1286336399755));
#6309=CARTESIAN_POINT('Ctrl Pts',(-156.405734406004,-65.337825260473,11.0492368392067));
#6310=CARTESIAN_POINT('Ctrl Pts',(-154.785697304537,-64.6887009420172,10.969840038438));
#6311=CARTESIAN_POINT('Ctrl Pts',(-153.619901006808,-65.515061535595,10.9048316665653));
#6312=CARTESIAN_POINT('Ctrl Pts',(-153.458881749279,-66.2645763846528,10.8662888949489));
#6313=CARTESIAN_POINT('Ctrl Pts',(-153.459379591285,-66.4996355587672,10.8542117235887));
#6314=CARTESIAN_POINT('Ctrl Pts',(-153.458967020138,-66.5008655431076,11.3957882764113));
#6315=CARTESIAN_POINT('Ctrl Pts',(-153.457940231199,-66.7016083616119,11.3854673822242));
#6316=CARTESIAN_POINT('Ctrl Pts',(-153.587702896264,-67.41583784871,11.3486808877808));
#6317=CARTESIAN_POINT('Ctrl Pts',(-154.666332376549,-68.2931496768108,11.2854287930812));
#6318=CARTESIAN_POINT('Ctrl Pts',(-156.325760616499,-67.7526375115408,11.2060319923124));
#6319=CARTESIAN_POINT('Ctrl Pts',(-156.77136205087,-66.0652332297754,11.1266351915436));
#6320=CARTESIAN_POINT('Ctrl Pts',(-155.595143248306,-64.7758955884371,11.0472383907749));
#6321=CARTESIAN_POINT('Ctrl Pts',(-153.92709114505,-65.056191624345,10.9702894190641));
#6322=CARTESIAN_POINT('Ctrl Pts',(-153.457923596604,-66.0367868687616,10.9198060476096));
#6323=CARTESIAN_POINT('Ctrl Pts',(-153.454937503531,-66.5008206847622,10.8957882764113));
#6324=CARTESIAN_POINT('Origin',(-155.00000230968,-66.5000009909272,13.1042117235887));
#6325=CARTESIAN_POINT('',(-153.458578108043,-66.4985184464554,11.8957882764113));
#6326=CARTESIAN_POINT('',(-153.455510248001,-66.5011050892731,11.8542117235887));
#6327=CARTESIAN_POINT('',(-153.45700230968,-66.5000009909273,13.1042117235887));
#6328=CARTESIAN_POINT('',(-154.601488467823,-65.0093515627087,12.));
#6329=CARTESIAN_POINT('Ctrl Pts',(-154.601488467823,-65.0093515627087,12.));
#6330=CARTESIAN_POINT('Ctrl Pts',(-154.105733436618,-65.1418879179143,11.9735343997437));
#6331=CARTESIAN_POINT('Ctrl Pts',(-153.554365442969,-65.6651190845674,11.9387971585475));
#6332=CARTESIAN_POINT('Ctrl Pts',(-153.457370581368,-66.3378865840817,11.9040599173513));
#6333=CARTESIAN_POINT('Ctrl Pts',(-153.458578108043,-66.4985184464554,11.8957882764113));
#6334=CARTESIAN_POINT('',(-155.399445434291,-65.0066796459208,12.));
#6335=CARTESIAN_POINT('Origin',(-155.00000230968,-66.5000009909272,12.));
#6336=CARTESIAN_POINT('Ctrl Pts',(-155.399446687392,-65.0066760429482,12.));
#6337=CARTESIAN_POINT('Ctrl Pts',(-154.918103144525,-64.8788853392325,11.974200549221));
#6338=CARTESIAN_POINT('Ctrl Pts',(-153.882127057382,-65.1147812337253,11.9256044570839));
#6339=CARTESIAN_POINT('Ctrl Pts',(-153.459101687635,-66.0603195955431,11.8770083649468));
#6340=CARTESIAN_POINT('Ctrl Pts',(-153.455510248001,-66.5011050892731,11.8542117235887));
#6341=CARTESIAN_POINT('Origin',(-30.5000004544854,61.0000009089708,13.1042117235887));
#6342=CARTESIAN_POINT('',(-28.9544414837593,60.9998962380425,7.39578827641127));
#6343=CARTESIAN_POINT('',(-28.9594747914731,60.9996304994638,7.35421172358873));
#6344=CARTESIAN_POINT('',(-28.9570004544854,61.0000009089708,13.1042117235887));
#6345=CARTESIAN_POINT('',(-30.8985142963427,62.4906503371893,7.));
#6346=CARTESIAN_POINT('Ctrl Pts',(-28.9594747914731,60.9996304994638,7.35421172358873));
#6347=CARTESIAN_POINT('Ctrl Pts',(-28.9590437695934,60.7620028636119,7.34200355008416));
#6348=CARTESIAN_POINT('Ctrl Pts',(-29.1225379900997,60.0098460629051,7.30332977632335));
#6349=CARTESIAN_POINT('Ctrl Pts',(-30.2943023314275,59.1881147895758,7.23819040230628));
#6350=CARTESIAN_POINT('Ctrl Pts',(-31.912117530255,59.8439944428882,7.15879360153752));
#6351=CARTESIAN_POINT('Ctrl Pts',(-32.2344883232512,61.5612968721944,7.07939680076876));
#6352=CARTESIAN_POINT('Ctrl Pts',(-31.3942693275472,62.3581139819837,7.02646560025625));
#6353=CARTESIAN_POINT('Ctrl Pts',(-30.8985142963427,62.4906503371893,7.));
#6354=CARTESIAN_POINT('',(-30.1014866126282,62.4906503371894,7.));
#6355=CARTESIAN_POINT('Origin',(-30.5000004544854,61.0000009089708,7.));
#6356=CARTESIAN_POINT('Ctrl Pts',(-28.9544414837593,60.9998962380425,7.39578827641127));
#6357=CARTESIAN_POINT('Ctrl Pts',(-28.9544368061403,60.9947315792443,7.39552070274485));
#6358=CARTESIAN_POINT('Ctrl Pts',(-28.9567986960255,60.4787372987085,7.36878752882217));
#6359=CARTESIAN_POINT('Ctrl Pts',(-29.5265706383237,59.4576625117234,7.31558875464324));
#6360=CARTESIAN_POINT('Ctrl Pts',(-31.2682062131204,59.3456519220037,7.23619195387449));
#6361=CARTESIAN_POINT('Ctrl Pts',(-32.3064374400058,60.7487929986977,7.15679515310572));
#6362=CARTESIAN_POINT('Ctrl Pts',(-31.6960068164768,62.3672978381435,7.07806450181423));
#6363=CARTESIAN_POINT('Ctrl Pts',(-30.5819469146755,62.6211221964386,7.02579945077899));
#6364=CARTESIAN_POINT('Ctrl Pts',(-30.1005706514525,62.4932986357698,7.));
#6365=CARTESIAN_POINT('Origin',(-30.5000004544854,61.0000009089708,13.1042117235887));
#6366=CARTESIAN_POINT('',(-28.9580695568908,60.9987053534459,7.89578827641127));
#6367=CARTESIAN_POINT('',(-28.9570952063095,61.0014131533425,7.85421172358873));
#6368=CARTESIAN_POINT('',(-28.9570004544854,61.0000009089708,13.1042117235887));
#6369=CARTESIAN_POINT('Ctrl Pts',(-28.9570952063095,61.0014131533425,7.85421172358873));
#6370=CARTESIAN_POINT('Ctrl Pts',(-28.9606502396923,60.6120629956772,7.83413048495501));
#6371=CARTESIAN_POINT('Ctrl Pts',(-29.3077099613358,59.7039346067961,7.78758364606505));
#6372=CARTESIAN_POINT('Ctrl Pts',(-30.8336606342949,59.2069016833609,7.71457120691883));
#6373=CARTESIAN_POINT('Ctrl Pts',(-32.1875705692311,60.3081064691224,7.63517440615007));
#6374=CARTESIAN_POINT('Ctrl Pts',(-31.9963422026035,62.0428375445269,7.55577760538131));
#6375=CARTESIAN_POINT('Ctrl Pts',(-30.4351728643597,62.8226834981722,7.47638080461256));
#6376=CARTESIAN_POINT('Ctrl Pts',(-29.1641507284443,62.0705600901234,7.40919217734836));
#6377=CARTESIAN_POINT('Ctrl Pts',(-28.9599781643056,61.277146100882,7.36846915034041));
#6378=CARTESIAN_POINT('Ctrl Pts',(-28.9594747914731,60.9996304994638,7.35421172358873));
#6379=CARTESIAN_POINT('Ctrl Pts',(-28.9580695568908,60.9987053534459,7.89578827641127));
#6380=CARTESIAN_POINT('Ctrl Pts',(-28.9568124616637,60.8406153427473,7.8876476376157));
#6381=CARTESIAN_POINT('Ctrl Pts',(-29.0518935051309,60.1700431322483,7.85304139856387));
#6382=CARTESIAN_POINT('Ctrl Pts',(-30.0202454566219,59.2403446872766,7.79196955925579));
#6383=CARTESIAN_POINT('Ctrl Pts',(-31.7184102165653,59.6427825694641,7.71257275848703));
#6384=CARTESIAN_POINT('Ctrl Pts',(-32.3010259115765,61.2878656910303,7.63317595771828));
#6385=CARTESIAN_POINT('Ctrl Pts',(-31.2346652281058,62.6693722919228,7.55377915694952));
#6386=CARTESIAN_POINT('Ctrl Pts',(-29.5015195789804,62.5229638347322,7.47464992984718));
#6387=CARTESIAN_POINT('Ctrl Pts',(-28.9548994674935,61.505565836742,7.4219863030011));
#6388=CARTESIAN_POINT('Ctrl Pts',(-28.9544414837593,60.9998962380425,7.39578827641127));
#6389=CARTESIAN_POINT('Origin',(-30.5000004544854,61.0000009089708,13.1042117235887));
#6390=CARTESIAN_POINT('',(-28.9590458978315,61.0008339819731,8.39578827641127));
#6391=CARTESIAN_POINT('',(-28.9546482250971,60.9994787190955,8.35421172358872));
#6392=CARTESIAN_POINT('',(-28.9570004544854,61.0000009089708,13.1042117235887));
#6393=CARTESIAN_POINT('Ctrl Pts',(-28.9546482250971,60.9994787190955,8.35421172358873));
#6394=CARTESIAN_POINT('Ctrl Pts',(-28.9545218692335,60.9707332546027,8.35272302008212));
#6395=CARTESIAN_POINT('Ctrl Pts',(-28.968278026613,60.4310852883607,8.32476871631925));
#6396=CARTESIAN_POINT('Ctrl Pts',(-29.598589357629,59.4144357047635,8.27034881230013));
#6397=CARTESIAN_POINT('Ctrl Pts',(-31.3435036569082,59.3828859352524,8.19095201153138));
#6398=CARTESIAN_POINT('Ctrl Pts',(-32.3161258780829,60.8319295496273,8.11155521076262));
#6399=CARTESIAN_POINT('Ctrl Pts',(-31.6259443906039,62.434856128458,8.03215840999387));
#6400=CARTESIAN_POINT('Ctrl Pts',(-29.9048753599759,62.7240605812493,7.95276160922511));
#6401=CARTESIAN_POINT('Ctrl Pts',(-29.0261715678383,61.7608515251522,7.89344604709006));
#6402=CARTESIAN_POINT('Ctrl Pts',(-28.9559649663322,61.1251979581382,7.86059608521127));
#6403=CARTESIAN_POINT('Ctrl Pts',(-28.9570952063095,61.0014131533425,7.85421172358873));
#6404=CARTESIAN_POINT('Ctrl Pts',(-28.9590458978315,61.0008339819731,8.39578827641127));
#6405=CARTESIAN_POINT('Ctrl Pts',(-28.9605720215151,60.6893543784076,8.37977457248655));
#6406=CARTESIAN_POINT('Ctrl Pts',(-29.2035191294445,59.8609081403682,8.33729526830558));
#6407=CARTESIAN_POINT('Ctrl Pts',(-30.5558677434964,59.1769712992633,8.26835036386834));
#6408=CARTESIAN_POINT('Ctrl Pts',(-32.0620786281557,60.0584755461912,8.18895356309959));
#6409=CARTESIAN_POINT('Ctrl Pts',(-32.1380862381181,61.8020191146452,8.10955676233083));
#6410=CARTESIAN_POINT('Ctrl Pts',(-30.7142997691248,62.8112528370992,8.03015996156206));
#6411=CARTESIAN_POINT('Ctrl Pts',(-29.2604053971781,62.2286995236138,7.95890379958888));
#6412=CARTESIAN_POINT('Ctrl Pts',(-28.9608993374728,61.3545734156604,7.91411323787195));
#6413=CARTESIAN_POINT('Ctrl Pts',(-28.9580695568908,60.9987053534459,7.89578827641127));
#6414=CARTESIAN_POINT('Origin',(-30.5000004544854,61.0000009089708,13.1042117235887));
#6415=CARTESIAN_POINT('',(-28.9550304256029,61.0008575882268,8.89578827641127));
#6416=CARTESIAN_POINT('',(-28.9586418717245,60.9989124190491,8.85421172358873));
#6417=CARTESIAN_POINT('',(-28.9570004544854,61.0000009089708,13.1042117235887));
#6418=CARTESIAN_POINT('Ctrl Pts',(-28.9586418717245,60.9989124190491,8.85421172358873));
#6419=CARTESIAN_POINT('Ctrl Pts',(-28.9574571404502,60.816938023452,8.84484995495297));
#6420=CARTESIAN_POINT('Ctrl Pts',(-29.0714244223744,60.1219602675713,8.80902258606096));
#6421=CARTESIAN_POINT('Ctrl Pts',(-30.1017319032188,59.2201298255878,8.7467296169127));
#6422=CARTESIAN_POINT('Ctrl Pts',(-31.779577383049,59.7002925617053,8.66733281614393));
#6423=CARTESIAN_POINT('Ctrl Pts',(-32.2858713216092,61.3704387077177,8.58793601537518));
#6424=CARTESIAN_POINT('Ctrl Pts',(-31.1570624865395,62.7014204365536,8.50853921460641));
#6425=CARTESIAN_POINT('Ctrl Pts',(-29.4591079013838,62.478873633093,8.43063111734427));
#6426=CARTESIAN_POINT('Ctrl Pts',(-28.9567681753379,61.4817591029794,8.37918862033837));
#6427=CARTESIAN_POINT('Ctrl Pts',(-28.9546482250971,60.9994787190955,8.35421172358873));
#6428=CARTESIAN_POINT('Ctrl Pts',(-28.9550304256029,61.0008575882268,8.89578827641127));
#6429=CARTESIAN_POINT('Ctrl Pts',(-28.9581076735104,60.5393245979754,8.8719015073574));
#6430=CARTESIAN_POINT('Ctrl Pts',(-29.4228375999261,59.5610549106336,8.82154913804727));
#6431=CARTESIAN_POINT('Ctrl Pts',(-31.0866043359322,59.2730226085715,8.74473116848089));
#6432=CARTESIAN_POINT('Ctrl Pts',(-32.2691436690389,60.5565029365886,8.66533436771214));
#6433=CARTESIAN_POINT('Ctrl Pts',(-31.8318956950886,62.2460399270295,8.58593756694337));
#6434=CARTESIAN_POINT('Ctrl Pts',(-30.1751947190006,62.794731917311,8.50654076617463));
#6435=CARTESIAN_POINT('Ctrl Pts',(-29.0900417734017,61.9209655804855,8.44315766933058));
#6436=CARTESIAN_POINT('Ctrl Pts',(-28.9580498205588,61.2041318911362,8.4062401727428));
#6437=CARTESIAN_POINT('Ctrl Pts',(-28.9590458978315,61.0008339819731,8.39578827641127));
#6438=CARTESIAN_POINT('Origin',(-30.5000004544854,61.0000009089708,13.1042117235887));
#6439=CARTESIAN_POINT('',(-28.9564540949121,60.9986354582919,9.39578827641127));
#6440=CARTESIAN_POINT('',(-28.9585860268242,61.0011159356482,9.35421172358873));
#6441=CARTESIAN_POINT('',(-28.9570004544854,61.0000009089708,13.1042117235887));
#6442=CARTESIAN_POINT('Ctrl Pts',(-28.9585860268242,61.0011159356481,9.35421172358873));
#6443=CARTESIAN_POINT('Ctrl Pts',(-28.9608254693386,60.6661351274094,9.33697688982382));
#6444=CARTESIAN_POINT('Ctrl Pts',(-29.2328282901123,59.8134502842139,9.29327645580266));
#6445=CARTESIAN_POINT('Ctrl Pts',(-30.6397030318096,59.1814734551189,9.22311042152524));
#6446=CARTESIAN_POINT('Ctrl Pts',(-32.1037521571533,60.1313586427957,9.14371362075649));
#6447=CARTESIAN_POINT('Ctrl Pts',(-32.0994426838873,61.8765529412724,9.06431681998773));
#6448=CARTESIAN_POINT('Ctrl Pts',(-30.6307202675744,62.8191961269803,8.98492001921896));
#6449=CARTESIAN_POINT('Ctrl Pts',(-29.2296046111836,62.1814718286853,8.91488498708597));
#6450=CARTESIAN_POINT('Ctrl Pts',(-28.9608063606175,61.3313773135186,8.87131555520922));
#6451=CARTESIAN_POINT('Ctrl Pts',(-28.9586418717245,60.9989124190491,8.85421172358873));
#6452=CARTESIAN_POINT('Ctrl Pts',(-28.9564540949121,60.9986354582919,9.39578827641127));
#6453=CARTESIAN_POINT('Ctrl Pts',(-28.9555104538199,60.8960962875265,9.3904940424845));
#6454=CARTESIAN_POINT('Ctrl Pts',(-29.0115654821894,60.2819954975025,9.35873420830148));
#6455=CARTESIAN_POINT('Ctrl Pts',(-29.8345437993258,59.3018473220829,9.30050877386221));
#6456=CARTESIAN_POINT('Ctrl Pts',(-31.5660424748265,59.5200980150596,9.22111197309345));
#6457=CARTESIAN_POINT('Ctrl Pts',(-32.3214973123021,61.0933141530233,9.14171517232469));
#6458=CARTESIAN_POINT('Ctrl Pts',(-31.4092310373493,62.5810948061743,9.06231837155593));
#6459=CARTESIAN_POINT('Ctrl Pts',(-29.6644939115197,62.621261832179,8.98292157078717));
#6460=CARTESIAN_POINT('Ctrl Pts',(-28.9794932626921,61.6115379832608,8.92741153907228));
#6461=CARTESIAN_POINT('Ctrl Pts',(-28.9546982039071,61.0506849915689,8.89836710761365));
#6462=CARTESIAN_POINT('Ctrl Pts',(-28.9550304256029,61.0008575882268,8.89578827641127));
#6463=CARTESIAN_POINT('Origin',(-30.5000004544854,61.0000009089708,13.1042117235887));
#6464=CARTESIAN_POINT('',(-28.9594981143113,60.9999799672983,9.89578827641127));
#6465=CARTESIAN_POINT('',(-28.9546136316493,61.0004793976702,9.85421172358873));
#6466=CARTESIAN_POINT('',(-28.9570004544854,61.0000009089708,13.1042117235887));
#6467=CARTESIAN_POINT('Ctrl Pts',(-28.9546136316493,61.0004793976702,9.85421172358873));
#6468=CARTESIAN_POINT('Ctrl Pts',(-28.9565866816178,60.5156984129177,9.82910382469467));
#6469=CARTESIAN_POINT('Ctrl Pts',(-29.4635672957289,59.5163657176956,9.77753032554436));
#6470=CARTESIAN_POINT('Ctrl Pts',(-31.1654571842548,59.3018471316891,9.69949122613779));
#6471=CARTESIAN_POINT('Ctrl Pts',(-32.2876790008536,60.6383874062648,9.62009442536903));
#6472=CARTESIAN_POINT('Ctrl Pts',(-31.7731429821512,62.3060127828575,9.54069762460027));
#6473=CARTESIAN_POINT('Ctrl Pts',(-30.0929466092149,62.7778833790858,9.46130082383153));
#6474=CARTESIAN_POINT('Ctrl Pts',(-29.069262858025,61.8728828410472,9.39913885682767));
#6475=CARTESIAN_POINT('Ctrl Pts',(-28.9573866087617,61.1805275657289,9.36344249008007));
#6476=CARTESIAN_POINT('Ctrl Pts',(-28.9585860268242,61.0011159356481,9.35421172358873));
#6477=CARTESIAN_POINT('Ctrl Pts',(-28.9594981143113,60.9999799672983,9.89578827641127));
#6478=CARTESIAN_POINT('Ctrl Pts',(-28.9594670984636,60.743677340509,9.88262097735535));
#6479=CARTESIAN_POINT('Ctrl Pts',(-29.1414649084617,59.9722609202126,9.84298807804318));
#6480=CARTESIAN_POINT('Ctrl Pts',(-30.3602978928244,59.1814736590088,9.77688957847475));
#6481=CARTESIAN_POINT('Ctrl Pts',(-31.9522553434588,59.8965907848534,9.697492777706));
#6482=CARTESIAN_POINT('Ctrl Pts',(-32.2145612338399,61.6219651349835,9.61809597693724));
#6483=CARTESIAN_POINT('Ctrl Pts',(-30.9070542541178,62.7778831797528,9.53869917616848));
#6484=CARTESIAN_POINT('Ctrl Pts',(-29.3388947203814,62.3374772926291,9.4645966093265));
#6485=CARTESIAN_POINT('Ctrl Pts',(-28.9602276665983,61.4086842731767,9.41695964274076));
#6486=CARTESIAN_POINT('Ctrl Pts',(-28.9564540949121,60.9986354582919,9.39578827641127));
#6487=CARTESIAN_POINT('Origin',(-30.5000004544854,61.0000009089708,13.1042117235887));
#6488=CARTESIAN_POINT('',(-28.9565310038444,61.0013769570865,10.3957882764113));
#6489=CARTESIAN_POINT('',(-28.9571715385514,60.9985892861771,10.3542117235887));
#6490=CARTESIAN_POINT('',(-28.9570004544854,61.0000009089708,13.1042117235887));
#6491=CARTESIAN_POINT('Ctrl Pts',(-28.9571715385514,60.9985892861771,10.3542117235887));
#6492=CARTESIAN_POINT('Ctrl Pts',(-28.9560238287618,60.8722487280133,10.3476963598218));
#6493=CARTESIAN_POINT('Ctrl Pts',(-29.0279967470836,60.2339994774557,10.3147153957986));
#6494=CARTESIAN_POINT('Ctrl Pts',(-29.9133965072697,59.2730224149448,10.2552688315191));
#6495=CARTESIAN_POINT('Ctrl Pts',(-31.6330172108705,59.5707241896079,10.1758720307503));
#6496=CARTESIAN_POINT('Ctrl Pts',(-32.3152735307953,61.1770392351902,10.0964752299816));
#6497=CARTESIAN_POINT('Ctrl Pts',(-31.3355070911265,62.621262013952,10.0170784292128));
#6498=CARTESIAN_POINT('Ctrl Pts',(-29.5907697696803,62.5810949834436,9.93768162844407));
#6499=CARTESIAN_POINT('Ctrl Pts',(-28.9669922451738,61.5637997503396,9.88339272656937));
#6500=CARTESIAN_POINT('Ctrl Pts',(-28.9545069396221,61.0266937697346,9.85556942495093));
#6501=CARTESIAN_POINT('Ctrl Pts',(-28.9546136316493,61.0004793976702,9.85421172358873));
#6502=CARTESIAN_POINT('Ctrl Pts',(-28.9565310038444,61.0013769570865,10.3957882764113));
#6503=CARTESIAN_POINT('Ctrl Pts',(-28.9602903086478,60.5938131737019,10.3747479122262));
#6504=CARTESIAN_POINT('Ctrl Pts',(-29.3350719513141,59.6674828727948,10.3272419477849));
#6505=CARTESIAN_POINT('Ctrl Pts',(-30.8982689610968,59.2201300251403,10.2532703830873));
#6506=CARTESIAN_POINT('Ctrl Pts',(-32.2114686645986,60.369576662229,10.1738735823186));
#6507=CARTESIAN_POINT('Ctrl Pts',(-31.9576869830556,62.0962254061444,10.0944767815498));
#6508=CARTESIAN_POINT('Ctrl Pts',(-30.3692806560528,62.8191959230159,10.015079980781));
#6509=CARTESIAN_POINT('Ctrl Pts',(-29.1441337743267,62.0328823577542,9.94885047906819));
#6510=CARTESIAN_POINT('Ctrl Pts',(-28.9595294387372,61.2588325622767,9.90908657761161));
#6511=CARTESIAN_POINT('Ctrl Pts',(-28.9594981143113,60.9999799672983,9.89578827641127));
#6512=CARTESIAN_POINT('Origin',(-30.5000004544854,61.0000009089708,13.1042117235887));
#6513=CARTESIAN_POINT('',(-28.9549765091419,60.9991812218299,10.8957882764113));
#6514=CARTESIAN_POINT('',(-28.9594184490863,61.0003663374195,10.8542117235887));
#6515=CARTESIAN_POINT('',(-28.9570004544854,61.0000009089708,13.1042117235887));
#6516=CARTESIAN_POINT('Ctrl Pts',(-28.9594184490863,61.0003663374195,10.8542117235887));
#6517=CARTESIAN_POINT('Ctrl Pts',(-28.9600115495822,60.7203303281571,10.8398232946926));
#6518=CARTESIAN_POINT('Ctrl Pts',(-29.1670342212972,59.9243884380166,10.7989692655403));
#6519=CARTESIAN_POINT('Ctrl Pts',(-30.4441331592145,59.176971094814,10.7316496361317));
#6520=CARTESIAN_POINT('Ctrl Pts',(-32.0014950323538,59.9645913496956,10.6522528353629));
#6521=CARTESIAN_POINT('Ctrl Pts',(-32.184122608438,61.7002090832647,10.5728560345941));
#6522=CARTESIAN_POINT('Ctrl Pts',(-30.8248062263866,62.7947321185406,10.4934592338254));
#6523=CARTESIAN_POINT('Ctrl Pts',(-29.3040552617643,62.2910661670124,10.4205777968236));
#6524=CARTESIAN_POINT('Ctrl Pts',(-28.9606858598609,61.3854478106913,10.374161960078));
#6525=CARTESIAN_POINT('Ctrl Pts',(-28.9571715385514,60.9985892861771,10.3542117235887));
#6526=CARTESIAN_POINT('Ctrl Pts',(-28.9549765091419,60.9991812218299,10.8957882764113));
#6527=CARTESIAN_POINT('Ctrl Pts',(-28.9546721807708,60.9518893448842,10.8933404473533));
#6528=CARTESIAN_POINT('Ctrl Pts',(-28.9780963506141,60.3935895626439,10.8644270180391));
#6529=CARTESIAN_POINT('Ctrl Pts',(-29.6564973468145,59.3828861168942,10.8090479884686));
#6530=CARTESIAN_POINT('Ctrl Pts',(-31.4014114501805,59.4144358823596,10.7296511876999));
#6531=CARTESIAN_POINT('Ctrl Pts',(-32.3210142769433,60.8976930997294,10.6502543869311));
#6532=CARTESIAN_POINT('Ctrl Pts',(-31.5733381789639,62.4746209417463,10.5708575861623));
#6533=CARTESIAN_POINT('Ctrl Pts',(-29.8429384961145,62.7014202458182,10.4914607853936));
#6534=CARTESIAN_POINT('Ctrl Pts',(-29.0132671091474,61.7231523383632,10.4331043488099));
#6535=CARTESIAN_POINT('Ctrl Pts',(-28.9555616710019,61.1064668556965,10.4012135124825));
#6536=CARTESIAN_POINT('Ctrl Pts',(-28.9565310038444,61.0013769570865,10.3957882764113));
#6537=CARTESIAN_POINT('Origin',(-30.5000004544854,61.0000009089708,13.1042117235887));
#6538=CARTESIAN_POINT('',(-28.9590061309814,60.9991372717599,11.3957882764113));
#6539=CARTESIAN_POINT('',(-28.9558310175942,61.0012275101006,11.3542117235887));
#6540=CARTESIAN_POINT('',(-28.9570004544854,61.0000009089708,13.1042117235887));
#6541=CARTESIAN_POINT('Ctrl Pts',(-28.9558310175942,61.0012275101006,11.3542117235887));
#6542=CARTESIAN_POINT('Ctrl Pts',(-28.9595713321592,60.5705145307773,11.3319502295635));
#6543=CARTESIAN_POINT('Ctrl Pts',(-29.3715093651149,59.6214731020699,11.283223135282));
#6544=CARTESIAN_POINT('Ctrl Pts',(-30.9797555065263,59.2403444874688,11.2080304407442));
#6545=CARTESIAN_POINT('Ctrl Pts',(-32.2386672475663,60.4490045107891,11.1286336399754));
#6546=CARTESIAN_POINT('Ctrl Pts',(-31.9056953947712,62.1621460250917,11.0492368392067));
#6547=CARTESIAN_POINT('Ctrl Pts',(-30.2857011157796,62.8112530405505,10.9698400384379));
#6548=CARTESIAN_POINT('Ctrl Pts',(-29.1199356224468,61.9849143481371,10.9048316665653));
#6549=CARTESIAN_POINT('Ctrl Pts',(-28.9589206201451,61.2354193022216,10.8662888949489));
#6550=CARTESIAN_POINT('Ctrl Pts',(-28.9594184490863,61.0003663374195,10.8542117235887));
#6551=CARTESIAN_POINT('Ctrl Pts',(-28.9590061309814,60.9991372717599,11.3957882764113));
#6552=CARTESIAN_POINT('Ctrl Pts',(-28.9579790812471,60.7983989708645,11.3854673822242));
#6553=CARTESIAN_POINT('Ctrl Pts',(-29.0877372761988,60.0841853436758,11.3486808877808));
#6554=CARTESIAN_POINT('Ctrl Pts',(-30.1663403180208,59.2069018996711,11.2854287930812));
#6555=CARTESIAN_POINT('Ctrl Pts',(-31.8257231397922,59.7473963458692,11.2060319923124));
#6556=CARTESIAN_POINT('Ctrl Pts',(-32.2713136477746,61.4347577843676,11.1266351915436));
#6557=CARTESIAN_POINT('Ctrl Pts',(-31.0951254811723,62.7240603856518,11.0472383907749));
#6558=CARTESIAN_POINT('Ctrl Pts',(-29.4271177543079,62.4437722345461,10.9702894190641));
#6559=CARTESIAN_POINT('Ctrl Pts',(-28.9579625384009,61.4632027907887,10.9198060476096));
#6560=CARTESIAN_POINT('Ctrl Pts',(-28.9549765091419,60.9991812218299,10.8957882764113));
#6561=CARTESIAN_POINT('Origin',(-30.5000004544854,61.0000009089708,13.1042117235887));
#6562=CARTESIAN_POINT('',(-28.9585595079704,61.0016981310381,11.8957882764113));
#6563=CARTESIAN_POINT('',(-28.9555478483729,60.998904555646,11.8542117235887));
#6564=CARTESIAN_POINT('',(-28.9570004544854,61.0000009089708,13.1042117235887));
#6565=CARTESIAN_POINT('',(-30.1014866126282,62.4906503371893,12.));
#6566=CARTESIAN_POINT('Ctrl Pts',(-30.1014866126282,62.4906503371893,12.));
#6567=CARTESIAN_POINT('Ctrl Pts',(-29.6057315814236,62.3581139819837,11.9735343997437));
#6568=CARTESIAN_POINT('Ctrl Pts',(-29.0543195251406,61.8351870821927,11.9387971585475));
#6569=CARTESIAN_POINT('Ctrl Pts',(-28.9573454609641,61.1623553153893,11.9040599173513));
#6570=CARTESIAN_POINT('Ctrl Pts',(-28.9585595079704,61.0016981310381,11.8957882764113));
#6571=CARTESIAN_POINT('',(-30.8994292398351,62.4932952478212,12.));
#6572=CARTESIAN_POINT('Origin',(-30.5000004544854,61.0000009089708,12.));
#6573=CARTESIAN_POINT('Ctrl Pts',(-30.8994304181501,62.4932986540839,12.));
#6574=CARTESIAN_POINT('Ctrl Pts',(-30.4180543099777,62.621122064855,11.974200549221));
#6575=CARTESIAN_POINT('Ctrl Pts',(-29.3821996847834,62.3851166233899,11.9256044570839));
#6576=CARTESIAN_POINT('Ctrl Pts',(-28.9591486580495,61.439664760181,11.8770083649468));
#6577=CARTESIAN_POINT('Ctrl Pts',(-28.9555478483729,60.998904555646,11.8542117235887));
#6578=CARTESIAN_POINT('Origin',(37.000000551343,61.0000009089708,13.1042117235887));
#6579=CARTESIAN_POINT('',(38.5455618322441,60.9998964350143,7.39578827641127));
#6580=CARTESIAN_POINT('',(38.5405283950007,60.9996312933949,7.35421172358873));
#6581=CARTESIAN_POINT('',(38.543000551343,61.0000009089708,13.1042117235887));
#6582=CARTESIAN_POINT('',(36.6014867094857,62.4906503371893,7.));
#6583=CARTESIAN_POINT('Ctrl Pts',(38.5405283950007,60.9996312933949,7.35421172358872));
#6584=CARTESIAN_POINT('Ctrl Pts',(38.5409594857411,60.7620037164063,7.34200355008416));
#6585=CARTESIAN_POINT('Ctrl Pts',(38.3774652654674,60.0098465809653,7.30332977632335));
#6586=CARTESIAN_POINT('Ctrl Pts',(37.2056990811471,59.1881054586576,7.23819040230628));
#6587=CARTESIAN_POINT('Ctrl Pts',(35.5878796975047,59.8440047919741,7.15879360153752));
#6588=CARTESIAN_POINT('Ctrl Pts',(35.2655170336931,61.5612684197481,7.07939680076876));
#6589=CARTESIAN_POINT('Ctrl Pts',(36.1057316782811,62.3581139819837,7.02646560025625));
#6590=CARTESIAN_POINT('Ctrl Pts',(36.6014867094857,62.4906503371893,7.));
#6591=CARTESIAN_POINT('',(37.3985143932002,62.4906503371894,7.));
#6592=CARTESIAN_POINT('Origin',(37.000000551343,61.0000009089708,7.));
#6593=CARTESIAN_POINT('Ctrl Pts',(38.5455618322441,60.9998964350143,7.39578827641127));
#6594=CARTESIAN_POINT('Ctrl Pts',(38.5455665104336,60.9947317669955,7.39552070274484));
#6595=CARTESIAN_POINT('Ctrl Pts',(38.5432046748848,60.4787365602109,7.36878752882217));
#6596=CARTESIAN_POINT('Ctrl Pts',(37.9734323125936,59.4576589224692,7.31558875464325));
#6597=CARTESIAN_POINT('Ctrl Pts',(36.2317926566835,59.34565153722,7.23619195387447));
#6598=CARTESIAN_POINT('Ctrl Pts',(35.1935628251736,60.7487889689939,7.15679515310573));
#6599=CARTESIAN_POINT('Ctrl Pts',(35.8039881501918,62.3673058707989,7.07806450181422));
#6600=CARTESIAN_POINT('Ctrl Pts',(36.9180582938768,62.6211204980137,7.02579945077899));
#6601=CARTESIAN_POINT('Ctrl Pts',(37.3994324555187,62.4932989737207,7.));
#6602=CARTESIAN_POINT('Origin',(37.000000551343,61.0000009089708,13.1042117235887));
#6603=CARTESIAN_POINT('',(38.5419338057823,60.9987053567193,7.89578827641127));
#6604=CARTESIAN_POINT('',(38.5429079701142,61.001413155186,7.85421172358873));
#6605=CARTESIAN_POINT('',(38.543000551343,61.0000009089708,13.1042117235887));
#6606=CARTESIAN_POINT('Ctrl Pts',(38.5429079701142,61.001413155186,7.85421172358873));
#6607=CARTESIAN_POINT('Ctrl Pts',(38.5393529395898,60.6120624677841,7.83413048495502));
#6608=CARTESIAN_POINT('Ctrl Pts',(38.1922927554698,59.7039328588158,7.78758364606505));
#6609=CARTESIAN_POINT('Ctrl Pts',(36.6663398292559,59.2068989743446,7.71457120691883));
#6610=CARTESIAN_POINT('Ctrl Pts',(35.3124281830871,60.3081058406042,7.63517440615007));
#6611=CARTESIAN_POINT('Ctrl Pts',(35.5036565025571,62.0428383737812,7.55577760538131));
#6612=CARTESIAN_POINT('Ctrl Pts',(37.0648285234941,62.8226872342036,7.47638080461256));
#6613=CARTESIAN_POINT('Ctrl Pts',(38.3358518799383,62.0705599780119,7.40919217734835));
#6614=CARTESIAN_POINT('Ctrl Pts',(38.5400249417485,61.277146826069,7.36846915034041));
#6615=CARTESIAN_POINT('Ctrl Pts',(38.5405283950007,60.9996312933949,7.35421172358872));
#6616=CARTESIAN_POINT('Ctrl Pts',(38.5419338057823,60.9987053567193,7.89578827641127));
#6617=CARTESIAN_POINT('Ctrl Pts',(38.5431909028693,60.8406151049657,7.8876476376157));
#6618=CARTESIAN_POINT('Ctrl Pts',(38.4481097141592,60.1700418692206,7.85304139856387));
#6619=CARTESIAN_POINT('Ctrl Pts',(37.4797562877515,59.2403419636054,7.79196955925579));
#6620=CARTESIAN_POINT('Ctrl Pts',(35.781588915646,59.642780556312,7.71257275848703));
#6621=CARTESIAN_POINT('Ctrl Pts',(35.198972363348,61.2878660162558,7.63317595771828));
#6622=CARTESIAN_POINT('Ctrl Pts',(36.2653346060404,62.6693750556854,7.55377915694951));
#6623=CARTESIAN_POINT('Ctrl Pts',(37.9984830554905,62.5229657802134,7.47464992984719));
#6624=CARTESIAN_POINT('Ctrl Pts',(38.5451037926528,61.5055669364971,7.4219863030011));
#6625=CARTESIAN_POINT('Ctrl Pts',(38.5455618322441,60.9998964350143,7.39578827641127));
#6626=CARTESIAN_POINT('Origin',(37.000000551343,61.0000009089708,13.1042117235887));
#6627=CARTESIAN_POINT('',(38.5409574640592,61.0008339832915,8.39578827641127));
#6628=CARTESIAN_POINT('',(38.5453549554766,60.9994787180414,8.35421172358873));
#6629=CARTESIAN_POINT('',(38.543000551343,61.0000009089708,13.1042117235887));
#6630=CARTESIAN_POINT('Ctrl Pts',(38.5453549554766,60.9994787180414,8.35421172358873));
#6631=CARTESIAN_POINT('Ctrl Pts',(38.545481311523,60.9707332131017,8.35272302008212));
#6632=CARTESIAN_POINT('Ctrl Pts',(38.5317251349037,60.4310844875796,8.32476871631926));
#6633=CARTESIAN_POINT('Ctrl Pts',(37.9014129180197,59.4144334753329,8.27034881230013));
#6634=CARTESIAN_POINT('Ctrl Pts',(36.1564961595902,59.3828836553036,8.19095201153138));
#6635=CARTESIAN_POINT('Ctrl Pts',(35.1838725757589,60.8319293207643,8.11155521076263));
#6636=CARTESIAN_POINT('Ctrl Pts',(35.8740550231848,62.43485813324,8.03215840999386));
#6637=CARTESIAN_POINT('Ctrl Pts',(37.5951264968194,62.7240630354844,7.9527616092251));
#6638=CARTESIAN_POINT('Ctrl Pts',(38.4738314977464,61.7608525637351,7.89344604709006));
#6639=CARTESIAN_POINT('Ctrl Pts',(38.5440382091827,61.125198128399,7.86059608521127));
#6640=CARTESIAN_POINT('Ctrl Pts',(38.5429079701142,61.001413155186,7.85421172358873));
#6641=CARTESIAN_POINT('Ctrl Pts',(38.5409574640592,61.0008339832915,8.39578827641127));
#6642=CARTESIAN_POINT('Ctrl Pts',(38.5394313380391,60.689353903541,8.37977457248655));
#6643=CARTESIAN_POINT('Ctrl Pts',(38.296483858646,59.8609063989645,8.33729526830557));
#6644=CARTESIAN_POINT('Ctrl Pts',(36.9441331769611,59.1769685112003,8.26835036386835));
#6645=CARTESIAN_POINT('Ctrl Pts',(35.4379199892035,60.0584741079986,8.18895356309958));
#6646=CARTESIAN_POINT('Ctrl Pts',(35.3619122633665,61.802020338296,8.10955676233083));
#6647=CARTESIAN_POINT('Ctrl Pts',(36.7857009085434,62.8112556113961,8.03015996156207));
#6648=CARTESIAN_POINT('Ctrl Pts',(38.2395975048731,62.2287013943354,7.95890379958888));
#6649=CARTESIAN_POINT('Ctrl Pts',(38.5391040210136,61.35457396156,7.91411323787195));
#6650=CARTESIAN_POINT('Ctrl Pts',(38.5419338057823,60.9987053567193,7.89578827641127));
#6651=CARTESIAN_POINT('Origin',(37.000000551343,61.0000009089708,13.1042117235887));
#6652=CARTESIAN_POINT('',(38.5449729424307,61.000857589536,8.89578827641128));
#6653=CARTESIAN_POINT('',(38.5413613034108,60.9989124175113,8.85421172358873));
#6654=CARTESIAN_POINT('',(38.543000551343,61.0000009089708,13.1042117235887));
#6655=CARTESIAN_POINT('Ctrl Pts',(38.5413613034109,60.9989124175113,8.85421172358873));
#6656=CARTESIAN_POINT('Ctrl Pts',(38.5425460363518,60.816937765802,8.84484995495297));
#6657=CARTESIAN_POINT('Ctrl Pts',(38.4285785940293,60.1219590318078,8.80902258606096));
#6658=CARTESIAN_POINT('Ctrl Pts',(37.3982696631589,59.2201273206347,8.7467296169127));
#6659=CARTESIAN_POINT('Ctrl Pts',(35.7204218218519,59.7002907324152,8.66733281614393));
#6660=CARTESIAN_POINT('Ctrl Pts',(35.2141271708743,61.3704392292243,8.58793601537517));
#6661=CARTESIAN_POINT('Ctrl Pts',(36.3429375943626,62.7014228308408,8.50853921460642));
#6662=CARTESIAN_POINT('Ctrl Pts',(38.0408945697218,62.4788757150113,8.43063111734426));
#6663=CARTESIAN_POINT('Ctrl Pts',(38.5432350021667,61.481759780529,8.37918862033837));
#6664=CARTESIAN_POINT('Ctrl Pts',(38.5453549554766,60.9994787180414,8.35421172358873));
#6665=CARTESIAN_POINT('Ctrl Pts',(38.5449729424307,61.000857589536,8.89578827641128));
#6666=CARTESIAN_POINT('Ctrl Pts',(38.5418956898181,60.539323893618,8.8719015073574));
#6667=CARTESIAN_POINT('Ctrl Pts',(38.0771650528466,59.5610527105419,8.82154913804727));
#6668=CARTESIAN_POINT('Ctrl Pts',(36.4133957729997,59.2730199680681,8.7447311684809));
#6669=CARTESIAN_POINT('Ctrl Pts',(35.2308546318304,60.5565022585226,8.66533436771213));
#6670=CARTESIAN_POINT('Ctrl Pts',(35.6681032743204,62.2460418321277,8.58593756694339));
#6671=CARTESIAN_POINT('Ctrl Pts',(37.3248067834402,62.7947346614924,8.50654076617462));
#6672=CARTESIAN_POINT('Ctrl Pts',(38.4099613882111,61.920966988474,8.44315766933058));
#6673=CARTESIAN_POINT('Ctrl Pts',(38.5419535428569,61.2041322032532,8.4062401727428));
#6674=CARTESIAN_POINT('Ctrl Pts',(38.5409574640592,61.0008339832915,8.39578827641127));
#6675=CARTESIAN_POINT('Origin',(37.000000551343,61.0000009089708,13.1042117235887));
#6676=CARTESIAN_POINT('',(38.5435492709448,60.9986354562041,9.39578827641128));
#6677=CARTESIAN_POINT('',(38.5414171483934,61.0011159372174,9.35421172358873));
#6678=CARTESIAN_POINT('',(38.543000551343,61.0000009089708,13.1042117235887));
#6679=CARTESIAN_POINT('Ctrl Pts',(38.5414171483935,61.0011159372174,9.35421172358873));
#6680=CARTESIAN_POINT('Ctrl Pts',(38.5391777027272,60.6661346575261,9.33697688982382));
#6681=CARTESIAN_POINT('Ctrl Pts',(38.2671744991362,59.8134486142603,9.29327645580266));
#6682=CARTESIAN_POINT('Ctrl Pts',(36.8602977774016,59.181470895721,9.22311042152524));
#6683=CARTESIAN_POINT('Ctrl Pts',(35.3962465915513,60.1313574202658,9.14371362075649));
#6684=CARTESIAN_POINT('Ctrl Pts',(35.4005560708853,61.8765541749359,9.06431681998773));
#6685=CARTESIAN_POINT('Ctrl Pts',(36.8692805542751,62.8191986873132,8.98492001921896));
#6686=CARTESIAN_POINT('Ctrl Pts',(38.2703981826077,62.1814734914982,8.91488498708597));
#6687=CARTESIAN_POINT('Ctrl Pts',(38.5391968114728,61.3313777798944,8.87131555520922));
#6688=CARTESIAN_POINT('Ctrl Pts',(38.5413613034109,60.9989124175113,8.85421172358873));
#6689=CARTESIAN_POINT('Ctrl Pts',(38.5435492709448,60.9986354562041,9.39578827641128));
#6690=CARTESIAN_POINT('Ctrl Pts',(38.5444929134798,60.89609612866,9.39049404248451));
#6691=CARTESIAN_POINT('Ctrl Pts',(38.4884377994041,60.2819943996973,9.35873420830148));
#6692=CARTESIAN_POINT('Ctrl Pts',(37.6654582239625,59.3018447256656,9.30050877386221));
#6693=CARTESIAN_POINT('Ctrl Pts',(35.9339569010608,59.5200957523395,9.22111197309345));
#6694=CARTESIAN_POINT('Ctrl Pts',(35.1785009085212,61.0933142956965,9.14171517232468));
#6695=CARTESIAN_POINT('Ctrl Pts',(36.0907685782973,62.5810972236107,9.06231837155594));
#6696=CARTESIAN_POINT('Ctrl Pts',(37.8355083717689,62.6212643110322,8.98292157078716));
#6697=CARTESIAN_POINT('Ctrl Pts',(38.5205100679387,61.6115389182777,8.92741153907229));
#6698=CARTESIAN_POINT('Ctrl Pts',(38.5453051646345,61.0506850690624,8.89836710761366));
#6699=CARTESIAN_POINT('Ctrl Pts',(38.5449729424307,61.000857589536,8.89578827641128));
#6700=CARTESIAN_POINT('Origin',(37.000000551343,61.0000009089708,13.1042117235887));
#6701=CARTESIAN_POINT('',(38.540505246891,60.9999799672669,9.89578827641128));
#6702=CARTESIAN_POINT('',(38.5453895491591,61.0004793983438,9.85421172358873));
#6703=CARTESIAN_POINT('',(38.543000551343,61.0000009089708,13.1042117235887));
#6704=CARTESIAN_POINT('Ctrl Pts',(38.5453895491591,61.0004793983437,9.85421172358872));
#6705=CARTESIAN_POINT('Ctrl Pts',(38.5434164964137,60.5156977313098,9.82910382469467));
#6706=CARTESIAN_POINT('Ctrl Pts',(38.0364351687773,59.5163636296247,9.77753032554437));
#6707=CARTESIAN_POINT('Ctrl Pts',(36.3345428850087,59.3018447417048,9.69949122613779));
#6708=CARTESIAN_POINT('Ctrl Pts',(35.212319488993,60.6383868973292,9.62009442536903));
#6709=CARTESIAN_POINT('Ctrl Pts',(35.7268562318543,62.3060146209409,9.54069762460029));
#6710=CARTESIAN_POINT('Ctrl Pts',(37.4070549695017,62.7778858812805,9.46130082383152));
#6711=CARTESIAN_POINT('Ctrl Pts',(38.430740161426,61.8728840695429,9.39913885682767));
#6712=CARTESIAN_POINT('Ctrl Pts',(38.542616568144,61.1805278198025,9.36344249008007));
#6713=CARTESIAN_POINT('Ctrl Pts',(38.5414171483935,61.0011159372174,9.35421172358873));
#6714=CARTESIAN_POINT('Ctrl Pts',(38.540505246891,60.9999799672669,9.89578827641127));
#6715=CARTESIAN_POINT('Ctrl Pts',(38.5405362627863,60.7436769485995,9.88262097735536));
#6716=CARTESIAN_POINT('Ctrl Pts',(38.3585381745209,59.9722593488328,9.84298807804319));
#6717=CARTESIAN_POINT('Ctrl Pts',(37.1397033266038,59.1814708785449,9.77688957847475));
#6718=CARTESIAN_POINT('Ctrl Pts',(35.5477434419229,59.8965890977775,9.697492777706));
#6719=CARTESIAN_POINT('Ctrl Pts',(35.2854371504848,61.6219660859452,9.61809597693724));
#6720=CARTESIAN_POINT('Ctrl Pts',(36.5929461293396,62.7778858980727,9.53869917616848));
#6721=CARTESIAN_POINT('Ctrl Pts',(38.1611080607371,62.3374793375838,9.4645966093265));
#6722=CARTESIAN_POINT('Ctrl Pts',(38.5397756934889,61.4086848980392,9.41695964274076));
#6723=CARTESIAN_POINT('Ctrl Pts',(38.5435492709448,60.9986354562041,9.39578827641128));
#6724=CARTESIAN_POINT('Origin',(37.000000551343,61.0000009089708,13.1042117235887));
#6725=CARTESIAN_POINT('',(38.5434723618625,61.0013769592434,10.3957882764113));
#6726=CARTESIAN_POINT('',(38.5428316386569,60.9985892841899,10.3542117235887));
#6727=CARTESIAN_POINT('',(38.543000551343,61.0000009089708,13.1042117235887));
#6728=CARTESIAN_POINT('Ctrl Pts',(38.5428316386569,60.9985892841899,10.3542117235887));
#6729=CARTESIAN_POINT('Ctrl Pts',(38.5439793500619,60.872248548217,10.3476963598218));
#6730=CARTESIAN_POINT('Ctrl Pts',(38.4720063304457,60.2339983993993,10.3147153957986));
#6731=CARTESIAN_POINT('Ctrl Pts',(37.5866053241458,59.2730199843797,10.2552688315191));
#6732=CARTESIAN_POINT('Ctrl Pts',(35.8669822003483,59.570722178048,10.1758720307503));
#6733=CARTESIAN_POINT('Ctrl Pts',(35.1847249202147,61.1770394843509,10.0964752299816));
#6734=CARTESIAN_POINT('Ctrl Pts',(36.1644927388084,62.6212642957193,10.0170784292128));
#6735=CARTESIAN_POINT('Ctrl Pts',(37.9092325158009,62.5810972086771,9.93768162844408));
#6736=CARTESIAN_POINT('Ctrl Pts',(38.5330109182129,61.5638005438311,9.88339272656937));
#6737=CARTESIAN_POINT('Ctrl Pts',(38.5454962413364,61.0266938073023,9.85556942495092));
#6738=CARTESIAN_POINT('Ctrl Pts',(38.5453895491591,61.0004793983437,9.85421172358872));
#6739=CARTESIAN_POINT('Ctrl Pts',(38.5434723618625,61.0013769592434,10.3957882764113));
#6740=CARTESIAN_POINT('Ctrl Pts',(38.5397130513133,60.5938125527053,10.3747479122262));
#6741=CARTESIAN_POINT('Ctrl Pts',(38.1649308356968,59.6674808353446,10.3272419477849));
#6742=CARTESIAN_POINT('Ctrl Pts',(36.6017314357652,59.2201273038239,10.2532703830873));
#6743=CARTESIAN_POINT('Ctrl Pts',(35.2885297244692,60.3695756983097,10.1738735823186));
#6744=CARTESIAN_POINT('Ctrl Pts',(35.5423117940134,62.0962270822451,10.0944767815498));
#6745=CARTESIAN_POINT('Ctrl Pts',(37.1307205496456,62.8191987044955,10.015079980781));
#6746=CARTESIAN_POINT('Ctrl Pts',(38.3558693045734,62.0328839369954,9.94885047906819));
#6747=CARTESIAN_POINT('Ctrl Pts',(38.540473922417,61.2588329580223,9.90908657761161));
#6748=CARTESIAN_POINT('Ctrl Pts',(38.540505246891,60.9999799672669,9.89578827641127));
#6749=CARTESIAN_POINT('Origin',(37.000000551343,61.0000009089708,13.1042117235887));
#6750=CARTESIAN_POINT('',(38.5450268581206,60.9991812220892,10.8957882764113));
#6751=CARTESIAN_POINT('',(38.5405847249078,61.0003663374009,10.8542117235887));
#6752=CARTESIAN_POINT('',(38.543000551343,61.0000009089708,13.1042117235887));
#6753=CARTESIAN_POINT('Ctrl Pts',(38.5405847249078,61.0003663374009,10.8542117235887));
#6754=CARTESIAN_POINT('Ctrl Pts',(38.5399916235984,60.7203299342878,10.8398232946926));
#6755=CARTESIAN_POINT('Ctrl Pts',(38.3329686606258,59.9243869251617,10.7989692655403));
#6756=CARTESIAN_POINT('Ctrl Pts',(37.0558679251974,59.1769685284231,10.7316496361317));
#6757=CARTESIAN_POINT('Ctrl Pts',(35.4985038602885,59.9645898928002,10.6522528353629));
#6758=CARTESIAN_POINT('Ctrl Pts',(35.3158760271451,61.7002100685612,10.5728560345941));
#6759=CARTESIAN_POINT('Ctrl Pts',(36.6751943223136,62.7947346445406,10.4934592338254));
#6760=CARTESIAN_POINT('Ctrl Pts',(38.1959474272381,62.2910679840236,10.4205777968236));
#6761=CARTESIAN_POINT('Ctrl Pts',(38.539317312401,61.3854483531607,10.374161960078));
#6762=CARTESIAN_POINT('Ctrl Pts',(38.5428316386569,60.9985892841899,10.3542117235887));
#6763=CARTESIAN_POINT('Ctrl Pts',(38.5450268581206,60.9991812220892,10.8957882764113));
#6764=CARTESIAN_POINT('Ctrl Pts',(38.5453311868223,60.9518892731056,10.8933404473533));
#6765=CARTESIAN_POINT('Ctrl Pts',(38.5219069798098,60.3935886399742,10.8644270180391));
#6766=CARTESIAN_POINT('Ctrl Pts',(37.8435049510768,59.3828836400038,10.8090479884686));
#6767=CARTESIAN_POINT('Ctrl Pts',(36.0985881761448,59.4144334603707,10.7296511876999));
#6768=CARTESIAN_POINT('Ctrl Pts',(35.1789839453008,60.8976929421152,10.6502543869311));
#6769=CARTESIAN_POINT('Ctrl Pts',(35.9266611854059,62.4746231970064,10.5708575861623));
#6770=CARTESIAN_POINT('Ctrl Pts',(37.6570635145305,62.7014228469088,10.4914607853936));
#6771=CARTESIAN_POINT('Ctrl Pts',(38.4867361698209,61.7231534440733,10.4331043488099));
#6772=CARTESIAN_POINT('Ctrl Pts',(38.5444416961865,61.1064670185329,10.4012135124825));
#6773=CARTESIAN_POINT('Ctrl Pts',(38.5434723618625,61.0013769592434,10.3957882764113));
#6774=CARTESIAN_POINT('Origin',(37.000000551343,61.0000009089708,13.1042117235887));
#6775=CARTESIAN_POINT('',(38.5409972452804,60.9991371963804,11.3957882764113));
#6776=CARTESIAN_POINT('',(38.5441721549663,61.0012274777702,11.3542117235887));
#6777=CARTESIAN_POINT('',(38.543000551343,61.0000009089708,13.1042117235887));
#6778=CARTESIAN_POINT('Ctrl Pts',(38.5441721549663,61.0012274777702,11.3542117235887));
#6779=CARTESIAN_POINT('Ctrl Pts',(38.5404318340668,60.5705138910898,11.3319502295635));
#6780=CARTESIAN_POINT('Ctrl Pts',(38.1284932380132,59.6214712142223,11.283223135282));
#6781=CARTESIAN_POINT('Ctrl Pts',(36.5202448194949,59.2403419804235,11.2080304407442));
#6782=CARTESIAN_POINT('Ctrl Pts',(35.2613313134053,60.4490037515678,11.1286336399755));
#6783=CARTESIAN_POINT('Ctrl Pts',(35.5943036316825,62.1621476520797,11.0492368392067));
#6784=CARTESIAN_POINT('Ctrl Pts',(37.2143001921155,62.8112555942593,10.9698400384379));
#6785=CARTESIAN_POINT('Ctrl Pts',(38.3800673255969,61.9849157331712,10.9048316665653));
#6786=CARTESIAN_POINT('Ctrl Pts',(38.5410825545318,61.2354196327883,10.8662888949489));
#6787=CARTESIAN_POINT('Ctrl Pts',(38.5405847249078,61.0003663374009,10.8542117235887));
#6788=CARTESIAN_POINT('Ctrl Pts',(38.5409972452804,60.9991371963804,11.3957882764113));
#6789=CARTESIAN_POINT('Ctrl Pts',(38.5420242739099,60.798398657844,11.3854673822242));
#6790=CARTESIAN_POINT('Ctrl Pts',(38.4122657996257,60.0841842018365,11.3486808877808));
#6791=CARTESIAN_POINT('Ctrl Pts',(37.3336612770581,59.2068989562025,11.2854287930812));
#6792=CARTESIAN_POINT('Ctrl Pts',(35.674275793144,59.7473945384607,11.2060319923124));
#6793=CARTESIAN_POINT('Ctrl Pts',(35.2286846758555,61.4347583918496,11.1266351915436));
#6794=CARTESIAN_POINT('Ctrl Pts',(36.4048746001582,62.7240630519483,11.0472383907749));
#6795=CARTESIAN_POINT('Ctrl Pts',(38.0728848992628,62.4437744275039,10.9702894190641));
#6796=CARTESIAN_POINT('Ctrl Pts',(38.5420408256196,61.463203497874,10.9198060476096));
#6797=CARTESIAN_POINT('Ctrl Pts',(38.5450268581206,60.9991812220892,10.8957882764113));
#6798=CARTESIAN_POINT('Origin',(37.000000551343,61.0000009089708,13.1042117235887));
#6799=CARTESIAN_POINT('',(38.5414403241141,61.0016848611224,11.8957882764113));
#6800=CARTESIAN_POINT('',(38.5444551736269,60.9989039386837,11.8542117235887));
#6801=CARTESIAN_POINT('',(38.543000551343,61.0000009089708,13.1042117235887));
#6802=CARTESIAN_POINT('',(37.3985143932002,62.4906503371893,12.));
#6803=CARTESIAN_POINT('Ctrl Pts',(37.3985143932002,62.4906503371893,12.));
#6804=CARTESIAN_POINT('Ctrl Pts',(37.8942694244048,62.3581139819837,11.9735343997437));
#6805=CARTESIAN_POINT('Ctrl Pts',(38.4456783756742,61.8351667827186,11.9387971585475));
#6806=CARTESIAN_POINT('Ctrl Pts',(38.5426539106628,61.1623401540864,11.9040599173513));
#6807=CARTESIAN_POINT('Ctrl Pts',(38.5414403241141,61.0016848611223,11.8957882764113));
#6808=CARTESIAN_POINT('',(36.6005698605964,62.4932955059968,12.));
#6809=CARTESIAN_POINT('Origin',(37.000000551343,61.0000009089708,12.));
#6810=CARTESIAN_POINT('Ctrl Pts',(36.6005686595627,62.493298971057,12.));
#6811=CARTESIAN_POINT('Ctrl Pts',(37.0819428341019,62.6211205078777,11.974200549221));
#6812=CARTESIAN_POINT('Ctrl Pts',(38.1178062125279,62.3851233813594,11.9256044570839));
#6813=CARTESIAN_POINT('Ctrl Pts',(38.5408550604941,61.4396657373825,11.8770083649468));
#6814=CARTESIAN_POINT('Ctrl Pts',(38.5444551736269,60.9989039386837,11.8542117235887));
#6815=CARTESIAN_POINT('Origin',(154.99999653548,-66.4999985136092,12.));
#6816=CARTESIAN_POINT('',(156.262502439497,-66.5002933295229,7.19341967361941));
#6817=CARTESIAN_POINT('',(156.263468790717,-66.4981003970043,7.05658032638059));
#6818=CARTESIAN_POINT('',(156.26449653548,-66.4999985136092,12.));
#6819=CARTESIAN_POINT('',(155.958112688202,-67.3252098125456,7.));
#6820=CARTESIAN_POINT('Ctrl Pts',(156.263468790717,-66.4981003970043,7.05658032638059));
#6821=CARTESIAN_POINT('Ctrl Pts',(156.260848083979,-66.7973101698227,7.03772021758706));
#6822=CARTESIAN_POINT('Ctrl Pts',(156.153690338173,-67.0981332979727,7.01886010879353));
#6823=CARTESIAN_POINT('Ctrl Pts',(155.958112688202,-67.3252098125457,7.));
#6824=CARTESIAN_POINT('',(154.04001751464,-67.3265896160668,7.));
#6825=CARTESIAN_POINT('Origin',(154.99999653548,-66.4999985136092,7.));
#6826=CARTESIAN_POINT('Ctrl Pts',(154.040015001424,-67.3265914775751,7.00000000000001));
#6827=CARTESIAN_POINT('Ctrl Pts',(154.30689512739,-67.635371034762,7.02579945077899));
#6828=CARTESIAN_POINT('Ctrl Pts',(154.737090017399,-67.8045417061324,7.05159890155798));
#6829=CARTESIAN_POINT('Ctrl Pts',(155.142675737281,-67.7585243216972,7.07739835233696));
#6830=CARTESIAN_POINT('Ctrl Pts',(155.558733800842,-67.7113187547364,7.10386395259322));
#6831=CARTESIAN_POINT('Ctrl Pts',(155.948895455491,-67.437669229782,7.13032955284947));
#6832=CARTESIAN_POINT('Ctrl Pts',(156.134804337758,-67.0626185703572,7.15679515310573));
#6833=CARTESIAN_POINT('Ctrl Pts',(156.220561239879,-66.8896134815276,7.16900332661029));
#6834=CARTESIAN_POINT('Ctrl Pts',(156.262856528147,-66.69503190735,7.18121150011485));
#6835=CARTESIAN_POINT('Ctrl Pts',(156.262502439497,-66.5002933295229,7.19341967361941));
#6836=CARTESIAN_POINT('Origin',(154.99999653548,-66.4999985136092,12.));
#6837=CARTESIAN_POINT('',(156.264452205495,-66.498841135135,7.69341967361941));
#6838=CARTESIAN_POINT('',(156.266626734466,-66.5000824179659,7.55658032638058));
#6839=CARTESIAN_POINT('',(156.26449653548,-66.4999985136092,12.));
#6840=CARTESIAN_POINT('Ctrl Pts',(156.266626734466,-66.5000824179659,7.55658032638058));
#6841=CARTESIAN_POINT('Ctrl Pts',(156.266630573094,-66.5043150196517,7.55631275271416));
#6842=CARTESIAN_POINT('Ctrl Pts',(156.26661120453,-66.5085475837998,7.55604517904774));
#6843=CARTESIAN_POINT('Ctrl Pts',(156.266568522873,-66.51277991125,7.55577760538131));
#6844=CARTESIAN_POINT('Ctrl Pts',(156.262346897936,-66.9313976621901,7.52931200512506));
#6845=CARTESIAN_POINT('Ctrl Pts',(156.030050819454,-67.3476997717418,7.50284640486881));
#6846=CARTESIAN_POINT('Ctrl Pts',(155.676013748897,-67.5711445565502,7.47638080461255));
#6847=CARTESIAN_POINT('Ctrl Pts',(155.32197667834,-67.7945893413585,7.4499152043563));
#6848=CARTESIAN_POINT('Ctrl Pts',(154.846198615708,-67.8251768014234,7.42344960410005));
#6849=CARTESIAN_POINT('Ctrl Pts',(154.466504198744,-67.6488278039835,7.3969840038438));
#6850=CARTESIAN_POINT('Ctrl Pts',(154.08680978178,-67.4724788065437,7.37051840358754));
#6851=CARTESIAN_POINT('Ctrl Pts',(153.803199010484,-67.0891933515991,7.34405280333129));
#6852=CARTESIAN_POINT('Ctrl Pts',(153.745466234135,-66.6745947007701,7.31758720307503));
#6853=CARTESIAN_POINT('Ctrl Pts',(153.687733457786,-66.2599960499411,7.29112160281878));
#6854=CARTESIAN_POINT('Ctrl Pts',(153.855878676383,-65.8140842032278,7.26465600256253));
#6855=CARTESIAN_POINT('Ctrl Pts',(154.17300771435,-65.5406580619903,7.23819040230628));
#6856=CARTESIAN_POINT('Ctrl Pts',(154.490136752317,-65.2672319207528,7.21172480205003));
#6857=CARTESIAN_POINT('Ctrl Pts',(154.956249609653,-65.1662914849911,7.18525920179377));
#6858=CARTESIAN_POINT('Ctrl Pts',(155.357783843383,-65.2847352794263,7.15879360153752));
#6859=CARTESIAN_POINT('Ctrl Pts',(155.759318077113,-65.4031790738614,7.13232800128126));
#6860=CARTESIAN_POINT('Ctrl Pts',(156.096273687236,-65.7410070984933,7.10586240102501));
#6861=CARTESIAN_POINT('Ctrl Pts',(156.21458381993,-66.141853044093,7.07939680076876));
#6862=CARTESIAN_POINT('Ctrl Pts',(156.248582924256,-66.2570452327306,7.07179130930604));
#6863=CARTESIAN_POINT('Ctrl Pts',(156.264525611913,-66.3774416352947,7.06418581784331));
#6864=CARTESIAN_POINT('Ctrl Pts',(156.263468790717,-66.4981003970043,7.05658032638059));
#6865=CARTESIAN_POINT('Ctrl Pts',(156.262502439497,-66.5002933295229,7.19341967361941));
#6866=CARTESIAN_POINT('Ctrl Pts',(156.262088913838,-66.2728661056175,7.2076771003711));
#6867=CARTESIAN_POINT('Ctrl Pts',(156.203506119596,-66.045224745232,7.2219345271228));
#6868=CARTESIAN_POINT('Ctrl Pts',(156.088047817914,-65.8514869939324,7.23619195387449));
#6869=CARTESIAN_POINT('Ctrl Pts',(155.873726305918,-65.4918578708277,7.26265755413074));
#6870=CARTESIAN_POINT('Ctrl Pts',(155.46342717204,-65.2490514185134,7.28912315438699));
#6871=CARTESIAN_POINT('Ctrl Pts',(155.045039396035,-65.2341690517279,7.31558875464324));
#6872=CARTESIAN_POINT('Ctrl Pts',(154.626651620029,-65.2192866849423,7.34205435489949));
#6873=CARTESIAN_POINT('Ctrl Pts',(154.200175201894,-65.4323284036855,7.36851995515575));
#6874=CARTESIAN_POINT('Ctrl Pts',(153.960818053543,-65.7757913499414,7.394985555412));
#6875=CARTESIAN_POINT('Ctrl Pts',(153.721460905192,-66.1192542961972,7.42145115566825));
#6876=CARTESIAN_POINT('Ctrl Pts',(153.669223026625,-66.5931384699658,7.44791675592451));
#6877=CARTESIAN_POINT('Ctrl Pts',(153.828031818247,-66.9804929914718,7.47438235618076));
#6878=CARTESIAN_POINT('Ctrl Pts',(153.986840609868,-67.3678475129778,7.50084795643701));
#6879=CARTESIAN_POINT('Ctrl Pts',(154.356696071679,-67.6686723822213,7.52731355669327));
#6880=CARTESIAN_POINT('Ctrl Pts',(154.768276108214,-67.7452591907748,7.55377915694952));
#6881=CARTESIAN_POINT('Ctrl Pts',(155.179856144749,-67.8218459993282,7.58024475720577));
#6882=CARTESIAN_POINT('Ctrl Pts',(155.633160756007,-67.6741947471916,7.60671035746203));
#6883=CARTESIAN_POINT('Ctrl Pts',(155.920675345367,-67.3698957198165,7.63317595771828));
#6884=CARTESIAN_POINT('Ctrl Pts',(156.138832085576,-67.1390034927157,7.65325719635199));
#6885=CARTESIAN_POINT('Ctrl Pts',(156.261538836044,-66.8179247250241,7.6733384349857));
#6886=CARTESIAN_POINT('Ctrl Pts',(156.264452205495,-66.498841135135,7.69341967361941));
#6887=CARTESIAN_POINT('Origin',(154.99999653548,-66.4999985136092,12.));
#6888=CARTESIAN_POINT('',(156.266457583021,-66.5004264661208,8.19341967361941));
#6889=CARTESIAN_POINT('',(156.263653853169,-66.5010602130433,8.05658032638059));
#6890=CARTESIAN_POINT('',(156.26449653548,-66.4999985136092,12.));
#6891=CARTESIAN_POINT('Ctrl Pts',(156.263653853169,-66.5010602130433,8.05658032638059));
#6892=CARTESIAN_POINT('Ctrl Pts',(156.264684079066,-66.6306195800039,8.04843968758501));
#6893=CARTESIAN_POINT('Ctrl Pts',(156.246354080925,-66.759894429619,8.04029904878944));
#6894=CARTESIAN_POINT('Ctrl Pts',(156.207452018813,-66.8826498270512,8.03215840999386));
#6895=CARTESIAN_POINT('Ctrl Pts',(156.080979582084,-67.2817334075076,8.00569280973761));
#6896=CARTESIAN_POINT('Ctrl Pts',(155.737074678771,-67.6119108942042,7.97922720948136));
#6897=CARTESIAN_POINT('Ctrl Pts',(155.333172954574,-67.722031232509,7.9527616092251));
#6898=CARTESIAN_POINT('Ctrl Pts',(154.929271230377,-67.8321515708137,7.92629600896885));
#6899=CARTESIAN_POINT('Ctrl Pts',(154.465372685295,-67.7222147607267,7.8998304087126));
#6900=CARTESIAN_POINT('Ctrl Pts',(154.153845029078,-67.4425476948282,7.87336480845634));
#6901=CARTESIAN_POINT('Ctrl Pts',(153.842317372862,-67.1628806289297,7.84689920820009));
#6902=CARTESIAN_POINT('Ctrl Pts',(153.683160605511,-66.7134833072198,7.82043360794384));
#6903=CARTESIAN_POINT('Ctrl Pts',(153.749234408238,-66.3000866537404,7.79396800768759));
#6904=CARTESIAN_POINT('Ctrl Pts',(153.815308210965,-65.8866900002609,7.76750240743134));
#6905=CARTESIAN_POINT('Ctrl Pts',(154.106612583771,-65.509294015012,7.74103680717508));
#6906=CARTESIAN_POINT('Ctrl Pts',(154.489792692511,-65.3406622467025,7.71457120691883));
#6907=CARTESIAN_POINT('Ctrl Pts',(154.872972801251,-65.172030478393,7.68810560666257));
#6908=CARTESIAN_POINT('Ctrl Pts',(155.348028645925,-65.2121629270229,7.66164000640632));
#6909=CARTESIAN_POINT('Ctrl Pts',(155.697482982565,-65.4426958475021,7.63517440615007));
#6910=CARTESIAN_POINT('Ctrl Pts',(156.043404250724,-65.6708980239904,7.60897637956024));
#6911=CARTESIAN_POINT('Ctrl Pts',(156.266250895929,-66.0856701441823,7.58277835297041));
#6912=CARTESIAN_POINT('Ctrl Pts',(156.266626734466,-66.5000824179659,7.55658032638058));
#6913=CARTESIAN_POINT('Ctrl Pts',(156.264452205495,-66.498841135135,7.69341967361941));
#6914=CARTESIAN_POINT('Ctrl Pts',(156.265378443386,-66.3973959472744,7.69980403524195));
#6915=CARTESIAN_POINT('Ctrl Pts',(156.254196280564,-66.2961524267524,7.70618839686449));
#6916=CARTESIAN_POINT('Ctrl Pts',(156.230123437396,-66.198072851093,7.71257275848703));
#6917=CARTESIAN_POINT('Ctrl Pts',(156.130332372607,-65.7914958123581,7.73903835874329));
#6918=CARTESIAN_POINT('Ctrl Pts',(155.809025675569,-65.4392885375019,7.76550395899954));
#6919=CARTESIAN_POINT('Ctrl Pts',(155.413294612773,-65.3026868744721,7.7919695592558));
#6920=CARTESIAN_POINT('Ctrl Pts',(155.017563549978,-65.1660852114424,7.81843515951205));
#6921=CARTESIAN_POINT('Ctrl Pts',(154.547408121424,-65.2450891602391,7.8449007597683));
#6922=CARTESIAN_POINT('Ctrl Pts',(154.218059796149,-65.5035319174573,7.87136636002455));
#6923=CARTESIAN_POINT('Ctrl Pts',(153.888711470873,-65.7619746746755,7.8978319602808));
#6924=CARTESIAN_POINT('Ctrl Pts',(153.700170248876,-66.1998562403151,7.92429756053706));
#6925=CARTESIAN_POINT('Ctrl Pts',(153.738748322282,-66.6167192642553,7.95076316079331));
#6926=CARTESIAN_POINT('Ctrl Pts',(153.777326395687,-67.0335822881955,7.97722876104956));
#6927=CARTESIAN_POINT('Ctrl Pts',(154.043023764495,-67.4294267704363,8.00369436130581));
#6928=CARTESIAN_POINT('Ctrl Pts',(154.414207114928,-67.623039677053,8.03015996156207));
#6929=CARTESIAN_POINT('Ctrl Pts',(154.785390465361,-67.8166525836697,8.05662556181832));
#6930=CARTESIAN_POINT('Ctrl Pts',(155.262059797419,-67.8080339146622,8.08309116207458));
#6931=CARTESIAN_POINT('Ctrl Pts',(155.626001346944,-67.6011291649765,8.10955676233083));
#6932=CARTESIAN_POINT('Ctrl Pts',(155.989942896469,-67.3942244152907,8.13602236258708));
#6933=CARTESIAN_POINT('Ctrl Pts',(156.241156663461,-66.9890335849267,8.16248796284333));
#6934=CARTESIAN_POINT('Ctrl Pts',(156.264639822926,-66.5710484463288,8.18895356309958));
#6935=CARTESIAN_POINT('Ctrl Pts',(156.265960762617,-66.5475365691934,8.19044226660619));
#6936=CARTESIAN_POINT('Ctrl Pts',(156.266561135372,-66.5239842093332,8.1919309701128));
#6937=CARTESIAN_POINT('Ctrl Pts',(156.266457583021,-66.5004264661208,8.19341967361941));
#6938=CARTESIAN_POINT('Origin',(154.99999653548,-66.4999985136092,12.));
#6939=CARTESIAN_POINT('',(156.263184675302,-66.5008905627706,8.69341967361941));
#6940=CARTESIAN_POINT('',(156.262853717725,-66.4993157856301,8.55658032638059));
#6941=CARTESIAN_POINT('',(156.26449653548,-66.4999985136092,12.));
#6942=CARTESIAN_POINT('Ctrl Pts',(156.262853717725,-66.4993157856301,8.55658032638059));
#6943=CARTESIAN_POINT('Ctrl Pts',(156.26160301487,-66.7545824007946,8.54056662245586));
#6944=CARTESIAN_POINT('Ctrl Pts',(156.186546129074,-67.0105253305644,8.52455291853113));
#6945=CARTESIAN_POINT('Ctrl Pts',(156.042742525549,-67.2190614893493,8.50853921460641));
#6946=CARTESIAN_POINT('Ctrl Pts',(155.805080539029,-67.563705966562,8.48207361435016));
#6947=CARTESIAN_POINT('Ctrl Pts',(155.379646101316,-67.7788651987317,8.45560801409391));
#6948=CARTESIAN_POINT('Ctrl Pts',(154.961198260668,-67.7660417405377,8.42914241383766));
#6949=CARTESIAN_POINT('Ctrl Pts',(154.54275042002,-67.7532182823437,8.40267681358141));
#6950=CARTESIAN_POINT('Ctrl Pts',(154.131289176437,-67.5124121337859,8.37621121332515));
#6951=CARTESIAN_POINT('Ctrl Pts',(153.915176812856,-67.1538616010986,8.3497456130689));
#6952=CARTESIAN_POINT('Ctrl Pts',(153.699064449276,-66.7953110684114,8.32328001281265));
#6953=CARTESIAN_POINT('Ctrl Pts',(153.678300965698,-66.3190161515947,8.29681441255639));
#6954=CARTESIAN_POINT('Ctrl Pts',(153.862391643079,-65.943019272976,8.27034881230014));
#6955=CARTESIAN_POINT('Ctrl Pts',(154.046482320461,-65.5670223943574,8.24388321204388));
#6956=CARTESIAN_POINT('Ctrl Pts',(154.435427158804,-65.2913235539369,8.21741761178763));
#6957=CARTESIAN_POINT('Ctrl Pts',(154.851171644423,-65.2421344978343,8.19095201153138));
#6958=CARTESIAN_POINT('Ctrl Pts',(155.266916130042,-65.1929454417318,8.16448641127513));
#6959=CARTESIAN_POINT('Ctrl Pts',(155.709460262938,-65.3702661699471,8.13802081101888));
#6960=CARTESIAN_POINT('Ctrl Pts',(155.976212344313,-65.6929213711629,8.11155521076262));
#6961=CARTESIAN_POINT('Ctrl Pts',(156.160913298133,-65.9163300250425,8.09323024930194));
#6962=CARTESIAN_POINT('Ctrl Pts',(156.261334766139,-66.2094159740539,8.07490528784126));
#6963=CARTESIAN_POINT('Ctrl Pts',(156.263653853169,-66.5010602130433,8.05658032638059));
#6964=CARTESIAN_POINT('Ctrl Pts',(156.266457583021,-66.5004264661208,8.19341967361941));
#6965=CARTESIAN_POINT('Ctrl Pts',(156.264720221363,-66.1051836812004,8.21839657036905));
#6966=CARTESIAN_POINT('Ctrl Pts',(156.064836093132,-65.7084255449299,8.2433734671187));
#6967=CARTESIAN_POINT('Ctrl Pts',(155.745399647399,-65.4759160320838,8.26835036386834));
#6968=CARTESIAN_POINT('Ctrl Pts',(155.40692376047,-65.2295482032682,8.2948159641246));
#6969=CARTESIAN_POINT('Ctrl Pts',(154.934219434678,-65.1675919924687,8.32128156438085));
#6970=CARTESIAN_POINT('Ctrl Pts',(154.543685332898,-65.3184102524414,8.34774716463711));
#6971=CARTESIAN_POINT('Ctrl Pts',(154.153151231119,-65.4692285124141,8.37421276489336));
#6972=CARTESIAN_POINT('Ctrl Pts',(153.844787353353,-65.832821243159,8.40067836514961));
#6973=CARTESIAN_POINT('Ctrl Pts',(153.759759179602,-66.2427398237842,8.42714396540586));
#6974=CARTESIAN_POINT('Ctrl Pts',(153.674731005851,-66.6526584044095,8.45360956566211));
#6975=CARTESIAN_POINT('Ctrl Pts',(153.813038536115,-67.108902834915,8.48007516591837));
#6976=CARTESIAN_POINT('Ctrl Pts',(154.111366154253,-67.4026096020862,8.50654076617462));
#6977=CARTESIAN_POINT('Ctrl Pts',(154.409693772391,-67.6963163692575,8.53300636643088));
#6978=CARTESIAN_POINT('Ctrl Pts',(154.868041478402,-67.8274854730945,8.55947196668713));
#6979=CARTESIAN_POINT('Ctrl Pts',(155.276582903056,-67.7360691884744,8.58593756694338));
#6980=CARTESIAN_POINT('Ctrl Pts',(155.685124327711,-67.6446529038544,8.61240316719963));
#6981=CARTESIAN_POINT('Ctrl Pts',(156.043859471008,-67.3306512307772,8.63886876745589));
#6982=CARTESIAN_POINT('Ctrl Pts',(156.188563461938,-66.9378105660586,8.66533436771214));
#6983=CARTESIAN_POINT('Ctrl Pts',(156.239750106889,-66.7988496742517,8.6746961363479));
#6984=CARTESIAN_POINT('Ctrl Pts',(156.264155596995,-66.6500238668955,8.68405790498366));
#6985=CARTESIAN_POINT('Ctrl Pts',(156.263184675302,-66.5008905627706,8.69341967361941));
#6986=CARTESIAN_POINT('Origin',(154.99999653548,-66.4999985136092,12.));
#6987=CARTESIAN_POINT('',(156.263230441852,-66.4990847168523,9.19341967361941));
#6988=CARTESIAN_POINT('',(156.26614451429,-66.4992964399886,9.05658032638059));
#6989=CARTESIAN_POINT('',(156.26449653548,-66.4999985136092,12.));
#6990=CARTESIAN_POINT('Ctrl Pts',(156.26614451429,-66.4992964399886,9.05658032638059));
#6991=CARTESIAN_POINT('Ctrl Pts',(156.26362261992,-66.8775361804516,9.03269355732671));
#6992=CARTESIAN_POINT('Ctrl Pts',(156.082945754731,-67.2578661105097,9.00880678827284));
#6993=CARTESIAN_POINT('Ctrl Pts',(155.786844983941,-67.4925912203203,8.98492001921896));
#6994=CARTESIAN_POINT('Ctrl Pts',(155.458776980369,-67.7526574064311,8.95845441896271));
#6995=CARTESIAN_POINT('Ctrl Pts',(154.98901726694,-67.8339824917529,8.93198881870646));
#6996=CARTESIAN_POINT('Ctrl Pts',(154.592616500598,-67.6993367767286,8.90552321845021));
#6997=CARTESIAN_POINT('Ctrl Pts',(154.196215734256,-67.5646910617044,8.87905761819396));
#6998=CARTESIAN_POINT('Ctrl Pts',(153.873173915002,-67.2140745463339,8.8525920179377));
#6999=CARTESIAN_POINT('Ctrl Pts',(153.771375915647,-66.8079954856934,8.82612641768145));
#7000=CARTESIAN_POINT('Ctrl Pts',(153.669577916292,-66.4019164250528,8.7996608174252));
#7001=CARTESIAN_POINT('Ctrl Pts',(153.789023736836,-65.9403748191421,8.77319521716894));
#7002=CARTESIAN_POINT('Ctrl Pts',(154.075032438327,-65.6346591690033,8.74672961691269));
#7003=CARTESIAN_POINT('Ctrl Pts',(154.361041139818,-65.3289435188645,8.72026401665644));
#7004=CARTESIAN_POINT('Ctrl Pts',(154.813612722255,-65.1790538244976,8.69379841640018));
#7005=CARTESIAN_POINT('Ctrl Pts',(155.225565059812,-65.2536078835632,8.66733281614393));
#7006=CARTESIAN_POINT('Ctrl Pts',(155.637517397369,-65.3281619426289,8.64086721588768));
#7007=CARTESIAN_POINT('Ctrl Pts',(156.008850490046,-65.6271597551271,8.61440161563143));
#7008=CARTESIAN_POINT('Ctrl Pts',(156.169572268721,-66.013723522504,8.58793601537517));
#7009=CARTESIAN_POINT('Ctrl Pts',(156.233045129819,-66.1663867677366,8.57748411904364));
#7010=CARTESIAN_POINT('Ctrl Pts',(156.263670032092,-66.332707222668,8.56703222271211));
#7011=CARTESIAN_POINT('Ctrl Pts',(156.262853717725,-66.4993157856301,8.55658032638059));
#7012=CARTESIAN_POINT('Ctrl Pts',(156.263184675302,-66.5008905627706,8.69341967361941));
#7013=CARTESIAN_POINT('Ctrl Pts',(156.26141081378,-66.2284259225939,8.71052350523991));
#7014=CARTESIAN_POINT('Ctrl Pts',(156.174933476756,-65.9549348943989,8.7276273368604));
#7015=CARTESIAN_POINT('Ctrl Pts',(156.012319164177,-65.7387011818944,8.7447311684809));
#7016=CARTESIAN_POINT('Ctrl Pts',(155.760698036927,-65.4041121188092,8.77119676873715));
#7017=CARTESIAN_POINT('Ctrl Pts',(155.326782943866,-65.206613648999,8.7976623689934));
#7018=CARTESIAN_POINT('Ctrl Pts',(154.909215282152,-65.2366183269861,8.82412796924965));
#7019=CARTESIAN_POINT('Ctrl Pts',(154.491647620439,-65.2666230049732,8.85059356950591));
#7020=CARTESIAN_POINT('Ctrl Pts',(154.090427390073,-65.5241308307576,8.87705916976216));
#7021=CARTESIAN_POINT('Ctrl Pts',(153.889228651796,-65.8912576488131,8.90352477001842));
#7022=CARTESIAN_POINT('Ctrl Pts',(153.688029913518,-66.2583844668686,8.92999037027467));
#7023=CARTESIAN_POINT('Ctrl Pts',(153.686852667329,-66.7351302771952,8.95645597053092));
#7024=CARTESIAN_POINT('Ctrl Pts',(153.886235843139,-67.1032462670947,8.98292157078717));
#7025=CARTESIAN_POINT('Ctrl Pts',(154.08561901895,-67.4713622569941,9.00938717104343));
#7026=CARTESIAN_POINT('Ctrl Pts',(154.48556261676,-67.7308484264664,9.03585277129968));
#7027=CARTESIAN_POINT('Ctrl Pts',(154.902977003732,-67.7629149567499,9.06231837155593));
#7028=CARTESIAN_POINT('Ctrl Pts',(155.320391390704,-67.7949814870334,9.08878397181218));
#7029=CARTESIAN_POINT('Ctrl Pts',(155.755276566838,-67.5996283781282,9.11524957206844));
#7030=CARTESIAN_POINT('Ctrl Pts',(156.008547041918,-67.2662860626781,9.14171517232469));
#7031=CARTESIAN_POINT('Ctrl Pts',(156.173480936985,-67.0492080694353,9.1589500060896));
#7032=CARTESIAN_POINT('Ctrl Pts',(156.261395153649,-66.7736112214433,9.17618483985451));
#7033=CARTESIAN_POINT('Ctrl Pts',(156.263230441852,-66.4990847168523,9.19341967361941));
#7034=CARTESIAN_POINT('Origin',(154.99999653548,-66.4999985136092,12.));
#7035=CARTESIAN_POINT('',(156.266485935109,-66.4996063782175,9.69341967361942));
#7036=CARTESIAN_POINT('',(156.264977775788,-66.5011175402473,9.55658032638059));
#7037=CARTESIAN_POINT('',(156.26449653548,-66.4999985136092,12.));
#7038=CARTESIAN_POINT('Ctrl Pts',(156.264977775788,-66.5011175402473,9.55658032638059));
#7039=CARTESIAN_POINT('Ctrl Pts',(156.265751117173,-66.5851513799895,9.55128609245382));
#7040=CARTESIAN_POINT('Ctrl Pts',(156.258093319559,-66.6690450056182,9.54599185852705));
#7041=CARTESIAN_POINT('Ctrl Pts',(156.241489287126,-66.7511289774279,9.54069762460028));
#7042=CARTESIAN_POINT('Ctrl Pts',(156.158486591917,-67.1614624865644,9.51423202434403));
#7043=CARTESIAN_POINT('Ctrl Pts',(155.851922128099,-67.5265736852461,9.48776642408777));
#7044=CARTESIAN_POINT('Ctrl Pts',(155.462137622434,-67.6793188170033,9.46130082383152));
#7045=CARTESIAN_POINT('Ctrl Pts',(155.072353116769,-67.8320639487605,9.43483522357526));
#7046=CARTESIAN_POINT('Ctrl Pts',(154.599348569256,-67.7724430135933,9.40836962331901));
#7047=CARTESIAN_POINT('Ctrl Pts',(154.259660085015,-67.5277497978997,9.38190402306276));
#7048=CARTESIAN_POINT('Ctrl Pts',(153.919971600774,-67.283056582206,9.3554384228065));
#7049=CARTESIAN_POINT('Ctrl Pts',(153.713599179806,-66.8532910859861,9.32897282255025));
#7050=CARTESIAN_POINT('Ctrl Pts',(153.735017770556,-66.4351950681827,9.302507222294));
#7051=CARTESIAN_POINT('Ctrl Pts',(153.756436361305,-66.0170990503793,9.27604162203775));
#7052=CARTESIAN_POINT('Ctrl Pts',(154.005645963773,-65.6106725109926,9.2495760217815));
#7053=CARTESIAN_POINT('Ctrl Pts',(154.368561254761,-65.4019728998308,9.22311042152524));
#7054=CARTESIAN_POINT('Ctrl Pts',(154.731476545749,-65.1932732886689,9.19664482126899));
#7055=CARTESIAN_POINT('Ctrl Pts',(155.208097525256,-65.1823006057319,9.17017922101274));
#7056=CARTESIAN_POINT('Ctrl Pts',(155.580232526706,-65.3740780205326,9.14371362075648));
#7057=CARTESIAN_POINT('Ctrl Pts',(155.952367528156,-65.5658554353333,9.11724802050023));
#7058=CARTESIAN_POINT('Ctrl Pts',(156.220016551549,-65.9603829478716,9.09078242024398));
#7059=CARTESIAN_POINT('Ctrl Pts',(156.260652916388,-66.3770503475906,9.06431681998773));
#7060=CARTESIAN_POINT('Ctrl Pts',(156.264612559267,-66.4176507829106,9.06173798878535));
#7061=CARTESIAN_POINT('Ctrl Pts',(156.266416779655,-66.4584614303443,9.05915915758297));
#7062=CARTESIAN_POINT('Ctrl Pts',(156.26614451429,-66.4992964399886,9.05658032638059));
#7063=CARTESIAN_POINT('Ctrl Pts',(156.263230441852,-66.4990847168523,9.19341967361941));
#7064=CARTESIAN_POINT('Ctrl Pts',(156.264213399802,-66.3520516735326,9.20265044011076));
#7065=CARTESIAN_POINT('Ctrl Pts',(156.240504248827,-66.2053256627969,9.2118812066021));
#7066=CARTESIAN_POINT('Ctrl Pts',(156.190711165172,-66.0680617097477,9.22111197309345));
#7067=CARTESIAN_POINT('Ctrl Pts',(156.047949039321,-65.6745111942625,9.2475775733497));
#7068=CARTESIAN_POINT('Ctrl Pts',(155.690769013593,-65.3587416852868,9.27404317360596));
#7069=CARTESIAN_POINT('Ctrl Pts',(155.282684043633,-65.2653088746194,9.30050877386221));
#7070=CARTESIAN_POINT('Ctrl Pts',(154.874599073673,-65.1718760639521,9.32697437411846));
#7071=CARTESIAN_POINT('Ctrl Pts',(154.415609159482,-65.3007799515929,9.35343997437471));
#7072=CARTESIAN_POINT('Ctrl Pts',(154.115834666352,-65.5930098030543,9.37990557463096));
#7073=CARTESIAN_POINT('Ctrl Pts',(153.816060173222,-65.8852396545156,9.40637117488722));
#7074=CARTESIAN_POINT('Ctrl Pts',(153.675501101154,-66.3407954697975,9.43283677514347));
#7075=CARTESIAN_POINT('Ctrl Pts',(153.758503795578,-66.7511289750523,9.45930237539973));
#7076=CARTESIAN_POINT('Ctrl Pts',(153.841506490003,-67.1614624803071,9.48576797565598));
#7077=CARTESIAN_POINT('Ctrl Pts',(154.14807095092,-67.5265736755348,9.51223357591223));
#7078=CARTESIAN_POINT('Ctrl Pts',(154.537855452898,-67.6793188058471,9.53869917616848));
#7079=CARTESIAN_POINT('Ctrl Pts',(154.927639954876,-67.8320639361593,9.56516477642474));
#7080=CARTESIAN_POINT('Ctrl Pts',(155.400644497914,-67.7724430015561,9.59163037668099));
#7081=CARTESIAN_POINT('Ctrl Pts',(155.740332978942,-67.5277497881772,9.61809597693724));
#7082=CARTESIAN_POINT('Ctrl Pts',(156.062595234644,-67.2956094852144,9.6432038758313));
#7083=CARTESIAN_POINT('Ctrl Pts',(156.264868963336,-66.8968984796236,9.66831177472536));
#7084=CARTESIAN_POINT('Ctrl Pts',(156.266485935109,-66.4996063782175,9.69341967361942));
#7085=CARTESIAN_POINT('Origin',(154.99999653548,-66.4999985136092,12.));
#7086=CARTESIAN_POINT('',(156.264389656087,-66.5011553795061,10.1934196736194));
#7087=CARTESIAN_POINT('',(156.262483113146,-66.5000156759159,10.0565803263806));
#7088=CARTESIAN_POINT('',(156.26449653548,-66.4999985136092,12.));
#7089=CARTESIAN_POINT('Ctrl Pts',(156.262483113146,-66.5000156759159,10.0565803263806));
#7090=CARTESIAN_POINT('Ctrl Pts',(156.262508531539,-66.7100631505013,10.0434130273247));
#7091=CARTESIAN_POINT('Ctrl Pts',(156.212955363547,-66.920099345273,10.0302457282688));
#7092=CARTESIAN_POINT('Ctrl Pts',(156.113757238357,-67.1032462728013,10.0170784292128));
#7093=CARTESIAN_POINT('Ctrl Pts',(155.914374060661,-67.4713622661831,9.99061282895658));
#7094=CARTESIAN_POINT('Ctrl Pts',(155.514430459067,-67.7308484381101,9.96414722870033));
#7095=CARTESIAN_POINT('Ctrl Pts',(155.097016068146,-67.762914968697,9.93768162844407));
#7096=CARTESIAN_POINT('Ctrl Pts',(154.679601677225,-67.7949814992839,9.91121602818782));
#7097=CARTESIAN_POINT('Ctrl Pts',(154.244716496977,-67.5996283885306,9.88475042793157));
#7098=CARTESIAN_POINT('Ctrl Pts',(153.991446019501,-67.2662860699271,9.85828482767532));
#7099=CARTESIAN_POINT('Ctrl Pts',(153.738175542026,-66.9329437513237,9.83181922741906));
#7100=CARTESIAN_POINT('Ctrl Pts',(153.666519767322,-66.4616122248699,9.80535362716281));
#7101=CARTESIAN_POINT('Ctrl Pts',(153.809281894524,-66.0680617056617,9.77888802690655));
#7102=CARTESIAN_POINT('Ctrl Pts',(153.952044021725,-65.6745111864534,9.7524224266503));
#7103=CARTESIAN_POINT('Ctrl Pts',(154.309224050833,-65.3587416744907,9.72595682639405));
#7104=CARTESIAN_POINT('Ctrl Pts',(154.717309024653,-65.2653088629394,9.6994912261378));
#7105=CARTESIAN_POINT('Ctrl Pts',(155.125393998473,-65.1718760513881,9.67302562588154));
#7106=CARTESIAN_POINT('Ctrl Pts',(155.584383917006,-65.3007799402483,9.64656002562529));
#7107=CARTESIAN_POINT('Ctrl Pts',(155.884158412972,-65.5930097944742,9.62009442536903));
#7108=CARTESIAN_POINT('Ctrl Pts',(156.123965392934,-65.8267813785804,9.59892305903955));
#7109=CARTESIAN_POINT('Ctrl Pts',(156.261885223781,-66.1650705823942,9.57775169271007));
#7110=CARTESIAN_POINT('Ctrl Pts',(156.264977775788,-66.5011175402473,9.55658032638059));
#7111=CARTESIAN_POINT('Ctrl Pts',(156.266485935109,-66.4996063782175,9.69341967361942));
#7112=CARTESIAN_POINT('Ctrl Pts',(156.266573372325,-66.4781229387013,9.69477737498161));
#7113=CARTESIAN_POINT('Ctrl Pts',(156.266074075138,-66.4566436481603,9.69613507634381));
#7114=CARTESIAN_POINT('Ctrl Pts',(156.264975288438,-66.4351950687957,9.697492777706));
#7115=CARTESIAN_POINT('Ctrl Pts',(156.243556697891,-66.0170990549474,9.72395837796225));
#7116=CARTESIAN_POINT('Ctrl Pts',(155.99434709778,-65.6106725194055,9.75042397821851));
#7117=CARTESIAN_POINT('Ctrl Pts',(155.631431810226,-65.4019729102179,9.77688957847476));
#7118=CARTESIAN_POINT('Ctrl Pts',(155.268516522671,-65.1932733010304,9.80335517873101));
#7119=CARTESIAN_POINT('Ctrl Pts',(154.791895547673,-65.1823006181973,9.82982077898727));
#7120=CARTESIAN_POINT('Ctrl Pts',(154.419760549743,-65.3740780311838,9.85628637924352));
#7121=CARTESIAN_POINT('Ctrl Pts',(154.047625551813,-65.5658554441703,9.88275197949977));
#7122=CARTESIAN_POINT('Ctrl Pts',(153.779976530952,-65.9603829529763,9.90921757975602));
#7123=CARTESIAN_POINT('Ctrl Pts',(153.739340166497,-66.3770503487537,9.93568318001228));
#7124=CARTESIAN_POINT('Ctrl Pts',(153.698703802043,-66.7937177445311,9.96214878026853));
#7125=CARTESIAN_POINT('Ctrl Pts',(153.885080093994,-67.2325250272798,9.98861438052478));
#7126=CARTESIAN_POINT('Ctrl Pts',(154.213148094462,-67.4925912109304,10.015079980781));
#7127=CARTESIAN_POINT('Ctrl Pts',(154.541216094931,-67.752657394581,10.0415455810373));
#7128=CARTESIAN_POINT('Ctrl Pts',(155.010975803917,-67.8339824791335,10.0680111812935));
#7129=CARTESIAN_POINT('Ctrl Pts',(155.407376566509,-67.6993367653829,10.0944767815498));
#7130=CARTESIAN_POINT('Ctrl Pts',(155.803777329101,-67.5646910516324,10.120942381806));
#7131=CARTESIAN_POINT('Ctrl Pts',(156.126819145299,-67.2140745395788,10.1474079820623));
#7132=CARTESIAN_POINT('Ctrl Pts',(156.228617143691,-66.8079954827797,10.1738735823186));
#7133=CARTESIAN_POINT('Ctrl Pts',(156.253678014552,-66.7080259847305,10.1803889460855));
#7134=CARTESIAN_POINT('Ctrl Pts',(156.265330237604,-66.6046951374856,10.1869043098525));
#7135=CARTESIAN_POINT('Ctrl Pts',(156.264389656087,-66.5011553795061,10.1934196736194));
#7136=CARTESIAN_POINT('Origin',(154.99999653548,-66.4999985136092,12.));
#7137=CARTESIAN_POINT('',(156.26254824735,-66.4996990392442,10.6934196736194));
#7138=CARTESIAN_POINT('',(156.264914746404,-66.4988708016577,10.5565803263806));
#7139=CARTESIAN_POINT('',(156.26449653548,-66.4999985136092,12.));
#7140=CARTESIAN_POINT('Ctrl Pts',(156.264914746404,-66.4988708016577,10.5565803263806));
#7141=CARTESIAN_POINT('Ctrl Pts',(156.261833886538,-66.832881203767,10.5355399621955));
#7142=CARTESIAN_POINT('Ctrl Pts',(156.125799773289,-67.1691103760136,10.5144995980105));
#7143=CARTESIAN_POINT('Ctrl Pts',(155.888626925113,-67.4026096106249,10.4934592338254));
#7144=CARTESIAN_POINT('Ctrl Pts',(155.590299304154,-67.6963163805746,10.4669936335691));
#7145=CARTESIAN_POINT('Ctrl Pts',(155.131951593806,-67.8274854856524,10.4405280333129));
#7146=CARTESIAN_POINT('Ctrl Pts',(154.723410165287,-67.7360692001675,10.4140624330566));
#7147=CARTESIAN_POINT('Ctrl Pts',(154.314868736768,-67.6446529146827,10.3875968328004));
#7148=CARTESIAN_POINT('Ctrl Pts',(153.956133590077,-67.3306512386352,10.3611312325441));
#7149=CARTESIAN_POINT('Ctrl Pts',(153.811429597779,-66.9378105702003,10.3346656322879));
#7150=CARTESIAN_POINT('Ctrl Pts',(153.666725605481,-66.5449699017654,10.3082000320316));
#7151=CARTESIAN_POINT('Ctrl Pts',(153.736052767576,-66.073290240943,10.2817344317754));
#7152=CARTESIAN_POINT('Ctrl Pts',(153.987673897206,-65.7387011746926,10.2552688315191));
#7153=CARTESIAN_POINT('Ctrl Pts',(154.239295026837,-65.4041121084422,10.2288032312629));
#7154=CARTESIAN_POINT('Ctrl Pts',(154.673210124003,-65.2066136367637,10.2023376310066));
#7155=CARTESIAN_POINT('Ctrl Pts',(155.090777789667,-65.2366183150346,10.1758720307504));
#7156=CARTESIAN_POINT('Ctrl Pts',(155.50834545533,-65.2666229933055,10.1494064304941));
#7157=CARTESIAN_POINT('Ctrl Pts',(155.909565689491,-65.5241308215259,10.1229408302378));
#7158=CARTESIAN_POINT('Ctrl Pts',(156.110764429672,-65.8912576430544,10.0964752299816));
#7159=CARTESIAN_POINT('Ctrl Pts',(156.21186175685,-66.075729674829,10.0831769287812));
#7160=CARTESIAN_POINT('Ctrl Pts',(156.262457441864,-66.287878428061,10.0698786275809));
#7161=CARTESIAN_POINT('Ctrl Pts',(156.262483113146,-66.5000156759159,10.0565803263806));
#7162=CARTESIAN_POINT('Ctrl Pts',(156.264389656087,-66.5011553795061,10.1934196736194));
#7163=CARTESIAN_POINT('Ctrl Pts',(156.261509567672,-66.1841135792902,10.2133699101087));
#7164=CARTESIAN_POINT('Ctrl Pts',(156.140559027982,-65.8651130267901,10.233320146598));
#7165=CARTESIAN_POINT('Ctrl Pts',(155.924960623883,-65.6346591771893,10.2532703830873));
#7166=CARTESIAN_POINT('Ctrl Pts',(155.638951925098,-65.3289435299425,10.2797359833436));
#7167=CARTESIAN_POINT('Ctrl Pts',(155.186380346941,-65.1790538369937,10.3062015835998));
#7168=CARTESIAN_POINT('Ctrl Pts',(154.774428013281,-65.253607895354,10.3326671838561));
#7169=CARTESIAN_POINT('Ctrl Pts',(154.362475679621,-65.3281619537144,10.3591327841123));
#7170=CARTESIAN_POINT('Ctrl Pts',(153.991142590458,-65.6271597633839,10.3855983843686));
#7171=CARTESIAN_POINT('Ctrl Pts',(153.830420813303,-66.0137235271041,10.4120639846248));
#7172=CARTESIAN_POINT('Ctrl Pts',(153.669699036149,-66.4002872908243,10.4385295848811));
#7173=CARTESIAN_POINT('Ctrl Pts',(153.719588571003,-66.8744170085951,10.4649951851373));
#7174=CARTESIAN_POINT('Ctrl Pts',(153.957250555275,-67.2190614825473,10.4914607853936));
#7175=CARTESIAN_POINT('Ctrl Pts',(154.194912539547,-67.5637059564995,10.5179263856498));
#7176=CARTESIAN_POINT('Ctrl Pts',(154.620346973236,-67.7788651866332,10.5443919859061));
#7177=CARTESIAN_POINT('Ctrl Pts',(155.038794809925,-67.7660417285607,10.5708575861623));
#7178=CARTESIAN_POINT('Ctrl Pts',(155.457242646615,-67.7532182704882,10.5973231864186));
#7179=CARTESIAN_POINT('Ctrl Pts',(155.868703886305,-67.5124121242095,10.6237887866749));
#7180=CARTESIAN_POINT('Ctrl Pts',(156.084816247841,-67.1538615949136,10.6502543869311));
#7181=CARTESIAN_POINT('Ctrl Pts',(156.20230904292,-66.9589301085131,10.6646428158272));
#7182=CARTESIAN_POINT('Ctrl Pts',(156.262062184351,-66.729196682329,10.6790312447233));
#7183=CARTESIAN_POINT('Ctrl Pts',(156.26254824735,-66.4996990392442,10.6934196736194));
#7184=CARTESIAN_POINT('Origin',(154.99999653548,-66.4999985136092,12.));
#7185=CARTESIAN_POINT('',(156.265488200194,-66.4989936148751,11.1934196736194));
#7186=CARTESIAN_POINT('',(156.266188692762,-66.5006702588274,11.0565803263806));
#7187=CARTESIAN_POINT('',(156.26449653548,-66.4999985136092,12.));
#7188=CARTESIAN_POINT('Ctrl Pts',(156.266188692762,-66.5006702588274,11.0565803263806));
#7189=CARTESIAN_POINT('Ctrl Pts',(156.266438097466,-66.5394273283665,11.0541324973226));
#7190=CARTESIAN_POINT('Ctrl Pts',(156.264812884098,-66.5781631992567,11.0516846682647));
#7191=CARTESIAN_POINT('Ctrl Pts',(156.261244760607,-66.616719265356,11.0492368392067));
#7192=CARTESIAN_POINT('Ctrl Pts',(156.222666686835,-67.0335822932363,11.0227712389504));
#7193=CARTESIAN_POINT('Ctrl Pts',(155.956969315518,-67.4294267792287,10.9963056386942));
#7194=CARTESIAN_POINT('Ctrl Pts',(155.585785961575,-67.6230396876786,10.9698400384379));
#7195=CARTESIAN_POINT('Ctrl Pts',(155.214602607631,-67.8166525961286,10.9433744381817));
#7196=CARTESIAN_POINT('Ctrl Pts',(154.737933271062,-67.8080339270361,10.9169088379254));
#7197=CARTESIAN_POINT('Ctrl Pts',(154.373991718094,-67.6011291753922,10.8904432376692));
#7198=CARTESIAN_POINT('Ctrl Pts',(154.010050165125,-67.3942244237483,10.8639776374129));
#7199=CARTESIAN_POINT('Ctrl Pts',(153.758836395758,-66.989033589553,10.8375120371567));
#7200=CARTESIAN_POINT('Ctrl Pts',(153.735353236071,-66.5710484470015,10.8110464369004));
#7201=CARTESIAN_POINT('Ctrl Pts',(153.711870076385,-66.15306330445,10.7845808366442));
#7202=CARTESIAN_POINT('Ctrl Pts',(153.91611752638,-65.7222838535424,10.7581152363879));
#7203=CARTESIAN_POINT('Ctrl Pts',(154.25459341651,-65.4759160223959,10.7316496361317));
#7204=CARTESIAN_POINT('Ctrl Pts',(154.59306930664,-65.2295481912494,10.7051840358754));
#7205=CARTESIAN_POINT('Ctrl Pts',(155.065773636905,-65.1675919798642,10.6787184356192));
#7206=CARTESIAN_POINT('Ctrl Pts',(155.456307742379,-65.3184102412637,10.6522528353629));
#7207=CARTESIAN_POINT('Ctrl Pts',(155.846841847853,-65.4692285026632,10.6257872351066));
#7208=CARTESIAN_POINT('Ctrl Pts',(156.155205728535,-65.8328212368475,10.5993216348504));
#7209=CARTESIAN_POINT('Ctrl Pts',(156.240233903091,-66.2427398213505,10.5728560345941));
#7210=CARTESIAN_POINT('Ctrl Pts',(156.257663997825,-66.3267698478514,10.567430798523));
#7211=CARTESIAN_POINT('Ctrl Pts',(156.265709142923,-66.4127465660819,10.5620055624518));
#7212=CARTESIAN_POINT('Ctrl Pts',(156.264914746404,-66.4988708016577,10.5565803263806));
#7213=CARTESIAN_POINT('Ctrl Pts',(156.26254824735,-66.4996990392442,10.6934196736194));
#7214=CARTESIAN_POINT('Ctrl Pts',(156.262956232556,-66.3070663076027,10.7054968449796));
#7215=CARTESIAN_POINT('Ctrl Pts',(156.221608377626,-66.1145996938408,10.7175740163397));
#7216=CARTESIAN_POINT('Ctrl Pts',(156.137601417119,-65.9430192782439,10.7296511876999));
#7217=CARTESIAN_POINT('Ctrl Pts',(155.953510741478,-65.5670224031832,10.7561167879561));
#7218=CARTESIAN_POINT('Ctrl Pts',(155.564565906815,-65.291323565375,10.7825823882124));
#7219=CARTESIAN_POINT('Ctrl Pts',(155.148821425129,-65.2421345097357,10.8090479884686));
#7220=CARTESIAN_POINT('Ctrl Pts',(154.733076943443,-65.1929454540965,10.8355135887249));
#7221=CARTESIAN_POINT('Ctrl Pts',(154.290532814734,-65.3702661806261,10.8619791889811));
#7222=CARTESIAN_POINT('Ctrl Pts',(154.023780735882,-65.6929213787936,10.8884447892374));
#7223=CARTESIAN_POINT('Ctrl Pts',(153.75702865703,-66.015576576961,10.9149103894936));
#7224=CARTESIAN_POINT('Ctrl Pts',(153.666068628036,-66.4835662467663,10.9413759897499));
#7225=CARTESIAN_POINT('Ctrl Pts',(153.792541063569,-66.8826498234397,10.9678415900061));
#7226=CARTESIAN_POINT('Ctrl Pts',(153.919013499103,-67.2817334001132,10.9943071902624));
#7227=CARTESIAN_POINT('Ctrl Pts',(154.262918399164,-67.6119108836548,11.0207727905186));
#7228=CARTESIAN_POINT('Ctrl Pts',(154.666820119539,-67.7220312209325,11.0472383907749));
#7229=CARTESIAN_POINT('Ctrl Pts',(155.070721839914,-67.8321515582103,11.0737039910312));
#7230=CARTESIAN_POINT('Ctrl Pts',(155.534620380602,-67.7222147492242,11.1001695912874));
#7231=CARTESIAN_POINT('Ctrl Pts',(155.846148033875,-67.4425476859431,11.1266351915437));
#7232=CARTESIAN_POINT('Ctrl Pts',(156.10818898231,-67.2073062178483,11.1488966855689));
#7233=CARTESIAN_POINT('Ctrl Pts',(156.262422892473,-66.8519754313077,11.1711581795942));
#7234=CARTESIAN_POINT('Ctrl Pts',(156.265488200194,-66.4989936148751,11.1934196736194));
#7235=CARTESIAN_POINT('Origin',(154.99999653548,-66.4999985136092,12.));
#7236=CARTESIAN_POINT('',(156.265719202711,-66.5009033205132,11.6934196736194));
#7237=CARTESIAN_POINT('',(156.262886473919,-66.5007070210721,11.5565803263806));
#7238=CARTESIAN_POINT('',(156.26449653548,-66.4999985136092,12.));
#7239=CARTESIAN_POINT('',(154.041880382758,-67.3252098125457,12.));
#7240=CARTESIAN_POINT('Ctrl Pts',(156.265719202711,-66.5009033205132,11.6934196736194));
#7241=CARTESIAN_POINT('Ctrl Pts',(156.262775976568,-66.1396763705124,11.7162163149775));
#7242=CARTESIAN_POINT('Ctrl Pts',(156.100150387773,-65.7761788137938,11.7390129563356));
#7243=CARTESIAN_POINT('Ctrl Pts',(155.826985345117,-65.5406580771708,11.7618095976937));
#7244=CARTESIAN_POINT('Ctrl Pts',(155.509856312408,-65.2672319364683,11.78827519795));
#7245=CARTESIAN_POINT('Ctrl Pts',(155.043743469209,-65.1662914888494,11.8147407982062));
#7246=CARTESIAN_POINT('Ctrl Pts',(154.642209225606,-65.2847352934312,11.8412063984625));
#7247=CARTESIAN_POINT('Ctrl Pts',(154.240674982003,-65.4031790980129,11.8676719987187));
#7248=CARTESIAN_POINT('Ctrl Pts',(153.903719337996,-65.7410071547954,11.894137598975));
#7249=CARTESIAN_POINT('Ctrl Pts',(153.785409208264,-66.1418530943572,11.9206031992312));
#7250=CARTESIAN_POINT('Ctrl Pts',(153.667099078531,-66.5426990339191,11.9470687994875));
#7251=CARTESIAN_POINT('Ctrl Pts',(153.767434463073,-67.0065628562602,11.9735343997438));
#7252=CARTESIAN_POINT('Ctrl Pts',(154.041880382758,-67.3252098125457,12.));
#7253=CARTESIAN_POINT('',(155.959975562909,-67.3265896278593,12.));
#7254=CARTESIAN_POINT('Origin',(154.99999653548,-66.4999985136092,12.));
#7255=CARTESIAN_POINT('Ctrl Pts',(155.95997807597,-67.326591489262,12.));
#7256=CARTESIAN_POINT('Ctrl Pts',(155.693097952021,-67.6353710343814,11.974200549221));
#7257=CARTESIAN_POINT('Ctrl Pts',(155.262903057148,-67.8045417226924,11.948401098442));
#7258=CARTESIAN_POINT('Ctrl Pts',(154.857317332738,-67.7585243407143,11.922601647663));
#7259=CARTESIAN_POINT('Ctrl Pts',(154.441259264531,-67.711318776274,11.8961360474068));
#7260=CARTESIAN_POINT('Ctrl Pts',(154.051097605591,-67.4376692385987,11.8696704471505));
#7261=CARTESIAN_POINT('Ctrl Pts',(153.865188721733,-67.0626185731723,11.8432048468943));
#7262=CARTESIAN_POINT('Ctrl Pts',(153.679279837875,-66.687567907746,11.816739246638));
#7263=CARTESIAN_POINT('Ctrl Pts',(153.697623729098,-66.2111161145686,11.7902736463818));
#7264=CARTESIAN_POINT('Ctrl Pts',(153.91194524322,-65.8514869892794,11.7638080461255));
#7265=CARTESIAN_POINT('Ctrl Pts',(154.126266757341,-65.4918578639903,11.7373424458693));
#7266=CARTESIAN_POINT('Ctrl Pts',(154.536565894361,-65.2490514065893,11.710876845613));
#7267=CARTESIAN_POINT('Ctrl Pts',(154.954953674204,-65.2341690389989,11.6844112453568));
#7268=CARTESIAN_POINT('Ctrl Pts',(155.373341454046,-65.2192866714084,11.6579456451005));
#7269=CARTESIAN_POINT('Ctrl Pts',(155.799817876711,-65.4323283936285,11.6314800448443));
#7270=CARTESIAN_POINT('Ctrl Pts',(156.039175027421,-65.7757913434834,11.605014444588));
#7271=CARTESIAN_POINT('Ctrl Pts',(156.185189128985,-65.9853126963852,11.5888697385189));
#7272=CARTESIAN_POINT('Ctrl Pts',(156.261570198316,-66.243367936005,11.5727250324497));
#7273=CARTESIAN_POINT('Ctrl Pts',(156.262886473919,-66.5007070210721,11.5565803263806));
#7274=CARTESIAN_POINT('Origin',(154.99999653548,-66.4999985136092,13.1042117235887));
#7275=CARTESIAN_POINT('',(156.545595900474,-66.5001008974941,7.39578827641127));
#7276=CARTESIAN_POINT('',(156.540563249515,-66.5003582612999,7.35421172358873));
#7277=CARTESIAN_POINT('',(156.54299653548,-66.4999985136093,13.1042117235887));
#7278=CARTESIAN_POINT('',(154.601482693623,-65.0093490853907,7.));
#7279=CARTESIAN_POINT('Ctrl Pts',(156.540563249515,-66.5003582612999,7.35421172358873));
#7280=CARTESIAN_POINT('Ctrl Pts',(156.540995324476,-66.7379870676164,7.34200355008417));
#7281=CARTESIAN_POINT('Ctrl Pts',(156.377500149256,-67.4901547408332,7.30332977632335));
#7282=CARTESIAN_POINT('Ctrl Pts',(155.205700107906,-68.3120256777562,7.23819040230627));
#7283=CARTESIAN_POINT('Ctrl Pts',(153.587821695028,-67.655881342374,7.15879360153752));
#7284=CARTESIAN_POINT('Ctrl Pts',(153.265575490774,-65.9391641456684,7.07939680076876));
#7285=CARTESIAN_POINT('Ctrl Pts',(154.105727662418,-65.1418854405963,7.02646560025625));
#7286=CARTESIAN_POINT('Ctrl Pts',(154.601482693623,-65.0093490853907,7.));
#7287=CARTESIAN_POINT('',(155.398510377337,-65.0093490853906,7.));
#7288=CARTESIAN_POINT('Origin',(154.99999653548,-66.4999985136092,7.));
#7289=CARTESIAN_POINT('Ctrl Pts',(156.545595900474,-66.5001008974941,7.39578827641127));
#7290=CARTESIAN_POINT('Ctrl Pts',(156.545600584542,-66.5052657091992,7.39552070274484));
#7291=CARTESIAN_POINT('Ctrl Pts',(156.543239281782,-67.0212753259901,7.36878752882217));
#7292=CARTESIAN_POINT('Ctrl Pts',(155.973457121541,-68.0423925004317,7.31558875464324));
#7293=CARTESIAN_POINT('Ctrl Pts',(154.231759492499,-68.1543651003846,7.23619195387448));
#7294=CARTESIAN_POINT('Ctrl Pts',(153.193535482749,-66.7512584408839,7.15679515310573));
#7295=CARTESIAN_POINT('Ctrl Pts',(153.803906228302,-65.1325888848947,7.07806450181423));
#7296=CARTESIAN_POINT('Ctrl Pts',(154.918097314418,-64.8788828966379,7.02579945077899));
#7297=CARTESIAN_POINT('Ctrl Pts',(155.399440923172,-65.006673669095,7.));
#7298=CARTESIAN_POINT('Origin',(154.99999653548,-66.4999985136092,13.1042117235887));
#7299=CARTESIAN_POINT('',(156.541968256472,-66.5012940472011,7.89578827641127));
#7300=CARTESIAN_POINT('',(156.542942442031,-66.4985862281323,7.85421172358872));
#7301=CARTESIAN_POINT('',(156.54299653548,-66.4999985136093,13.1042117235887));
#7302=CARTESIAN_POINT('Ctrl Pts',(156.542942442031,-66.4985862281323,7.85421172358872));
#7303=CARTESIAN_POINT('Ctrl Pts',(156.53938741707,-66.8879464331135,7.83413048495501));
#7304=CARTESIAN_POINT('Ctrl Pts',(156.192318881878,-67.7960980805098,7.78758364606504));
#7305=CARTESIAN_POINT('Ctrl Pts',(154.666326596318,-68.2931472305023,7.71457120691883));
#7306=CARTESIAN_POINT('Ctrl Pts',(153.312383589025,-67.1919069618362,7.63517440615007));
#7307=CARTESIAN_POINT('Ctrl Pts',(153.503612643899,-65.4571423589302,7.55577760538131));
#7308=CARTESIAN_POINT('Ctrl Pts',(155.06482999427,-64.6772529828431,7.47638080461255));
#7309=CARTESIAN_POINT('Ctrl Pts',(156.335877293431,-65.4294322100238,7.40919217734835));
#7310=CARTESIAN_POINT('Ctrl Pts',(156.540058646833,-66.2228412929439,7.36846915034042));
#7311=CARTESIAN_POINT('Ctrl Pts',(156.540563249515,-66.5003582612999,7.35421172358873));
#7312=CARTESIAN_POINT('Ctrl Pts',(156.541968256472,-66.5012940472011,7.89578827641127));
#7313=CARTESIAN_POINT('Ctrl Pts',(156.543225384632,-66.6593882371735,7.8876476376157));
#7314=CARTESIAN_POINT('Ctrl Pts',(156.448141825119,-67.3299782046588,7.85304139856387));
#7315=CARTESIAN_POINT('Ctrl Pts',(155.479764277107,-68.2597016889598,7.7919695592558));
#7316=CARTESIAN_POINT('Ctrl Pts',(153.78155441931,-67.8572521089733,7.71257275848703));
#7317=CARTESIAN_POINT('Ctrl Pts',(153.198923596006,-66.2121273939119,7.63317595771828));
#7318=CARTESIAN_POINT('Ctrl Pts',(154.265311845683,-64.8305805250172,7.55377915694952));
#7319=CARTESIAN_POINT('Ctrl Pts',(155.998504873362,-64.9769996901088,7.47464992984718));
#7320=CARTESIAN_POINT('Ctrl Pts',(156.54513728532,-65.9944163277448,7.4219863030011));
#7321=CARTESIAN_POINT('Ctrl Pts',(156.545595900474,-66.5001008974941,7.39578827641127));
#7322=CARTESIAN_POINT('Origin',(154.99999653548,-66.4999985136092,13.1042117235887));
#7323=CARTESIAN_POINT('',(156.540991895072,-66.4991654180998,8.39578827641127));
#7324=CARTESIAN_POINT('',(156.545389494243,-66.5005207205886,8.35421172358872));
#7325=CARTESIAN_POINT('',(156.54299653548,-66.4999985136093,13.1042117235887));
#7326=CARTESIAN_POINT('Ctrl Pts',(156.545389494243,-66.5005207205885,8.35421172358872));
#7327=CARTESIAN_POINT('Ctrl Pts',(156.545515853498,-66.5292669426343,8.35272302008211));
#7328=CARTESIAN_POINT('Ctrl Pts',(156.531759334985,-67.0689291301987,8.32476871631925));
#7329=CARTESIAN_POINT('Ctrl Pts',(155.901431405023,-68.0856054867577,8.27034881230014));
#7330=CARTESIAN_POINT('Ctrl Pts',(154.156471074382,-68.1171561540852,8.19095201153138));
#7331=CARTESIAN_POINT('Ctrl Pts',(153.183823292482,-66.6680742179106,8.11155521076262));
#7332=CARTESIAN_POINT('Ctrl Pts',(153.874022831133,-65.0651056395432,8.03215840999387));
#7333=CARTESIAN_POINT('Ctrl Pts',(155.595137484178,-64.775893082026,7.9527616092251));
#7334=CARTESIAN_POINT('Ctrl Pts',(156.473864082141,-65.7391282192503,7.89344604709006));
#7335=CARTESIAN_POINT('Ctrl Pts',(156.544072679331,-66.3747982290268,7.86059608521126));
#7336=CARTESIAN_POINT('Ctrl Pts',(156.542942442031,-66.4985862281323,7.85421172358872));
#7337=CARTESIAN_POINT('Ctrl Pts',(156.540991895072,-66.4991654180998,8.39578827641127));
#7338=CARTESIAN_POINT('Ctrl Pts',(156.539465730971,-66.8106532687908,8.37977457248654));
#7339=CARTESIAN_POINT('Ctrl Pts',(156.296512190035,-67.6391214420393,8.33729526830557));
#7340=CARTESIAN_POINT('Ctrl Pts',(154.944127767344,-68.3230764024046,8.26835036386835));
#7341=CARTESIAN_POINT('Ctrl Pts',(153.437876999022,-67.4415487933309,8.18895356309959));
#7342=CARTESIAN_POINT('Ctrl Pts',(153.361867378236,-65.6979590978427,8.10955676233082));
#7343=CARTESIAN_POINT('Ctrl Pts',(154.78569154327,-64.6886985740733,8.03015996156207));
#7344=CARTESIAN_POINT('Ctrl Pts',(156.239624422432,-65.2712674474243,7.95890379958889));
#7345=CARTESIAN_POINT('Ctrl Pts',(156.539138401756,-66.145416577244,7.91411323787195));
#7346=CARTESIAN_POINT('Ctrl Pts',(156.541968256472,-66.5012940472011,7.89578827641127));
#7347=CARTESIAN_POINT('Origin',(154.99999653548,-66.4999985136092,13.1042117235887));
#7348=CARTESIAN_POINT('',(156.545007473641,-66.4991418116745,8.89578827641127));
#7349=CARTESIAN_POINT('',(156.541395744452,-66.5010870322775,8.85421172358873));
#7350=CARTESIAN_POINT('',(156.54299653548,-66.4999985136093,13.1042117235887));
#7351=CARTESIAN_POINT('Ctrl Pts',(156.541395744452,-66.5010870322775,8.85421172358873));
#7352=CARTESIAN_POINT('Ctrl Pts',(156.542580506946,-66.6830662242622,8.84484995495297));
#7353=CARTESIAN_POINT('Ctrl Pts',(156.428610221132,-67.3780622979758,8.80902258606095));
#7354=CARTESIAN_POINT('Ctrl Pts',(155.398275584356,-68.2799165094228,8.74672961691269));
#7355=CARTESIAN_POINT('Ctrl Pts',(153.720385880026,-67.7997411186269,8.66733281614393));
#7356=CARTESIAN_POINT('Ctrl Pts',(153.214078598418,-66.1295509495402,8.58793601537517));
#7357=CARTESIAN_POINT('Ctrl Pts',(154.34291718298,-64.7985341439899,8.50853921460642));
#7358=CARTESIAN_POINT('Ctrl Pts',(156.040916527525,-65.0210868044754,8.43063111734426));
#7359=CARTESIAN_POINT('Ctrl Pts',(156.543269487096,-66.0182276267711,8.37918862033837));
#7360=CARTESIAN_POINT('Ctrl Pts',(156.545389494243,-66.5005207205885,8.35421172358872));
#7361=CARTESIAN_POINT('Ctrl Pts',(156.545007473641,-66.4991418116745,8.89578827641127));
#7362=CARTESIAN_POINT('Ctrl Pts',(156.541930144251,-66.9606870228522,8.8719015073574));
#7363=CARTESIAN_POINT('Ctrl Pts',(156.077187912248,-67.9389826137556,8.82154913804728));
#7364=CARTESIAN_POINT('Ctrl Pts',(154.41337712134,-68.2270225428123,8.7447311684809));
#7365=CARTESIAN_POINT('Ctrl Pts',(153.230806475767,-66.9435082291313,8.66533436771214));
#7366=CARTESIAN_POINT('Ctrl Pts',(153.668066027605,-65.2539265021557,8.58593756694338));
#7367=CARTESIAN_POINT('Ctrl Pts',(155.324810871499,-64.7052199816144,8.50654076617462));
#7368=CARTESIAN_POINT('Ctrl Pts',(156.409992550888,-65.5790094571545,8.44315766933059));
#7369=CARTESIAN_POINT('Ctrl Pts',(156.541987998724,-66.2958621261658,8.4062401727428));
#7370=CARTESIAN_POINT('Ctrl Pts',(156.540991895072,-66.4991654180998,8.39578827641127));
#7371=CARTESIAN_POINT('Origin',(154.99999653548,-66.4999985136092,13.1042117235887));
#7372=CARTESIAN_POINT('',(156.543583766635,-66.5013640004441,9.39578827641127));
#7373=CARTESIAN_POINT('',(156.541451590864,-66.4988834575429,9.35421172358873));
#7374=CARTESIAN_POINT('',(156.54299653548,-66.4999985136093,13.1042117235887));
#7375=CARTESIAN_POINT('Ctrl Pts',(156.541451590864,-66.4988834575429,9.35421172358873));
#7376=CARTESIAN_POINT('Ctrl Pts',(156.539212089323,-66.8338730950153,9.33697688982382));
#7377=CARTESIAN_POINT('Ctrl Pts',(156.267202099253,-67.6865804127932,9.29327645580266));
#7378=CARTESIAN_POINT('Ctrl Pts',(154.86029027596,-68.3185738991642,9.22311042152525));
#7379=CARTESIAN_POINT('Ctrl Pts',(153.396202562029,-67.3686636749751,9.14371362075648));
#7380=CARTESIAN_POINT('Ctrl Pts',(153.400512148911,-65.6234233776228,9.06431681998773));
#7381=CARTESIAN_POINT('Ctrl Pts',(154.869273276915,-64.680755346341,8.98492001921896));
#7382=CARTESIAN_POINT('Ctrl Pts',(156.270425863211,-65.3184964532738,8.91488498708597));
#7383=CARTESIAN_POINT('Ctrl Pts',(156.539231198522,-66.1686133748693,8.87131555520922));
#7384=CARTESIAN_POINT('Ctrl Pts',(156.541395744452,-66.5010870322775,8.85421172358873));
#7385=CARTESIAN_POINT('Ctrl Pts',(156.543583766635,-66.5013640004441,9.39578827641127));
#7386=CARTESIAN_POINT('Ctrl Pts',(156.544527432714,-66.6039058863453,9.3904940424845));
#7387=CARTESIAN_POINT('Ctrl Pts',(156.488470920062,-67.2180229371509,9.35873420830148));
#7388=CARTESIAN_POINT('Ctrl Pts',(155.665470811274,-68.1981970659236,9.3005087738622));
#7389=CARTESIAN_POINT('Ctrl Pts',(153.9339262874,-67.9799405938879,9.22111197309345));
#7390=CARTESIAN_POINT('Ctrl Pts',(153.178451446228,-66.40668279871,9.14171517232469));
#7391=CARTESIAN_POINT('Ctrl Pts',(154.090741877089,-64.9188627506111,9.06231837155593));
#7392=CARTESIAN_POINT('Ctrl Pts',(155.835525201833,-64.8786946609985,8.98292157078718));
#7393=CARTESIAN_POINT('Ctrl Pts',(156.5205439888,-65.8884452464399,8.92741153907228));
#7394=CARTESIAN_POINT('Ctrl Pts',(156.545339704134,-66.4493130889531,8.89836710761365));
#7395=CARTESIAN_POINT('Ctrl Pts',(156.545007473641,-66.4991418116745,8.89578827641127));
#7396=CARTESIAN_POINT('Origin',(154.99999653548,-66.4999985136092,13.1042117235887));
#7397=CARTESIAN_POINT('',(156.540539666629,-66.5000194558309,9.89578827641127));
#7398=CARTESIAN_POINT('',(156.545424090741,-66.4995200122969,9.85421172358873));
#7399=CARTESIAN_POINT('',(156.54299653548,-66.4999985136093,13.1042117235887));
#7400=CARTESIAN_POINT('Ctrl Pts',(156.545424090741,-66.4995200122969,9.85421172358873));
#7401=CARTESIAN_POINT('Ctrl Pts',(156.543450988768,-66.9843137746295,9.82910382469467));
#7402=CARTESIAN_POINT('Ctrl Pts',(156.036457011951,-67.983672809697,9.77753032554437));
#7403=CARTESIAN_POINT('Ctrl Pts',(154.334522265982,-68.1981970498589,9.69949122613779));
#7404=CARTESIAN_POINT('Ctrl Pts',(153.2122708705,-66.8616215475185,9.62009442536904));
#7405=CARTESIAN_POINT('Ctrl Pts',(153.72682045105,-65.1939522166054,9.54069762460028));
#7406=CARTESIAN_POINT('Ctrl Pts',(155.407061109643,-64.7220691830826,9.46130082383152));
#7407=CARTESIAN_POINT('Ctrl Pts',(156.430771842507,-65.6270935746073,9.39913885682767));
#7408=CARTESIAN_POINT('Ctrl Pts',(156.54265104054,-66.3194670986324,9.36344249008007));
#7409=CARTESIAN_POINT('Ctrl Pts',(156.541451590864,-66.4988834575429,9.35421172358873));
#7410=CARTESIAN_POINT('Ctrl Pts',(156.540539666629,-66.5000194558309,9.89578827641127));
#7411=CARTESIAN_POINT('Ctrl Pts',(156.5405706833,-66.7563288692632,9.88262097735535));
#7412=CARTESIAN_POINT('Ctrl Pts',(156.358568054189,-67.527765715916,9.84298807804318));
#7413=CARTESIAN_POINT('Ctrl Pts',(155.139702796322,-68.3185739163678,9.77688957847476));
#7414=CARTESIAN_POINT('Ctrl Pts',(153.547703192236,-67.603437854939,9.697492777706));
#7415=CARTESIAN_POINT('Ctrl Pts',(153.28539035625,-65.8780178185971,9.61809597693724));
#7416=CARTESIAN_POINT('Ctrl Pts',(154.592931957466,-64.7220691662637,9.53869917616849));
#7417=CARTESIAN_POINT('Ctrl Pts',(156.161133014515,-65.1624867148982,9.46459660932649));
#7418=CARTESIAN_POINT('Ctrl Pts',(156.539810095028,-66.091304327872,9.41695964274076));
#7419=CARTESIAN_POINT('Ctrl Pts',(156.543583766635,-66.5013640004441,9.39578827641127));
#7420=CARTESIAN_POINT('Origin',(154.99999653548,-66.4999985136092,13.1042117235887));
#7421=CARTESIAN_POINT('',(156.543506855334,-66.4986224285628,10.3957882764113));
#7422=CARTESIAN_POINT('',(156.542866116418,-66.5014101736162,10.3542117235887));
#7423=CARTESIAN_POINT('',(156.54299653548,-66.4999985136093,13.1042117235887));
#7424=CARTESIAN_POINT('Ctrl Pts',(156.542866116418,-66.5014101736162,10.3542117235887));
#7425=CARTESIAN_POINT('Ctrl Pts',(156.544013856458,-66.6277540617637,10.3476963598218));
#7426=CARTESIAN_POINT('Ctrl Pts',(156.472039041115,-67.2660201348007,10.3147153957986));
#7427=CARTESIAN_POINT('Ctrl Pts',(155.58661594407,-68.2270225264747,10.2552688315191));
#7428=CARTESIAN_POINT('Ctrl Pts',(153.866949915684,-67.9293129049695,10.1758720307503));
#7429=CARTESIAN_POINT('Ctrl Pts',(153.184675613238,-66.3229555211468,10.0964752299816));
#7430=CARTESIAN_POINT('Ctrl Pts',(154.164467877031,-64.8786946763359,10.0170784292128));
#7431=CARTESIAN_POINT('Ctrl Pts',(155.909251185269,-64.9188627655684,9.93768162844408));
#7432=CARTESIAN_POINT('Ctrl Pts',(156.533045150948,-65.9361848119517,9.88339272656937));
#7433=CARTESIAN_POINT('Ctrl Pts',(156.54553078558,-66.473304949289,9.85556942495092));
#7434=CARTESIAN_POINT('Ctrl Pts',(156.545424090741,-66.4995200122969,9.85421172358873));
#7435=CARTESIAN_POINT('Ctrl Pts',(156.543506855334,-66.4986224285628,10.3957882764113));
#7436=CARTESIAN_POINT('Ctrl Pts',(156.539747451006,-66.9061970038532,10.3747479122262));
#7437=CARTESIAN_POINT('Ctrl Pts',(156.164955885286,-67.8325518342513,10.3272419477849));
#7438=CARTESIAN_POINT('Ctrl Pts',(154.601717482836,-68.2799165262606,10.2532703830873));
#7439=CARTESIAN_POINT('Ctrl Pts',(153.288483007523,-67.1304394535647,10.1738735823185));
#7440=CARTESIAN_POINT('Ctrl Pts',(153.542271408739,-65.403744989392,10.0944767815498));
#7441=CARTESIAN_POINT('Ctrl Pts',(155.130719795281,-64.6807553291312,10.015079980781));
#7442=CARTESIAN_POINT('Ctrl Pts',(156.355899117638,-65.467089715133,9.9488504790682));
#7443=CARTESIAN_POINT('Ctrl Pts',(156.540508341372,-66.2411600066888,9.90908657761161));
#7444=CARTESIAN_POINT('Ctrl Pts',(156.540539666629,-66.5000194558309,9.89578827641127));
#7445=CARTESIAN_POINT('Origin',(154.99999653548,-66.4999985136092,13.1042117235887));
#7446=CARTESIAN_POINT('',(156.545061382207,-66.5008182074579,10.8957882764113));
#7447=CARTESIAN_POINT('',(156.540619146326,-66.4996330814659,10.8542117235887));
#7448=CARTESIAN_POINT('',(156.54299653548,-66.4999985136093,13.1042117235887));
#7449=CARTESIAN_POINT('Ctrl Pts',(156.540619146326,-66.4996330814659,10.8542117235887));
#7450=CARTESIAN_POINT('Ctrl Pts',(156.540026030306,-66.7796764687968,10.8398232946926));
#7451=CARTESIAN_POINT('Ctrl Pts',(156.332997902624,-67.5756393244689,10.7989692655403));
#7452=CARTESIAN_POINT('Ctrl Pts',(155.055865303087,-68.3230763851571,10.7316496361317));
#7453=CARTESIAN_POINT('Ctrl Pts',(153.498462382134,-67.5354353600177,10.6522528353629));
#7454=CARTESIAN_POINT('Ctrl Pts',(153.315829992381,-65.7997718854736,10.5728560345941));
#7455=CARTESIAN_POINT('Ctrl Pts',(154.675182202534,-64.7052199985931,10.4934592338254));
#7456=CARTESIAN_POINT('Ctrl Pts',(156.195973250245,-65.2088992267706,10.4205777968236));
#7457=CARTESIAN_POINT('Ctrl Pts',(156.539351702481,-66.1145414525936,10.374161960078));
#7458=CARTESIAN_POINT('Ctrl Pts',(156.542866116418,-66.5014101736162,10.3542117235887));
#7459=CARTESIAN_POINT('Ctrl Pts',(156.545061382207,-66.5008182074579,10.8957882764113));
#7460=CARTESIAN_POINT('Ctrl Pts',(156.545365717089,-66.548111333831,10.8933404473533));
#7461=CARTESIAN_POINT('Ctrl Pts',(156.521940911403,-67.1064258707275,10.8644270180391));
#7462=CARTESIAN_POINT('Ctrl Pts',(155.843522004563,-68.1171561693918,10.8090479884686));
#7463=CARTESIAN_POINT('Ctrl Pts',(154.098561657407,-68.0856055017532,10.7296511876999));
#7464=CARTESIAN_POINT('Ctrl Pts',(153.178934501691,-66.602309043477,10.6502543869311));
#7465=CARTESIAN_POINT('Ctrl Pts',(153.926630386252,-65.0253394284106,10.5708575861624));
#7466=CARTESIAN_POINT('Ctrl Pts',(155.657075894197,-64.7985341278947,10.4914607853936));
#7467=CARTESIAN_POINT('Ctrl Pts',(156.486769247814,-65.7768279355492,10.4331043488099));
#7468=CARTESIAN_POINT('Ctrl Pts',(156.544476213839,-66.3935297472711,10.4012135124825));
#7469=CARTESIAN_POINT('Ctrl Pts',(156.543506855334,-66.4986224285628,10.3957882764113));
#7470=CARTESIAN_POINT('Origin',(154.99999653548,-66.4999985136092,13.1042117235887));
#7471=CARTESIAN_POINT('',(156.541031865659,-66.500863066409,11.3957882764113));
#7472=CARTESIAN_POINT('',(156.544206609543,-66.4987722907965,11.3542117235887));
#7473=CARTESIAN_POINT('',(156.54299653548,-66.4999985136093,13.1042117235887));
#7474=CARTESIAN_POINT('Ctrl Pts',(156.544206609543,-66.4987722907965,11.3542117235887));
#7475=CARTESIAN_POINT('Ctrl Pts',(156.540466182645,-66.9294966425209,11.3319502295635));
#7476=CARTESIAN_POINT('Ctrl Pts',(156.128517453011,-67.8785620326204,11.283223135282));
#7477=CARTESIAN_POINT('Ctrl Pts',(154.520228798397,-68.2597016722371,11.2080304407442));
#7478=CARTESIAN_POINT('Ctrl Pts',(153.26128393293,-67.051009247315,11.1286336399755));
#7479=CARTESIAN_POINT('Ctrl Pts',(153.594264537291,-65.337822864137,11.0492368392067));
#7480=CARTESIAN_POINT('Ctrl Pts',(155.214301525662,-64.6886985912182,10.9698400384379));
#7481=CARTESIAN_POINT('Ctrl Pts',(156.380097742009,-65.5150591270163,10.9048316665653));
#7482=CARTESIAN_POINT('Ctrl Pts',(156.541116988298,-66.264573923757,10.8662888949489));
#7483=CARTESIAN_POINT('Ctrl Pts',(156.540619146326,-66.4996330814659,10.8542117235887));
#7484=CARTESIAN_POINT('Ctrl Pts',(156.541031865659,-66.500863066409,11.3957882764113));
#7485=CARTESIAN_POINT('Ctrl Pts',(156.542058654421,-66.7016058896872,11.3854673822242));
#7486=CARTESIAN_POINT('Ctrl Pts',(156.412295985205,-67.4158353936187,11.3486808877808));
#7487=CARTESIAN_POINT('Ctrl Pts',(155.333666478036,-68.2931472479562,11.2854287930812));
#7488=CARTESIAN_POINT('Ctrl Pts',(153.67423819347,-67.7526350664258,11.2060319923124));
#7489=CARTESIAN_POINT('Ctrl Pts',(153.228636747964,-66.0652307413949,11.1266351915436));
#7490=CARTESIAN_POINT('Ctrl Pts',(154.404855581113,-64.7758930656507,11.0472383907749));
#7491=CARTESIAN_POINT('Ctrl Pts',(156.072907728344,-65.0561891091868,10.9702894190641));
#7492=CARTESIAN_POINT('Ctrl Pts',(156.542075289066,-66.0367843792841,10.9198060476096));
#7493=CARTESIAN_POINT('Ctrl Pts',(156.545061382207,-66.5008182074579,10.8957882764113));
#7494=CARTESIAN_POINT('Origin',(154.99999653548,-66.4999985136092,13.1042117235887));
#7495=CARTESIAN_POINT('',(156.541420723566,-66.4985161693829,11.8957882764113));
#7496=CARTESIAN_POINT('',(156.544488489246,-66.5011025998511,11.8542117235887));
#7497=CARTESIAN_POINT('',(156.54299653548,-66.4999985136093,13.1042117235887));
#7498=CARTESIAN_POINT('',(155.398510377337,-65.0093490853906,12.));
#7499=CARTESIAN_POINT('Ctrl Pts',(155.398510377337,-65.0093490853906,12.));
#7500=CARTESIAN_POINT('Ctrl Pts',(155.894265408542,-65.1418854405962,11.9735343997437));
#7501=CARTESIAN_POINT('Ctrl Pts',(156.44563336676,-65.6651168694975,11.9387971585475));
#7502=CARTESIAN_POINT('Ctrl Pts',(156.542628245015,-66.337884325898,11.9040599173513));
#7503=CARTESIAN_POINT('Ctrl Pts',(156.541420723566,-66.4985161693829,11.8957882764113));
#7504=CARTESIAN_POINT('',(154.600553399959,-65.006677289849,12.));
#7505=CARTESIAN_POINT('Origin',(154.99999653548,-66.4999985136092,12.));
#7506=CARTESIAN_POINT('Ctrl Pts',(154.600552146238,-65.0066736852998,12.));
#7507=CARTESIAN_POINT('Ctrl Pts',(155.081895765323,-64.8788829020648,11.974200549221));
#7508=CARTESIAN_POINT('Ctrl Pts',(156.117871622561,-65.1147789872859,11.9256044570839));
#7509=CARTESIAN_POINT('Ctrl Pts',(156.540897031802,-66.060317163828,11.8770083649468));
#7510=CARTESIAN_POINT('Ctrl Pts',(156.544488489246,-66.5011025998511,11.8542117235887));
#7511=CARTESIAN_POINT('Origin',(154.00000230968,64.,3.5));
#7512=CARTESIAN_POINT('',(155.,64.,5.));
#7513=CARTESIAN_POINT('',(154.00000230968,65.,5.));
#7514=CARTESIAN_POINT('Origin',(154.00000230968,64.,5.));
#7515=CARTESIAN_POINT('',(154.00000230968,65.,7.5));
#7516=CARTESIAN_POINT('',(154.00000230968,65.,3.5));
#7517=CARTESIAN_POINT('',(155.00000230968,64.,7.5));
#7518=CARTESIAN_POINT('Origin',(154.00000230968,64.,7.5));
#7519=CARTESIAN_POINT('',(155.00000230968,64.,3.5));
#7520=CARTESIAN_POINT('Origin',(154.00000230968,64.,7.5));
#7521=CARTESIAN_POINT('',(154.00000230968,64.,8.5));
#7522=CARTESIAN_POINT('Origin',(154.00000230968,64.,7.5));
#7523=CARTESIAN_POINT('Origin',(154.00000230968,64.,7.5));
#7524=CARTESIAN_POINT('Origin',(137.50000057742,64.,7.5));
#7525=CARTESIAN_POINT('',(86.5,65.,7.5));
#7526=CARTESIAN_POINT('',(137.50000057742,65.,7.5));
#7527=CARTESIAN_POINT('',(86.5,64.,8.5));
#7528=CARTESIAN_POINT('Origin',(86.5,64.,7.5));
#7529=CARTESIAN_POINT('',(137.50000057742,64.,8.5));
#7530=CARTESIAN_POINT('Origin',(155.,65.,3.5));
#7531=CARTESIAN_POINT('',(86.5,65.,5.));
#7532=CARTESIAN_POINT('',(42.5,65.,5.));
#7533=CARTESIAN_POINT('',(86.5,65.,3.5));
#7534=CARTESIAN_POINT('Origin',(154.00000230968,6.,3.5));
#7535=CARTESIAN_POINT('',(154.00000230968,5.,5.));
#7536=CARTESIAN_POINT('',(155.,6.,5.));
#7537=CARTESIAN_POINT('Origin',(154.00000230968,6.,5.));
#7538=CARTESIAN_POINT('',(155.00000230968,6.,7.5));
#7539=CARTESIAN_POINT('',(155.00000230968,6.,3.5));
#7540=CARTESIAN_POINT('',(154.00000230968,5.,7.5));
#7541=CARTESIAN_POINT('Origin',(154.00000230968,6.,7.5));
#7542=CARTESIAN_POINT('',(154.00000230968,5.,3.5));
#7543=CARTESIAN_POINT('Origin',(154.00000230968,6.,7.5));
#7544=CARTESIAN_POINT('',(154.00000230968,6.,8.5));
#7545=CARTESIAN_POINT('Origin',(154.00000230968,6.,7.5));
#7546=CARTESIAN_POINT('Origin',(154.00000230968,6.,7.5));
#7547=CARTESIAN_POINT('Origin',(154.00000230968,20.,7.5));
#7548=CARTESIAN_POINT('',(154.00000230968,20.,8.5));
#7549=CARTESIAN_POINT('',(155.00000230968,20.,7.5));
#7550=CARTESIAN_POINT('Origin',(155.00000230968,5.,3.5));
#7551=CARTESIAN_POINT('',(155.,32.5,5.));
#7552=CARTESIAN_POINT('Origin',(-83.5922306803451,73.25,5.91503794979435));
#7553=CARTESIAN_POINT('',(2.81553878832142,72.75,5.91503794979426));
#7554=CARTESIAN_POINT('',(2.81553878832142,73.25,6.41503794979426));
#7555=CARTESIAN_POINT('Origin',(2.81553878832142,73.25,5.91503794979426));
#7556=CARTESIAN_POINT('',(-5.18446136069024,73.25,6.41503794979427));
#7557=CARTESIAN_POINT('',(-83.5922306803451,73.25,6.41503794979435));
#7558=CARTESIAN_POINT('',(-5.18446136069024,72.75,5.91503794979427));
#7559=CARTESIAN_POINT('Origin',(-5.18446136069024,73.25,5.91503794979427));
#7560=CARTESIAN_POINT('',(-83.5922306803451,72.75,5.91503794979435));
#7561=CARTESIAN_POINT('Origin',(-5.18446136069024,73.25,7.41503794979427));
#7562=CARTESIAN_POINT('',(-6.18446136069018,73.25,7.41503794979427));
#7563=CARTESIAN_POINT('',(-6.68446136069022,72.75,7.41503794979427));
#7564=CARTESIAN_POINT('Origin',(-6.68446136069022,73.25,7.41503794979427));
#7565=CARTESIAN_POINT('Origin',(-5.18446136069024,72.75,7.41503794979427));
#7566=CARTESIAN_POINT('Origin',(-5.18446136069024,73.25,7.41503794979427));
#7567=CARTESIAN_POINT('Origin',(-6.68446136069022,73.25,12.7075190046995));
#7568=CARTESIAN_POINT('',(-6.18446136069018,73.25,9.41503800939891));
#7569=CARTESIAN_POINT('',(-6.68446136069022,72.75,9.41503800939891));
#7570=CARTESIAN_POINT('Origin',(-6.68446136069022,73.25,9.41503800939891));
#7571=CARTESIAN_POINT('',(-6.68446136069022,72.75,12.7075190046995));
#7572=CARTESIAN_POINT('',(-6.18446136069018,73.25,12.7075190046995));
#7573=CARTESIAN_POINT('Origin',(-5.18446136069024,73.25,9.41503800939891));
#7574=CARTESIAN_POINT('',(-5.18446136069024,73.25,10.4150380093989));
#7575=CARTESIAN_POINT('',(-5.18446136069024,72.75,10.9150380093989));
#7576=CARTESIAN_POINT('Origin',(-5.18446136069024,73.25,10.9150380093989));
#7577=CARTESIAN_POINT('Origin',(-5.18446136069024,72.75,9.41503800939891));
#7578=CARTESIAN_POINT('Origin',(-5.18446136069024,73.25,9.41503800939891));
#7579=CARTESIAN_POINT('Origin',(-78.5922306058393,73.25,10.9150380093989));
#7580=CARTESIAN_POINT('',(2.81553878832142,73.25,10.4150380093989));
#7581=CARTESIAN_POINT('',(2.81553878832142,72.75,10.9150380093989));
#7582=CARTESIAN_POINT('Origin',(2.81553878832142,73.25,10.9150380093989));
#7583=CARTESIAN_POINT('',(-78.5922306058393,72.75,10.9150380093989));
#7584=CARTESIAN_POINT('',(-78.5922306058393,73.25,10.4150380093989));
#7585=CARTESIAN_POINT('Origin',(2.81553878832142,73.25,9.4150380093989));
#7586=CARTESIAN_POINT('',(3.81553878832143,73.25,9.4150380093989));
#7587=CARTESIAN_POINT('',(4.3155387883214,72.75,9.4150380093989));
#7588=CARTESIAN_POINT('Origin',(4.3155387883214,73.25,9.4150380093989));
#7589=CARTESIAN_POINT('Origin',(2.81553878832142,72.75,9.4150380093989));
#7590=CARTESIAN_POINT('Origin',(2.81553878832142,73.25,9.4150380093989));
#7591=CARTESIAN_POINT('Origin',(4.3155387883214,73.25,10.7075189748971));
#7592=CARTESIAN_POINT('',(3.81553878832143,73.25,7.41503794979426));
#7593=CARTESIAN_POINT('',(4.3155387883214,72.75,7.41503794979426));
#7594=CARTESIAN_POINT('Origin',(4.3155387883214,73.25,7.41503794979426));
#7595=CARTESIAN_POINT('',(4.3155387883214,72.75,10.7075189748971));
#7596=CARTESIAN_POINT('',(3.81553878832143,73.25,10.7075189748971));
#7597=CARTESIAN_POINT('Origin',(2.81553878832142,73.25,7.41503794979426));
#7598=CARTESIAN_POINT('Origin',(2.81553878832142,73.25,7.41503794979426));
#7599=CARTESIAN_POINT('Origin',(2.81553878832142,72.75,7.41503794979426));
#7600=CARTESIAN_POINT('Origin',(-5.18446136069024,75.25,9.41503800939891));
#7601=CARTESIAN_POINT('',(-6.18446136069018,74.75,9.41503800939891));
#7602=CARTESIAN_POINT('',(-6.18446136069018,75.25,9.41503800939891));
#7603=CARTESIAN_POINT('',(-5.18446136069024,74.75,10.4150380093989));
#7604=CARTESIAN_POINT('Origin',(-5.18446136069024,74.75,9.41503800939891));
#7605=CARTESIAN_POINT('',(-5.18446136069024,75.25,10.4150380093989));
#7606=CARTESIAN_POINT('Origin',(-6.18446136069018,75.25,10.4150380093989));
#7607=CARTESIAN_POINT('',(-6.18446136069018,74.75,7.41503794979427));
#7608=CARTESIAN_POINT('',(-6.18446136069018,75.25,7.41503794979427));
#7609=CARTESIAN_POINT('',(-6.18446136069018,74.75,5.20751900469945));
#7610=CARTESIAN_POINT('Origin',(-5.18446136069024,75.25,7.41503794979427));
#7611=CARTESIAN_POINT('',(-5.18446136069024,74.75,6.41503794979427));
#7612=CARTESIAN_POINT('',(-5.18446136069024,75.25,6.41503794979427));
#7613=CARTESIAN_POINT('Origin',(-5.18446136069024,74.75,7.41503794979427));
#7614=CARTESIAN_POINT('Origin',(-6.18446136069018,75.25,6.41503794979427));
#7615=CARTESIAN_POINT('',(2.81553878832142,74.75,6.41503794979426));
#7616=CARTESIAN_POINT('',(2.81553878832142,75.25,6.41503794979426));
#7617=CARTESIAN_POINT('',(78.6577693196549,74.75,6.41503794979419));
#7618=CARTESIAN_POINT('Origin',(-161.,72.75,15.));
#7619=CARTESIAN_POINT('',(-160.,72.75,5.));
#7620=CARTESIAN_POINT('',(-160.,72.75,12.));
#7621=CARTESIAN_POINT('',(-160.,72.75,15.));
#7622=CARTESIAN_POINT('',(160.,72.75,5.));
#7623=CARTESIAN_POINT('',(-161.,72.75,5.));
#7624=CARTESIAN_POINT('',(160.,72.75,12.));
#7625=CARTESIAN_POINT('',(160.,72.75,15.));
#7626=CARTESIAN_POINT('',(-80.5,72.75,12.));
#7627=CARTESIAN_POINT('Origin',(-6.68446136069022,74.75,5.20751900469945));
#7628=CARTESIAN_POINT('',(-6.68446136069022,75.25,9.41503800939891));
#7629=CARTESIAN_POINT('Origin',(-6.68446136069022,74.75,9.41503800939891));
#7630=CARTESIAN_POINT('',(-6.68446136069022,75.25,7.41503794979427));
#7631=CARTESIAN_POINT('Origin',(-6.68446136069022,74.75,7.41503794979427));
#7632=CARTESIAN_POINT('',(-6.68446136069022,75.25,5.20751900469945));
#7633=CARTESIAN_POINT('Origin',(-5.18446136069024,74.75,7.41503794979427));
#7634=CARTESIAN_POINT('',(-5.18446136069024,75.25,5.91503794979427));
#7635=CARTESIAN_POINT('Origin',(-5.18446136069024,74.75,5.91503794979427));
#7636=CARTESIAN_POINT('Origin',(-5.18446136069024,75.25,7.41503794979427));
#7637=CARTESIAN_POINT('Origin',(78.6577693196549,74.75,5.91503794979418));
#7638=CARTESIAN_POINT('',(2.81553878832142,75.25,5.91503794979426));
#7639=CARTESIAN_POINT('Origin',(2.81553878832142,74.75,5.91503794979426));
#7640=CARTESIAN_POINT('',(78.6577693196549,75.25,5.91503794979418));
#7641=CARTESIAN_POINT('Origin',(2.81553878832142,74.75,7.41503794979426));
#7642=CARTESIAN_POINT('',(3.81553878832143,74.75,7.41503794979426));
#7643=CARTESIAN_POINT('',(4.3155387883214,75.25,7.41503794979426));
#7644=CARTESIAN_POINT('Origin',(4.3155387883214,74.75,7.41503794979426));
#7645=CARTESIAN_POINT('Origin',(2.81553878832142,75.25,7.41503794979426));
#7646=CARTESIAN_POINT('Origin',(2.81553878832142,74.75,7.41503794979426));
#7647=CARTESIAN_POINT('Origin',(4.3155387883214,74.75,3.20751897489713));
#7648=CARTESIAN_POINT('',(3.81553878832143,74.75,9.4150380093989));
#7649=CARTESIAN_POINT('',(4.3155387883214,75.25,9.4150380093989));
#7650=CARTESIAN_POINT('Origin',(4.3155387883214,74.75,9.4150380093989));
#7651=CARTESIAN_POINT('',(4.3155387883214,75.25,3.20751897489713));
#7652=CARTESIAN_POINT('',(3.81553878832143,74.75,3.20751897489713));
#7653=CARTESIAN_POINT('Origin',(2.81553878832142,74.75,9.4150380093989));
#7654=CARTESIAN_POINT('',(2.81553878832142,74.75,10.4150380093989));
#7655=CARTESIAN_POINT('',(2.81553878832142,75.25,10.9150380093989));
#7656=CARTESIAN_POINT('Origin',(2.81553878832142,74.75,10.9150380093989));
#7657=CARTESIAN_POINT('Origin',(2.81553878832142,75.25,9.4150380093989));
#7658=CARTESIAN_POINT('Origin',(2.81553878832142,74.75,9.4150380093989));
#7659=CARTESIAN_POINT('Origin',(83.6577693941607,74.75,10.9150380093989));
#7660=CARTESIAN_POINT('',(-5.18446136069024,75.25,10.9150380093989));
#7661=CARTESIAN_POINT('Origin',(-5.18446136069024,74.75,10.9150380093989));
#7662=CARTESIAN_POINT('',(83.6577693941607,75.25,10.9150380093989));
#7663=CARTESIAN_POINT('',(83.6577693941607,74.75,10.4150380093989));
#7664=CARTESIAN_POINT('Origin',(-5.18446136069024,74.75,9.41503800939891));
#7665=CARTESIAN_POINT('Origin',(-5.18446136069024,75.25,9.41503800939891));
#7666=CARTESIAN_POINT('Origin',(2.81553878832142,75.25,7.41503794979426));
#7667=CARTESIAN_POINT('',(3.81553878832143,75.25,7.41503794979426));
#7668=CARTESIAN_POINT('Origin',(163.5,75.25,0.));
#7669=CARTESIAN_POINT('',(162.5,75.25,0.));
#7670=CARTESIAN_POINT('',(162.5,75.25,15.));
#7671=CARTESIAN_POINT('',(162.5,75.25,0.));
#7672=CARTESIAN_POINT('',(-162.5,75.25,0.));
#7673=CARTESIAN_POINT('',(-163.5,75.25,0.));
#7674=CARTESIAN_POINT('',(-162.5,75.25,15.));
#7675=CARTESIAN_POINT('',(-162.5,75.25,0.));
#7676=CARTESIAN_POINT('',(-163.5,75.25,15.));
#7677=CARTESIAN_POINT('Origin',(3.81553878832143,75.25,10.4150380093989));
#7678=CARTESIAN_POINT('',(2.81553878832142,75.25,10.4150380093989));
#7679=CARTESIAN_POINT('Origin',(2.81553878832142,75.25,9.4150380093989));
#7680=CARTESIAN_POINT('',(3.81553878832143,75.25,9.4150380093989));
#7681=CARTESIAN_POINT('Origin',(3.81553878832143,75.25,6.41503794979426));
#7682=CARTESIAN_POINT('Origin',(86.,5.5,3.5));
#7683=CARTESIAN_POINT('',(85.1055728090001,5.94721359549995,5.));
#7684=CARTESIAN_POINT('',(85.1055728090001,5.94721359549995,7.5));
#7685=CARTESIAN_POINT('',(85.1055728090001,5.94721359549995,3.5));
#7686=CARTESIAN_POINT('',(86.,6.5,7.5));
#7687=CARTESIAN_POINT('Origin',(86.,5.5,7.5));
#7688=CARTESIAN_POINT('',(86.,6.5,3.5));
#7689=CARTESIAN_POINT('',(86.,6.5,3.5));
#7690=CARTESIAN_POINT('',(85.,5.5,3.5));
#7691=CARTESIAN_POINT('Origin',(86.,5.5,3.5));
#7692=CARTESIAN_POINT('',(85.,5.5,5.));
#7693=CARTESIAN_POINT('',(85.,5.5,3.5));
#7694=CARTESIAN_POINT('Origin',(86.,5.5,5.));
#7695=CARTESIAN_POINT('Origin',(86.5,6.5,3.5));
#7696=CARTESIAN_POINT('',(86.5,5.,5.));
#7697=CARTESIAN_POINT('Origin',(86.5,6.5,5.));
#7698=CARTESIAN_POINT('',(86.5,5.,7.5));
#7699=CARTESIAN_POINT('',(86.5,5.,3.5));
#7700=CARTESIAN_POINT('Origin',(86.5,6.5,7.5));
#7701=CARTESIAN_POINT('Origin',(0.,0.,5.));
#7702=CARTESIAN_POINT('',(-161.,-71.75,5.));
#7703=CARTESIAN_POINT('',(-160.,-72.75,5.));
#7704=CARTESIAN_POINT('Origin',(-160.,-71.75,5.));
#7705=CARTESIAN_POINT('',(160.,-72.75,5.));
#7706=CARTESIAN_POINT('',(161.,-72.75,5.));
#7707=CARTESIAN_POINT('',(161.,-71.75,5.));
#7708=CARTESIAN_POINT('Origin',(160.,-71.75,5.));
#7709=CARTESIAN_POINT('',(161.,71.75,5.));
#7710=CARTESIAN_POINT('',(161.,72.75,5.));
#7711=CARTESIAN_POINT('Origin',(160.,71.75,5.));
#7712=CARTESIAN_POINT('',(-161.,71.75,5.));
#7713=CARTESIAN_POINT('Origin',(-160.,71.75,5.));
#7714=CARTESIAN_POINT('',(-161.,-72.75,5.));
#7715=CARTESIAN_POINT('',(40.0000005513429,61.0000009089708,5.));
#7716=CARTESIAN_POINT('Origin',(37.000000551343,61.0000009089708,5.));
#7717=CARTESIAN_POINT('',(-152.00000230968,-66.5000009909272,5.));
#7718=CARTESIAN_POINT('Origin',(-155.00000230968,-66.5000009909272,5.));
#7719=CARTESIAN_POINT('',(-27.5000004544854,61.0000009089708,5.));
#7720=CARTESIAN_POINT('Origin',(-30.5000004544854,61.0000009089708,5.));
#7721=CARTESIAN_POINT('',(157.99999653548,-66.4999985136092,5.));
#7722=CARTESIAN_POINT('Origin',(154.99999653548,-66.4999985136092,5.));
#7723=CARTESIAN_POINT('',(85.,5.,5.));
#7724=CARTESIAN_POINT('',(85.,3.25,5.));
#7725=CARTESIAN_POINT('',(83.0635083268963,5.,5.));
#7726=CARTESIAN_POINT('',(77.5,5.,5.));
#7727=CARTESIAN_POINT('',(83.0635083268963,65.,5.));
#7728=CARTESIAN_POINT('',(83.0635083268963,5.,5.));
#7729=CARTESIAN_POINT('',(85.,65.,5.));
#7730=CARTESIAN_POINT('',(42.5,65.,5.));
#7731=CARTESIAN_POINT('',(85.,64.5,5.));
#7732=CARTESIAN_POINT('',(85.,3.25,5.));
#7733=CARTESIAN_POINT('',(85.1339745962156,64.,5.));
#7734=CARTESIAN_POINT('Origin',(86.,64.5,5.));
#7735=CARTESIAN_POINT('',(85.2009618943234,64.25,5.));
#7736=CARTESIAN_POINT('Origin',(85.6339745962156,64.,5.));
#7737=CARTESIAN_POINT('Origin',(86.5,63.5,5.));
#7738=CARTESIAN_POINT('',(77.5,5.,5.));
#7739=CARTESIAN_POINT('Origin',(85.,6.5,3.5));
#7740=CARTESIAN_POINT('',(85.,5.,3.5));
#7741=CARTESIAN_POINT('',(85.,5.,3.5));
#7742=CARTESIAN_POINT('',(85.,5.,4.25));
#7743=CARTESIAN_POINT('Origin',(86.,64.5,3.5));
#7744=CARTESIAN_POINT('',(85.,64.5,3.5));
#7745=CARTESIAN_POINT('',(85.,64.5,3.5));
#7746=CARTESIAN_POINT('',(86.,63.5,3.5));
#7747=CARTESIAN_POINT('Origin',(86.,64.5,3.5));
#7748=CARTESIAN_POINT('',(86.,63.5,7.5));
#7749=CARTESIAN_POINT('',(86.,63.5,3.5));
#7750=CARTESIAN_POINT('',(85.1339745962156,64.,7.5));
#7751=CARTESIAN_POINT('Origin',(86.,64.5,7.5));
#7752=CARTESIAN_POINT('',(85.1339745962156,64.,3.5));
#7753=CARTESIAN_POINT('Origin',(85.6339745962156,64.,3.5));
#7754=CARTESIAN_POINT('',(85.2009618943234,64.25,7.5));
#7755=CARTESIAN_POINT('Origin',(85.6339745962156,64.,7.5));
#7756=CARTESIAN_POINT('',(85.2009618943234,64.25,3.5));
#7757=CARTESIAN_POINT('Origin',(85.,63.5,3.5));
#7758=CARTESIAN_POINT('',(153.5,63.5,3.5));
#7759=CARTESIAN_POINT('',(102.5,63.5,3.5));
#7760=CARTESIAN_POINT('',(153.5,63.5,7.5));
#7761=CARTESIAN_POINT('',(153.5,63.5,3.5));
#7762=CARTESIAN_POINT('',(155.00000230968,63.5,7.5));
#7763=CARTESIAN_POINT('Ctrl Pts',(86.5,65.,7.5));
#7764=CARTESIAN_POINT('Ctrl Pts',(85.,65.,7.5));
#7765=CARTESIAN_POINT('Ctrl Pts',(85.,63.5,7.5));
#7766=CARTESIAN_POINT('Ctrl Pts',(86.5,65.,8.50000000000003));
#7767=CARTESIAN_POINT('Ctrl Pts',(85.,65.,8.50000000000003));
#7768=CARTESIAN_POINT('Ctrl Pts',(85.,63.5,8.50000000000003));
#7769=CARTESIAN_POINT('Ctrl Pts',(86.5,64.,8.5));
#7770=CARTESIAN_POINT('Ctrl Pts',(86.,64.,8.5));
#7771=CARTESIAN_POINT('Ctrl Pts',(86.,63.5,8.5));
#7772=CARTESIAN_POINT('',(85.,63.5,7.5));
#7773=CARTESIAN_POINT('',(86.,63.5,8.5));
#7774=CARTESIAN_POINT('Origin',(86.,63.5,7.5));
#7775=CARTESIAN_POINT('Origin',(86.5,63.5,8.5));
#7776=CARTESIAN_POINT('Origin',(86.5,63.5,7.5));
#7777=CARTESIAN_POINT('Origin',(86.5,63.5,7.5));
#7778=CARTESIAN_POINT('Origin',(86.5,63.5,3.5));
#7779=CARTESIAN_POINT('Origin',(120.00000115484,35.,8.5));
#7780=CARTESIAN_POINT('',(86.,6.5,8.5));
#7781=CARTESIAN_POINT('',(86.,20.75,8.5));
#7782=CARTESIAN_POINT('',(86.5,6.,8.5));
#7783=CARTESIAN_POINT('Origin',(86.5,6.5,8.5));
#7784=CARTESIAN_POINT('',(102.50000057742,6.,8.5));
#7785=CARTESIAN_POINT('Origin',(86.,20.75,7.5));
#7786=CARTESIAN_POINT('',(85.,6.5,7.5));
#7787=CARTESIAN_POINT('',(85.,5.,7.5));
#7788=CARTESIAN_POINT('Origin',(85.9999999999999,6.5,7.5));
#7789=CARTESIAN_POINT('Origin',(85.,6.5,3.5));
#7790=CARTESIAN_POINT('',(85.,65.,3.5));
#7791=CARTESIAN_POINT('',(85.,65.,4.25));
#7792=CARTESIAN_POINT('',(85.,5.,3.5));
#7793=CARTESIAN_POINT('Ctrl Pts',(85.,6.5,7.5));
#7794=CARTESIAN_POINT('Ctrl Pts',(85.,5.,7.5));
#7795=CARTESIAN_POINT('Ctrl Pts',(86.5,5.,7.5));
#7796=CARTESIAN_POINT('Ctrl Pts',(85.,6.5,8.5));
#7797=CARTESIAN_POINT('Ctrl Pts',(85.,5.,8.5));
#7798=CARTESIAN_POINT('Ctrl Pts',(86.5,5.,8.5));
#7799=CARTESIAN_POINT('Ctrl Pts',(86.,6.5,8.5));
#7800=CARTESIAN_POINT('Ctrl Pts',(86.,5.99999999999999,8.5));
#7801=CARTESIAN_POINT('Ctrl Pts',(86.5,5.99999999999999,8.5));
#7802=CARTESIAN_POINT('Origin',(86.5,6.,7.5));
#7803=CARTESIAN_POINT('Origin',(86.5,6.5,7.5));
#7804=CARTESIAN_POINT('Origin',(102.50000057742,6.,7.5));
#7805=CARTESIAN_POINT('',(102.50000057742,5.,7.5));
#7806=CARTESIAN_POINT('Origin',(85.,5.,3.5));
#7807=CARTESIAN_POINT('Origin',(120.00000115484,35.,7.5));
#7808=CARTESIAN_POINT('',(153.5,6.5,7.5));
#7809=CARTESIAN_POINT('',(155.00000230968,6.5,7.5));
#7810=CARTESIAN_POINT('',(153.5,65.,7.5));
#7811=CARTESIAN_POINT('Origin',(153.5,6.5,3.5));
#7812=CARTESIAN_POINT('',(153.5,6.5,3.5));
#7813=CARTESIAN_POINT('',(153.5,6.5,3.5));
#7814=CARTESIAN_POINT('',(136.75,6.5,3.5));
#7815=CARTESIAN_POINT('Origin',(153.5,63.5,3.5));
#7816=CARTESIAN_POINT('',(153.5,49.25,3.5));
#7817=CARTESIAN_POINT('Origin',(85.,65.,5.));
#7818=CARTESIAN_POINT('Origin',(83.0635083268963,65.,3.));
#7819=CARTESIAN_POINT('Origin',(155.,5.,5.));
#7820=CARTESIAN_POINT('Origin',(83.0635083268963,5.,3.));
#7821=CARTESIAN_POINT('Origin',(83.0635083268963,5.,3.));
#7822=CARTESIAN_POINT('',(85.,5.,3.5));
#7823=CARTESIAN_POINT('Origin',(120.,35.,3.5));
#7824=CARTESIAN_POINT('Origin',(154.99999653548,-66.4999985136092,13.1042117235887));
#7825=CARTESIAN_POINT('Ctrl Pts',(156.544488489246,-66.5011025998512,11.8542117235887));
#7826=CARTESIAN_POINT('Ctrl Pts',(156.545066509031,-66.5720439118746,11.8505427646906));
#7827=CARTESIAN_POINT('Ctrl Pts',(156.508359666773,-67.1541225110945,11.8204082055362));
#7828=CARTESIAN_POINT('Ctrl Pts',(155.768233568734,-68.1543650911641,11.7638080461255));
#7829=CARTESIAN_POINT('Ctrl Pts',(154.026535959688,-68.0423924823101,11.6844112453567));
#7830=CARTESIAN_POINT('Ctrl Pts',(153.176161472511,-66.518420604095,11.605014444588));
#7831=CARTESIAN_POINT('Ctrl Pts',(153.995627454823,-64.9774948165388,11.5256176438192));
#7832=CARTESIAN_POINT('Ctrl Pts',(155.734681218247,-64.8305805413495,11.4462208430505));
#7833=CARTESIAN_POINT('Ctrl Pts',(156.50207258154,-65.8247654779819,11.389085536307));
#7834=CARTESIAN_POINT('Ctrl Pts',(156.544912993042,-66.4174295503284,11.3584158298197));
#7835=CARTESIAN_POINT('Ctrl Pts',(156.544206609543,-66.4987722907965,11.3542117235887));
#7836=CARTESIAN_POINT('Ctrl Pts',(156.541420723566,-66.4985161693829,11.8957882764113));
#7837=CARTESIAN_POINT('Ctrl Pts',(156.538764709327,-66.8518353289623,11.877594317095));
#7838=CARTESIAN_POINT('Ctrl Pts',(156.24361914196,-67.7242391223974,11.8329347575225));
#7839=CARTESIAN_POINT('Ctrl Pts',(154.794292961474,-68.31202571956,11.7618095976937));
#7840=CARTESIAN_POINT('Ctrl Pts',(153.366014338119,-67.3102671510356,11.682412796925));
#7841=CARTESIAN_POINT('Ctrl Pts',(153.433166471352,-65.56610317269,11.6030159961562));
#7842=CARTESIAN_POINT('Ctrl Pts',(154.935163074963,-64.6772529620858,11.5236191953875));
#7843=CARTESIAN_POINT('Ctrl Pts',(156.2934357503,-65.3557635071479,11.4545432888058));
#7844=CARTESIAN_POINT('Ctrl Pts',(156.53942568673,-66.186846294358,11.4119329824804));
#7845=CARTESIAN_POINT('Ctrl Pts',(156.541031865659,-66.500863066409,11.3957882764113));
#7846=CARTESIAN_POINT('Ctrl Pts',(154.041880382758,-67.3252098125457,12.));
#7847=CARTESIAN_POINT('Ctrl Pts',(153.767434463073,-67.0065628562602,11.9735343997437));
#7848=CARTESIAN_POINT('Ctrl Pts',(153.566763693989,-66.0788352115779,11.9206031992312));
#7849=CARTESIAN_POINT('Ctrl Pts',(154.577630626011,-65.0653510412304,11.8412063984625));
#7850=CARTESIAN_POINT('Ctrl Pts',(155.975969155606,-65.3681723840873,11.7618095976937));
#7851=CARTESIAN_POINT('Ctrl Pts',(156.480404822265,-66.7059078854449,11.682412796925));
#7852=CARTESIAN_POINT('Ctrl Pts',(155.629572509912,-67.855764253932,11.6030159961562));
#7853=CARTESIAN_POINT('Ctrl Pts',(154.202238338404,-67.7640018664428,11.5236191953875));
#7854=CARTESIAN_POINT('Ctrl Pts',(153.505350108309,-66.5150955540624,11.4442223946187));
#7855=CARTESIAN_POINT('Ctrl Pts',(154.176908588305,-65.2522953866192,11.3648255938499));
#7856=CARTESIAN_POINT('Ctrl Pts',(155.602076108622,-65.1318980431475,11.2854287930812));
#7857=CARTESIAN_POINT('Ctrl Pts',(156.475989218864,-66.2640859875097,11.2060319923124));
#7858=CARTESIAN_POINT('Ctrl Pts',(155.998518921291,-67.6122779402381,11.1266351915437));
#7859=CARTESIAN_POINT('Ctrl Pts',(154.606823299225,-67.9420883671963,11.0472383907749));
#7860=CARTESIAN_POINT('Ctrl Pts',(153.575108599041,-66.9515559165716,10.9678415900061));
#7861=CARTESIAN_POINT('Ctrl Pts',(153.847988686025,-65.5475869071558,10.8884447892374));
#7862=CARTESIAN_POINT('Ctrl Pts',(155.175621072152,-65.0156247275668,10.8090479884686));
#7863=CARTESIAN_POINT('Ctrl Pts',(156.342455576141,-65.8427212409915,10.7296511876999));
#7864=CARTESIAN_POINT('Ctrl Pts',(156.280165125996,-67.2716059779309,10.6502543869311));
#7865=CARTESIAN_POINT('Ctrl Pts',(155.045781406925,-67.9940244167669,10.5708575861623));
#7866=CARTESIAN_POINT('Ctrl Pts',(153.769478105858,-67.3485467263659,10.4914607853936));
#7867=CARTESIAN_POINT('Ctrl Pts',(153.619809501294,-65.9261575730535,10.4120639846248));
#7868=CARTESIAN_POINT('Ctrl Pts',(154.733808768785,-65.0291641440448,10.3326671838561));
#7869=CARTESIAN_POINT('Ctrl Pts',(156.091523503254,-65.4788332228914,10.2532703830873));
#7870=CARTESIAN_POINT('Ctrl Pts',(156.449860961497,-66.8634580275252,10.1738735823186));
#7871=CARTESIAN_POINT('Ctrl Pts',(155.480735512902,-67.915307563686,10.0944767815498));
#7872=CARTESIAN_POINT('Ctrl Pts',(154.071456385945,-67.6713323100286,10.015079980781));
#7873=CARTESIAN_POINT('Ctrl Pts',(153.512327510091,-66.3549104617824,9.93568318001228));
#7874=CARTESIAN_POINT('Ctrl Pts',(154.315274572674,-65.1713279353642,9.85628637924352));
#7875=CARTESIAN_POINT('Ctrl Pts',(155.74513749767,-65.2042459838635,9.77688957847476));
#7876=CARTESIAN_POINT('Ctrl Pts',(156.492766298001,-66.4235255904894,9.697492777706));
#7877=CARTESIAN_POINT('Ctrl Pts',(155.873649040953,-67.7128220669528,9.61809597693724));
#7878=CARTESIAN_POINT('Ctrl Pts',(154.454635411837,-67.8916848707626,9.53869917616848));
#7879=CARTESIAN_POINT('Ctrl Pts',(153.534942029085,-66.7963512850793,9.45930237539973));
#7880=CARTESIAN_POINT('Ctrl Pts',(153.956619245291,-65.4296838392337,9.37990557463096));
#7881=CARTESIAN_POINT('Ctrl Pts',(155.333588987864,-65.0429721763112,9.30050877386221));
#7882=CARTESIAN_POINT('Ctrl Pts',(156.40512906505,-65.9902807032381,9.22111197309345));
#7883=CARTESIAN_POINT('Ctrl Pts',(156.190161742972,-67.4042752692229,9.14171517232469));
#7884=CARTESIAN_POINT('Ctrl Pts',(154.885506214571,-67.9903345959387,9.06231837155593));
#7885=CARTESIAN_POINT('Ctrl Pts',(153.685675421139,-67.2118760875219,8.98292157078718));
#7886=CARTESIAN_POINT('Ctrl Pts',(153.689207159708,-65.781638656542,8.90352477001842));
#7887=CARTESIAN_POINT('Ctrl Pts',(154.892867850804,-65.0091151791889,8.82412796924965));
#7888=CARTESIAN_POINT('Ctrl Pts',(156.194613129988,-65.6016105886194,8.7447311684809));
#7889=CARTESIAN_POINT('Ctrl Pts',(156.402594614306,-67.0166495577001,8.66533436771214));
#7890=CARTESIAN_POINT('Ctrl Pts',(155.326389184413,-67.9586545769315,8.58593756694338));
#7891=CARTESIAN_POINT('Ctrl Pts',(153.95134606638,-67.5651472654205,8.50654076617462));
#7892=CARTESIAN_POINT('Ctrl Pts',(153.536423475587,-66.196413973904,8.42714396540586));
#7893=CARTESIAN_POINT('Ctrl Pts',(154.461515108885,-65.1056357816691,8.34774716463711));
#7894=CARTESIAN_POINT('Ctrl Pts',(155.879628086263,-65.2915044140678,8.26835036386834));
#7895=CARTESIAN_POINT('Ctrl Pts',(156.492370430453,-66.5838427545626,8.18895356309958));
#7896=CARTESIAN_POINT('Ctrl Pts',(155.738729129477,-67.7994152456547,8.10955676233083));
#7897=CARTESIAN_POINT('Ctrl Pts',(154.308721133303,-67.8252712526771,8.03015996156206));
#7898=CARTESIAN_POINT('Ctrl Pts',(153.511629026879,-66.6377378059547,7.95076316079331));
#7899=CARTESIAN_POINT('Ctrl Pts',(154.07725269287,-65.3240931090359,7.87136636002455));
#7900=CARTESIAN_POINT('Ctrl Pts',(155.487718978531,-65.0870812626456,7.7919695592558));
#7901=CARTESIAN_POINT('Ctrl Pts',(156.451639069645,-66.1437030872143,7.71257275848703));
#7902=CARTESIAN_POINT('Ctrl Pts',(156.086465367266,-67.526543495055,7.63317595771828));
#7903=CARTESIAN_POINT('Ctrl Pts',(154.72655153349,-67.9694972514649,7.55377915694952));
#7904=CARTESIAN_POINT('Ctrl Pts',(153.616985148057,-67.0670226437343,7.47438235618076));
#7905=CARTESIAN_POINT('Ctrl Pts',(153.77369878376,-65.6453701224287,7.394985555412));
#7906=CARTESIAN_POINT('Ctrl Pts',(155.053128038163,-65.0062449661991,7.31558875464324));
#7907=CARTESIAN_POINT('Ctrl Pts',(156.284025439795,-65.7346643231419,7.23619195387449));
#7908=CARTESIAN_POINT('Ctrl Pts',(156.339057110139,-67.1640197048275,7.15679515310572));
#7909=CARTESIAN_POINT('Ctrl Pts',(155.168572146194,-67.9849682796909,7.07739835233696));
#7910=CARTESIAN_POINT('Ctrl Pts',(153.842708728771,-67.4472531065923,6.99800155156821));
#7911=CARTESIAN_POINT('Ctrl Pts',(153.578625562679,-66.0403905691756,6.91860475079945));
#7912=CARTESIAN_POINT('Ctrl Pts',(154.267136529008,-65.3870147282399,6.86567355028694));
#7913=CARTESIAN_POINT('Ctrl Pts',(154.673411471949,-65.2784001973536,6.83920795003069));
#7914=CARTESIAN_POINT('Ctrl Pts',(153.971540235523,-67.3857927430199,12.0535973499898));
#7915=CARTESIAN_POINT('Ctrl Pts',(153.676945854357,-67.0437523038491,12.0271317497335));
#7916=CARTESIAN_POINT('Ctrl Pts',(153.461542830313,-66.0479154858324,11.974200549221));
#7917=CARTESIAN_POINT('Ctrl Pts',(154.546622610777,-64.9600263223541,11.8948037484523));
#7918=CARTESIAN_POINT('Ctrl Pts',(156.047620236325,-65.2850793098626,11.8154069476835));
#7919=CARTESIAN_POINT('Ctrl Pts',(156.589089073714,-66.7210247326984,11.7360101469147));
#7920=CARTESIAN_POINT('Ctrl Pts',(155.675792862853,-67.9552978663428,11.656613346146));
#7921=CARTESIAN_POINT('Ctrl Pts',(154.143670878832,-67.8567987383985,11.5772165453772));
#7922=CARTESIAN_POINT('Ctrl Pts',(153.395620563043,-66.5162039040733,11.4978197446085));
#7923=CARTESIAN_POINT('Ctrl Pts',(154.116481543811,-65.1606951965923,11.4184229438397));
#7924=CARTESIAN_POINT('Ctrl Pts',(155.64627781183,-65.0314588758815,11.339026143071));
#7925=CARTESIAN_POINT('Ctrl Pts',(156.584349298559,-66.2467664571239,11.2596293423022));
#7926=CARTESIAN_POINT('Ctrl Pts',(156.071825494231,-67.6939359922524,11.1802325415334));
#7927=CARTESIAN_POINT('Ctrl Pts',(154.577958465615,-68.0479594688766,11.1008357407647));
#7928=CARTESIAN_POINT('Ctrl Pts',(153.470500377004,-66.9847070268194,11.0214389399959));
#7929=CARTESIAN_POINT('Ctrl Pts',(153.76341396978,-65.4776655594829,10.9420421392271));
#7930=CARTESIAN_POINT('Ctrl Pts',(155.188514556656,-64.906649348784,10.8626453384584));
#7931=CARTESIAN_POINT('Ctrl Pts',(156.441012276503,-65.7944671958025,10.7832485376896));
#7932=CARTESIAN_POINT('Ctrl Pts',(156.374148769717,-67.3282535800961,10.7038517369209));
#7933=CARTESIAN_POINT('Ctrl Pts',(155.049142705646,-68.1037084062303,10.6244549361521));
#7934=CARTESIAN_POINT('Ctrl Pts',(153.679139531283,-67.4108429375831,10.5450581353834));
#7935=CARTESIAN_POINT('Ctrl Pts',(153.518482998323,-65.8840290105269,10.4656613346146));
#7936=CARTESIAN_POINT('Ctrl Pts',(154.714266580035,-64.9211827622275,10.3862645338459));
#7937=CARTESIAN_POINT('Ctrl Pts',(156.171658012421,-65.4038643199087,10.3068677330771));
#7938=CARTESIAN_POINT('Ctrl Pts',(156.556302833817,-66.890141426662,10.2274709323083));
#7939=CARTESIAN_POINT('Ctrl Pts',(155.516028989958,-68.0192125512823,10.1480741315396));
#7940=CARTESIAN_POINT('Ctrl Pts',(154.003287562525,-67.7573258416755,10.0686773307708));
#7941=CARTESIAN_POINT('Ctrl Pts',(153.40311021114,-66.3442588149039,9.98928053000205));
#7942=CARTESIAN_POINT('Ctrl Pts',(154.265005674127,-65.0737835156881,9.90988372923328));
#7943=CARTESIAN_POINT('Ctrl Pts',(155.799842060203,-65.1091182444318,9.83048692846453));
#7944=CARTESIAN_POINT('Ctrl Pts',(156.602358067834,-66.4179113268571,9.75109012769577));
#7945=CARTESIAN_POINT('Ctrl Pts',(155.937788285127,-67.8018615712644,9.67169332692702));
#7946=CARTESIAN_POINT('Ctrl Pts',(154.414597696552,-67.993855597128,9.59229652615825));
#7947=CARTESIAN_POINT('Ctrl Pts',(153.427384976223,-66.8181080392257,9.5128997253895));
#7948=CARTESIAN_POINT('Ctrl Pts',(153.88001964721,-65.351106631691,9.43350292462074));
#7949=CARTESIAN_POINT('Ctrl Pts',(155.358079695124,-64.9360045119017,9.35410612385198));
#7950=CARTESIAN_POINT('Ctrl Pts',(156.508286942863,-65.9528597436523,9.27470932308322));
#7951=CARTESIAN_POINT('Ctrl Pts',(156.277537783643,-67.4706627943155,9.19531252231446));
#7952=CARTESIAN_POINT('Ctrl Pts',(154.8771009017,-68.0997476970139,9.1159157215457));
#7953=CARTESIAN_POINT('Ctrl Pts',(153.589184468103,-67.264138616673,9.03651892077694));
#7954=CARTESIAN_POINT('Ctrl Pts',(153.592975489442,-65.7289002302356,8.95712212000819));
#7955=CARTESIAN_POINT('Ctrl Pts',(154.885002992841,-64.8996619015729,8.87772531923942));
#7956=CARTESIAN_POINT('Ctrl Pts',(156.282315969469,-65.5356553923337,8.79832851847067));
#7957=CARTESIAN_POINT('Ctrl Pts',(156.505566425286,-67.0545795210003,8.7189317177019));
#7958=CARTESIAN_POINT('Ctrl Pts',(155.350351317728,-68.0657418877619,8.63953491693315));
#7959=CARTESIAN_POINT('Ctrl Pts',(153.874359337595,-67.6433452164893,8.56013811616439));
#7960=CARTESIAN_POINT('Ctrl Pts',(153.428975183197,-66.174126299116,8.48074131539563));
#7961=CARTESIAN_POINT('Ctrl Pts',(154.421982466916,-65.0032685691094,8.40134451462687));
#7962=CARTESIAN_POINT('Ctrl Pts',(155.94420628236,-65.2027827568324,8.32194771385811));
#7963=CARTESIAN_POINT('Ctrl Pts',(156.60193313765,-66.5899981838775,8.24255091308936));
#7964=CARTESIAN_POINT('Ctrl Pts',(155.792963221325,-67.894811992689,8.1631541123206));
#7965=CARTESIAN_POINT('Ctrl Pts',(154.257971113663,-67.9225662198132,8.08375731155183));
#7966=CARTESIAN_POINT('Ctrl Pts',(153.402360448747,-66.6478499432733,8.00436051078308));
#7967=CARTESIAN_POINT('Ctrl Pts',(154.009509405625,-65.2377639525383,7.92496371001432));
#7968=CARTESIAN_POINT('Ctrl Pts',(155.52352514708,-64.9833518691058,7.84556690924556));
#7969=CARTESIAN_POINT('Ctrl Pts',(156.558211481867,-66.1175456399359,7.7661701084768));
#7970=CARTESIAN_POINT('Ctrl Pts',(156.166228533116,-67.6019073483125,7.68677330770805));
#7971=CARTESIAN_POINT('Ctrl Pts',(154.706476554433,-68.0773805778107,7.60737650693929));
#7972=CARTESIAN_POINT('Ctrl Pts',(153.515451295047,-67.1086507497683,7.52797970617053));
#7973=CARTESIAN_POINT('Ctrl Pts',(153.683670070473,-65.5826275345958,7.44858290540177));
#7974=CARTESIAN_POINT('Ctrl Pts',(155.057028690199,-64.8965809717472,7.36918610463301));
#7975=CARTESIAN_POINT('Ctrl Pts',(156.378292488656,-65.6784772737033,7.28978930386425));
#7976=CARTESIAN_POINT('Ctrl Pts',(156.437364311943,-67.2127688551516,7.2103925030955));
#7977=CARTESIAN_POINT('Ctrl Pts',(155.180948133431,-68.0939874123793,7.13099570232673));
#7978=CARTESIAN_POINT('Ctrl Pts',(153.75774638419,-67.5167958518528,7.05159890155798));
#7979=CARTESIAN_POINT('Ctrl Pts',(153.474275538711,-66.0066484280065,6.97220210078922));
#7980=CARTESIAN_POINT('Ctrl Pts',(154.213333573478,-65.305304965692,6.91927090027671));
#7981=CARTESIAN_POINT('Ctrl Pts',(154.649435212507,-65.188716493366,6.89280530002046));
#7982=CARTESIAN_POINT('Ctrl Pts',(153.901200088289,-67.4463756734941,12.1071946999795));
#7983=CARTESIAN_POINT('Ctrl Pts',(153.586457245641,-67.080941751438,12.0807290997233));
#7984=CARTESIAN_POINT('Ctrl Pts',(153.356321966637,-66.0169957600868,12.0277978992108));
#7985=CARTESIAN_POINT('Ctrl Pts',(154.515614595544,-64.8547016034777,11.948401098442));
#7986=CARTESIAN_POINT('Ctrl Pts',(156.119271317043,-65.2019862356378,11.8690042976733));
#7987=CARTESIAN_POINT('Ctrl Pts',(156.697773325162,-66.7361415799519,11.7896074969045));
#7988=CARTESIAN_POINT('Ctrl Pts',(155.722013215793,-68.0548314787534,11.7102106961357));
#7989=CARTESIAN_POINT('Ctrl Pts',(154.08510341926,-67.9495956103544,11.630813895367));
#7990=CARTESIAN_POINT('Ctrl Pts',(153.285891017777,-66.5173122540841,11.5514170945982));
#7991=CARTESIAN_POINT('Ctrl Pts',(154.056054499317,-65.0690950065656,11.4720202938295));
#7992=CARTESIAN_POINT('Ctrl Pts',(155.690479515038,-64.9310197086154,11.3926234930607));
#7993=CARTESIAN_POINT('Ctrl Pts',(156.692709378254,-66.2294469267381,11.313226692292));
#7994=CARTESIAN_POINT('Ctrl Pts',(156.145132067171,-67.7755940442666,11.2338298915232));
#7995=CARTESIAN_POINT('Ctrl Pts',(154.549093632006,-68.1538305705569,11.1544330907544));
#7996=CARTESIAN_POINT('Ctrl Pts',(153.365892154967,-67.0178581370672,11.0750362899857));
#7997=CARTESIAN_POINT('Ctrl Pts',(153.678839253536,-65.4077442118099,10.9956394892169));
#7998=CARTESIAN_POINT('Ctrl Pts',(155.201408041159,-64.7976739700011,10.9162426884482));
#7999=CARTESIAN_POINT('Ctrl Pts',(156.539568976866,-65.7462131506137,10.8368458876794));
#8000=CARTESIAN_POINT('Ctrl Pts',(156.468132413439,-67.3849011822612,10.7574490869106));
#8001=CARTESIAN_POINT('Ctrl Pts',(155.052504004366,-68.2133923956938,10.6780522861419));
#8002=CARTESIAN_POINT('Ctrl Pts',(153.588800956708,-67.4731391488004,10.5986554853731));
#8003=CARTESIAN_POINT('Ctrl Pts',(153.417156495352,-65.8419004480002,10.5192586846044));
#8004=CARTESIAN_POINT('Ctrl Pts',(154.694724391284,-64.8132013804103,10.4398618838356));
#8005=CARTESIAN_POINT('Ctrl Pts',(156.251792521588,-65.328895416926,10.3604650830669));
#8006=CARTESIAN_POINT('Ctrl Pts',(156.662744706137,-66.9168248257989,10.2810682822981));
#8007=CARTESIAN_POINT('Ctrl Pts',(155.551322467014,-68.1231175388785,10.2016714815293));
#8008=CARTESIAN_POINT('Ctrl Pts',(153.935118739104,-67.8433193733225,10.1222746807606));
#8009=CARTESIAN_POINT('Ctrl Pts',(153.293892912189,-66.3336071680254,10.0428778799918));
#8010=CARTESIAN_POINT('Ctrl Pts',(154.214736775579,-64.9762390960119,9.96348107922306));
#8011=CARTESIAN_POINT('Ctrl Pts',(155.854546622736,-65.0139905050002,9.8840842784543));
#8012=CARTESIAN_POINT('Ctrl Pts',(156.711949837667,-66.4122970632249,9.80468747768554));
#8013=CARTESIAN_POINT('Ctrl Pts',(156.001927529301,-67.8909010755761,9.72529067691679));
#8014=CARTESIAN_POINT('Ctrl Pts',(154.374559981267,-68.0960263234933,9.64589387614802));
#8015=CARTESIAN_POINT('Ctrl Pts',(153.319827923362,-66.8398647933722,9.56649707537927));
#8016=CARTESIAN_POINT('Ctrl Pts',(153.80342004913,-65.2725294241482,9.48710027461051));
#8017=CARTESIAN_POINT('Ctrl Pts',(155.382570402383,-64.8290368474922,9.40770347384175));
#8018=CARTESIAN_POINT('Ctrl Pts',(156.611444820676,-65.9154387840666,9.32830667307299));
#8019=CARTESIAN_POINT('Ctrl Pts',(156.364913824314,-67.537050319408,9.24890987230423));
#8020=CARTESIAN_POINT('Ctrl Pts',(154.86869558883,-68.209160798089,9.16951307153548));
#8021=CARTESIAN_POINT('Ctrl Pts',(153.492693515066,-67.316401145824,9.09011627076671));
#8022=CARTESIAN_POINT('Ctrl Pts',(153.496743819176,-65.6761618039292,9.01071946999796));
#8023=CARTESIAN_POINT('Ctrl Pts',(154.877138134878,-64.790208623957,8.9313226692292));
#8024=CARTESIAN_POINT('Ctrl Pts',(156.37001880895,-65.469700196048,8.85192586846044));
#8025=CARTESIAN_POINT('Ctrl Pts',(156.608538236266,-67.0925094843005,8.77252906769168));
#8026=CARTESIAN_POINT('Ctrl Pts',(155.374313451042,-68.1728291985923,8.69313226692292));
#8027=CARTESIAN_POINT('Ctrl Pts',(153.79737260881,-67.7215431675581,8.61373546615416));
#8028=CARTESIAN_POINT('Ctrl Pts',(153.321526890807,-66.1518386243281,8.5343386653854));
#8029=CARTESIAN_POINT('Ctrl Pts',(154.382449824948,-64.9009013565497,8.45494186461665));
#8030=CARTESIAN_POINT('Ctrl Pts',(156.008784478457,-65.1140610995971,8.37554506384789));
#8031=CARTESIAN_POINT('Ctrl Pts',(156.711495844847,-66.5961536131922,8.29614826307913));
#8032=CARTESIAN_POINT('Ctrl Pts',(155.847197313174,-67.9902087397234,8.21675146231037));
#8033=CARTESIAN_POINT('Ctrl Pts',(154.207221094023,-68.0198611869492,8.13735466154162));
#8034=CARTESIAN_POINT('Ctrl Pts',(153.293091870615,-66.657962080592,8.05795786077285));
#8035=CARTESIAN_POINT('Ctrl Pts',(153.941766118379,-65.1514347960407,7.97856106000409));
#8036=CARTESIAN_POINT('Ctrl Pts',(155.559331315629,-64.8796224755659,7.89916425923533));
#8037=CARTESIAN_POINT('Ctrl Pts',(156.66478389409,-66.0913881926574,7.81976745846658));
#8038=CARTESIAN_POINT('Ctrl Pts',(156.245991698966,-67.6772712015702,7.74037065769781));
#8039=CARTESIAN_POINT('Ctrl Pts',(154.686401575376,-68.1852639041564,7.66097385692907));
#8040=CARTESIAN_POINT('Ctrl Pts',(153.413917442035,-67.1502788558023,7.5815770561603));
#8041=CARTESIAN_POINT('Ctrl Pts',(153.593641357186,-65.519884946763,7.50218025539154));
#8042=CARTESIAN_POINT('Ctrl Pts',(155.060929342234,-64.7869169772952,7.42278345462278));
#8043=CARTESIAN_POINT('Ctrl Pts',(156.472559537516,-65.6222902242648,7.34338665385403));
#8044=CARTESIAN_POINT('Ctrl Pts',(156.535671513746,-67.2615180054757,7.26398985308526));
#8045=CARTESIAN_POINT('Ctrl Pts',(155.193324120668,-68.2030065450678,7.18459305231651));
#8046=CARTESIAN_POINT('Ctrl Pts',(153.672784039609,-67.5863385971134,7.10519625154775));
#8047=CARTESIAN_POINT('Ctrl Pts',(153.369925514742,-65.9729062868375,7.02579945077899));
#8048=CARTESIAN_POINT('Ctrl Pts',(154.159530617948,-65.2235952031441,6.97286825026648));
#8049=CARTESIAN_POINT('Ctrl Pts',(154.625458953065,-65.0990327893783,6.94640265001023));
#8050=CARTESIAN_POINT('Ctrl Pts',(153.830859941055,-67.5069586039683,12.1607920499693));
#8051=CARTESIAN_POINT('Ctrl Pts',(153.495968636924,-67.1181311990268,12.1343264497131));
#8052=CARTESIAN_POINT('Ctrl Pts',(153.251101102961,-65.9860760343413,12.0813952492006));
#8053=CARTESIAN_POINT('Ctrl Pts',(154.484606580311,-64.7493768846013,12.0019984484318));
#8054=CARTESIAN_POINT('Ctrl Pts',(156.190922397761,-65.1188931614129,11.922601647663));
#8055=CARTESIAN_POINT('Ctrl Pts',(156.806457576611,-66.7512584272055,11.8432048468943));
#8056=CARTESIAN_POINT('Ctrl Pts',(155.768233568734,-68.1543650911641,11.7638080461255));
#8057=CARTESIAN_POINT('Ctrl Pts',(154.026535959688,-68.0423924823101,11.6844112453567));
#8058=CARTESIAN_POINT('Ctrl Pts',(153.176161472511,-66.518420604095,11.605014444588));
#8059=CARTESIAN_POINT('Ctrl Pts',(153.995627454823,-64.9774948165388,11.5256176438192));
#8060=CARTESIAN_POINT('Ctrl Pts',(155.734681218247,-64.8305805413495,11.4462208430505));
#8061=CARTESIAN_POINT('Ctrl Pts',(156.801069457949,-66.2121273963522,11.3668240422817));
#8062=CARTESIAN_POINT('Ctrl Pts',(156.218438640111,-67.8572520962809,11.287427241513));
#8063=CARTESIAN_POINT('Ctrl Pts',(154.520228798397,-68.2597016722371,11.2080304407442));
#8064=CARTESIAN_POINT('Ctrl Pts',(153.26128393293,-67.051009247315,11.1286336399755));
#8065=CARTESIAN_POINT('Ctrl Pts',(153.594264537291,-65.337822864137,11.0492368392067));
#8066=CARTESIAN_POINT('Ctrl Pts',(155.214301525662,-64.6886985912182,10.9698400384379));
#8067=CARTESIAN_POINT('Ctrl Pts',(156.638125677228,-65.6979591054247,10.8904432376692));
#8068=CARTESIAN_POINT('Ctrl Pts',(156.562116057161,-67.4415487844264,10.8110464369004));
#8069=CARTESIAN_POINT('Ctrl Pts',(155.055865303087,-68.3230763851571,10.7316496361317));
#8070=CARTESIAN_POINT('Ctrl Pts',(153.498462382134,-67.5354353600177,10.6522528353629));
#8071=CARTESIAN_POINT('Ctrl Pts',(153.315829992381,-65.7997718854736,10.5728560345941));
#8072=CARTESIAN_POINT('Ctrl Pts',(154.675182202534,-64.7052199985931,10.4934592338254));
#8073=CARTESIAN_POINT('Ctrl Pts',(156.331927030755,-65.2539265139433,10.4140624330566));
#8074=CARTESIAN_POINT('Ctrl Pts',(156.769186578457,-66.9435082249357,10.3346656322879));
#8075=CARTESIAN_POINT('Ctrl Pts',(155.58661594407,-68.2270225264747,10.2552688315191));
#8076=CARTESIAN_POINT('Ctrl Pts',(153.866949915684,-67.9293129049695,10.1758720307503));
#8077=CARTESIAN_POINT('Ctrl Pts',(153.184675613238,-66.3229555211468,10.0964752299816));
#8078=CARTESIAN_POINT('Ctrl Pts',(154.164467877031,-64.8786946763359,10.0170784292128));
#8079=CARTESIAN_POINT('Ctrl Pts',(155.909251185269,-64.9188627655684,9.93768162844408));
#8080=CARTESIAN_POINT('Ctrl Pts',(156.821541607501,-66.4066827995927,9.85828482767531));
#8081=CARTESIAN_POINT('Ctrl Pts',(156.066066773475,-67.9799405798877,9.77888802690656));
#8082=CARTESIAN_POINT('Ctrl Pts',(154.334522265982,-68.1981970498589,9.69949122613779));
#8083=CARTESIAN_POINT('Ctrl Pts',(153.2122708705,-66.8616215475185,9.62009442536904));
#8084=CARTESIAN_POINT('Ctrl Pts',(153.72682045105,-65.1939522166054,9.54069762460028));
#8085=CARTESIAN_POINT('Ctrl Pts',(155.407061109643,-64.7220691830826,9.46130082383152));
#8086=CARTESIAN_POINT('Ctrl Pts',(156.71460269849,-65.878017824481,9.38190402306276));
#8087=CARTESIAN_POINT('Ctrl Pts',(156.452289864986,-67.6034378445004,9.302507222294));
#8088=CARTESIAN_POINT('Ctrl Pts',(154.86029027596,-68.3185738991642,9.22311042152525));
#8089=CARTESIAN_POINT('Ctrl Pts',(153.396202562029,-67.3686636749751,9.14371362075648));
#8090=CARTESIAN_POINT('Ctrl Pts',(153.400512148911,-65.6234233776228,9.06431681998773));
#8091=CARTESIAN_POINT('Ctrl Pts',(154.869273276915,-64.680755346341,8.98492001921896));
#8092=CARTESIAN_POINT('Ctrl Pts',(156.457721648431,-65.4037449997624,8.90552321845021));
#8093=CARTESIAN_POINT('Ctrl Pts',(156.711510047246,-67.1304394476007,8.82612641768145));
#8094=CARTESIAN_POINT('Ctrl Pts',(155.398275584356,-68.2799165094228,8.74672961691269));
#8095=CARTESIAN_POINT('Ctrl Pts',(153.720385880026,-67.7997411186269,8.66733281614393));
#8096=CARTESIAN_POINT('Ctrl Pts',(153.214078598418,-66.1295509495402,8.58793601537517));
#8097=CARTESIAN_POINT('Ctrl Pts',(154.34291718298,-64.7985341439899,8.50853921460642));
#8098=CARTESIAN_POINT('Ctrl Pts',(156.073362674554,-65.0253394423618,8.42914241383765));
#8099=CARTESIAN_POINT('Ctrl Pts',(156.821058552043,-66.6023090425069,8.3497456130689));
#8100=CARTESIAN_POINT('Ctrl Pts',(155.901431405023,-68.0856054867577,8.27034881230014));
#8101=CARTESIAN_POINT('Ctrl Pts',(154.156471074382,-68.1171561540852,8.19095201153138));
#8102=CARTESIAN_POINT('Ctrl Pts',(153.183823292482,-66.6680742179106,8.11155521076262));
#8103=CARTESIAN_POINT('Ctrl Pts',(153.874022831133,-65.0651056395432,8.03215840999387));
#8104=CARTESIAN_POINT('Ctrl Pts',(155.595137484178,-64.775893082026,7.9527616092251));
#8105=CARTESIAN_POINT('Ctrl Pts',(156.771356306312,-66.0652307453789,7.87336480845635));
#8106=CARTESIAN_POINT('Ctrl Pts',(156.325754864816,-67.7526350548277,7.79396800768759));
#8107=CARTESIAN_POINT('Ctrl Pts',(154.666326596318,-68.2931472305023,7.71457120691883));
#8108=CARTESIAN_POINT('Ctrl Pts',(153.312383589025,-67.1919069618362,7.63517440615007));
#8109=CARTESIAN_POINT('Ctrl Pts',(153.503612643899,-65.4571423589302,7.55577760538131));
#8110=CARTESIAN_POINT('Ctrl Pts',(155.06482999427,-64.6772529828431,7.47638080461255));
#8111=CARTESIAN_POINT('Ctrl Pts',(156.566826586377,-65.5661031748263,7.39698400384379));
#8112=CARTESIAN_POINT('Ctrl Pts',(156.63397871555,-67.3102671557998,7.31758720307505));
#8113=CARTESIAN_POINT('Ctrl Pts',(155.205700107906,-68.3120256777562,7.23819040230627));
#8114=CARTESIAN_POINT('Ctrl Pts',(153.587821695028,-67.655881342374,7.15879360153752));
#8115=CARTESIAN_POINT('Ctrl Pts',(153.265575490774,-65.9391641456684,7.07939680076876));
#8116=CARTESIAN_POINT('Ctrl Pts',(154.105727662418,-65.1418854405963,7.02646560025625));
#8117=CARTESIAN_POINT('Ctrl Pts',(154.601482693623,-65.0093490853907,7.));
#8118=CARTESIAN_POINT('Ctrl Pts',(154.601482693623,-65.0093490853907,7.));
#8119=CARTESIAN_POINT('Ctrl Pts',(154.543511109931,-65.030531663467,7.));
#8120=CARTESIAN_POINT('Ctrl Pts',(154.487060671897,-65.0554313086377,7.));
#8121=CARTESIAN_POINT('Ctrl Pts',(154.432351437875,-65.0837603742629,7.));
#8122=CARTESIAN_POINT('Ctrl Pts',(154.379855717547,-65.1109432572412,7.));
#8123=CARTESIAN_POINT('Ctrl Pts',(154.328962732587,-65.1412847925472,7.));
#8124=CARTESIAN_POINT('Ctrl Pts',(154.279899323981,-65.1745658372999,7.));
#8125=CARTESIAN_POINT('Ctrl Pts',(154.268002320373,-65.1826358984869,7.));
#8126=CARTESIAN_POINT('Ctrl Pts',(154.256219226971,-65.1908748194865,7.));
#8127=CARTESIAN_POINT('Ctrl Pts',(154.244558915646,-65.1992748623853,7.));
#8128=CARTESIAN_POINT('Ctrl Pts',(154.195722120343,-65.2344566996574,7.));
#8129=CARTESIAN_POINT('Ctrl Pts',(154.149002705413,-65.272484798001,7.));
#8130=CARTESIAN_POINT('Ctrl Pts',(154.104631161875,-65.3131135446922,7.));
#8131=CARTESIAN_POINT('Ctrl Pts',(154.076064092304,-65.3392709451505,7.));
#8132=CARTESIAN_POINT('Ctrl Pts',(154.048470972867,-65.366507052184,7.));
#8133=CARTESIAN_POINT('Ctrl Pts',(154.021923263063,-65.3947620380564,7.));
#8134=CARTESIAN_POINT('Ctrl Pts',(154.010891867048,-65.4065028601777,7.));
#8135=CARTESIAN_POINT('Ctrl Pts',(154.000037464993,-65.4184239870402,7.));
#8136=CARTESIAN_POINT('Ctrl Pts',(153.989386553389,-65.4304968424075,7.));
#8137=CARTESIAN_POINT('Ctrl Pts',(153.949091617693,-65.4761713300723,7.));
#8138=CARTESIAN_POINT('Ctrl Pts',(153.911653091178,-65.5240667868511,7.));
#8139=CARTESIAN_POINT('Ctrl Pts',(153.877306123495,-65.5739251745699,7.));
#8140=CARTESIAN_POINT('Ctrl Pts',(153.844955887876,-65.6208850868758,7.));
#8141=CARTESIAN_POINT('Ctrl Pts',(153.815348088139,-65.6695874176738,7.));
#8142=CARTESIAN_POINT('Ctrl Pts',(153.788725429728,-65.7198352241029,7.));
#8143=CARTESIAN_POINT('Ctrl Pts',(153.773802449987,-65.7480009687018,7.));
#8144=CARTESIAN_POINT('Ctrl Pts',(153.759818260289,-65.7766525558299,7.));
#8145=CARTESIAN_POINT('Ctrl Pts',(153.746822757923,-65.8057563255918,7.));
#8146=CARTESIAN_POINT('Ctrl Pts',(153.735349650127,-65.8314506526262,7.));
#8147=CARTESIAN_POINT('Ctrl Pts',(153.724647214879,-65.8574974509105,7.));
#8148=CARTESIAN_POINT('Ctrl Pts',(153.714753462523,-65.8838735298429,7.));
#8149=CARTESIAN_POINT('Ctrl Pts',(153.71132550207,-65.8930122420534,7.));
#8150=CARTESIAN_POINT('Ctrl Pts',(153.70799622937,-65.9021864426125,7.));
#8151=CARTESIAN_POINT('Ctrl Pts',(153.704769526471,-65.9113875154651,7.));
#8152=CARTESIAN_POINT('Ctrl Pts',(153.686735512024,-65.9628122316377,7.));
#8153=CARTESIAN_POINT('Ctrl Pts',(153.671874748953,-66.0151467086561,7.));
#8154=CARTESIAN_POINT('Ctrl Pts',(153.660394615778,-66.0682121491818,7.));
#8155=CARTESIAN_POINT('Ctrl Pts',(153.648444238397,-66.1234512331301,7.));
#8156=CARTESIAN_POINT('Ctrl Pts',(153.640157061928,-66.1794834855499,7.));
#8157=CARTESIAN_POINT('Ctrl Pts',(153.635440824244,-66.2359728455777,7.));
#8158=CARTESIAN_POINT('Ctrl Pts',(153.631396810846,-66.2844105504132,7.));
#8159=CARTESIAN_POINT('Ctrl Pts',(153.629979392929,-66.3331847976519,7.));
#8160=CARTESIAN_POINT('Ctrl Pts',(153.631159608326,-66.3820748048621,7.));
#8161=CARTESIAN_POINT('Ctrl Pts',(153.631409186685,-66.3924135004859,7.));
#8162=CARTESIAN_POINT('Ctrl Pts',(153.631775017554,-66.402757325039,7.));
#8163=CARTESIAN_POINT('Ctrl Pts',(153.632256967294,-66.4131041051105,7.));
#8164=CARTESIAN_POINT('Ctrl Pts',(153.632713697106,-66.4229094489437,7.));
#8165=CARTESIAN_POINT('Ctrl Pts',(153.633274544092,-66.4327126581056,7.));
#8166=CARTESIAN_POINT('Ctrl Pts',(153.63393842577,-66.4425039642078,7.));
#8167=CARTESIAN_POINT('Ctrl Pts',(153.637693070474,-66.4978796083433,7.));
#8168=CARTESIAN_POINT('Ctrl Pts',(153.644742656431,-66.5529535840835,7.));
#8169=CARTESIAN_POINT('Ctrl Pts',(153.654987634249,-66.6074114157396,7.));
#8170=CARTESIAN_POINT('Ctrl Pts',(153.665171462928,-66.6615442052595,7.));
#8171=CARTESIAN_POINT('Ctrl Pts',(153.678513160203,-66.7150692712597,7.));
#8172=CARTESIAN_POINT('Ctrl Pts',(153.694961522632,-66.7676571659547,7.));
#8173=CARTESIAN_POINT('Ctrl Pts',(153.703436584691,-66.7947532171903,7.));
#8174=CARTESIAN_POINT('Ctrl Pts',(153.712737132409,-66.8216000272911,7.));
#8175=CARTESIAN_POINT('Ctrl Pts',(153.722860377516,-66.8481489611425,7.));
#8176=CARTESIAN_POINT('Ctrl Pts',(153.729334364765,-66.8651274554319,7.));
#8177=CARTESIAN_POINT('Ctrl Pts',(153.736144876101,-66.8819840697479,7.));
#8178=CARTESIAN_POINT('Ctrl Pts',(153.743291737159,-66.8987054168501,7.));
#8179=CARTESIAN_POINT('Ctrl Pts',(153.747248130376,-66.9079620994294,7.));
#8180=CARTESIAN_POINT('Ctrl Pts',(153.751308665575,-66.9171796376651,7.));
#8181=CARTESIAN_POINT('Ctrl Pts',(153.755469904477,-66.9263480924502,7.));
#8182=CARTESIAN_POINT('Ctrl Pts',(153.777490290889,-66.9748655945548,7.));
#8183=CARTESIAN_POINT('Ctrl Pts',(153.802261607181,-67.0218704184505,7.));
#8184=CARTESIAN_POINT('Ctrl Pts',(153.829721405957,-67.0670693082769,7.));
#8185=CARTESIAN_POINT('Ctrl Pts',(153.856207141535,-67.1106648879145,7.00000000000001));
#8186=CARTESIAN_POINT('Ctrl Pts',(153.885194613112,-67.1525810368728,7.));
#8187=CARTESIAN_POINT('Ctrl Pts',(153.916661402696,-67.1925217026815,7.));
#8188=CARTESIAN_POINT('Ctrl Pts',(153.94769095429,-67.2319073841194,7.));
#8189=CARTESIAN_POINT('Ctrl Pts',(153.981131809345,-67.2693727499114,7.));
#8190=CARTESIAN_POINT('Ctrl Pts',(154.016988585664,-67.3045916754447,7.));
#8191=CARTESIAN_POINT('Ctrl Pts',(154.024557151361,-67.3120256050678,7.));
#8192=CARTESIAN_POINT('Ctrl Pts',(154.032233439581,-67.3193592737722,7.));
#8193=CARTESIAN_POINT('Ctrl Pts',(154.040015001424,-67.3265914775751,7.));
#8194=CARTESIAN_POINT('Ctrl Pts',(154.041880382758,-67.3252098125457,12.));
#8195=CARTESIAN_POINT('Ctrl Pts',(154.005021554784,-67.290788565754,12.));
#8196=CARTESIAN_POINT('Ctrl Pts',(153.970545312576,-67.2541269515804,12.));
#8197=CARTESIAN_POINT('Ctrl Pts',(153.938451290371,-67.2155454122435,12.));
#8198=CARTESIAN_POINT('Ctrl Pts',(153.904906071953,-67.1752193304665,12.));
#8199=CARTESIAN_POINT('Ctrl Pts',(153.8739627613,-67.1327953166767,12.));
#8200=CARTESIAN_POINT('Ctrl Pts',(153.845649103081,-67.0885895147245,12.));
#8201=CARTESIAN_POINT('Ctrl Pts',(153.82258165427,-67.0525745615946,12.));
#8202=CARTESIAN_POINT('Ctrl Pts',(153.801260074425,-67.015375780031,12.));
#8203=CARTESIAN_POINT('Ctrl Pts',(153.781716553267,-66.9771452003494,12.));
#8204=CARTESIAN_POINT('Ctrl Pts',(153.772480900581,-66.9590786322498,12.));
#8205=CARTESIAN_POINT('Ctrl Pts',(153.76364256636,-66.9407814308514,12.));
#8206=CARTESIAN_POINT('Ctrl Pts',(153.755206322337,-66.922268663537,12.));
#8207=CARTESIAN_POINT('Ctrl Pts',(153.751014827653,-66.9130707117512,12.));
#8208=CARTESIAN_POINT('Ctrl Pts',(153.746926209024,-66.9038273717797,12.));
#8209=CARTESIAN_POINT('Ctrl Pts',(153.742942235165,-66.8945446946776,12.));
#8210=CARTESIAN_POINT('Ctrl Pts',(153.72144630601,-66.844459082561,12.));
#8211=CARTESIAN_POINT('Ctrl Pts',(153.702977877284,-66.7931961324887,12.));
#8212=CARTESIAN_POINT('Ctrl Pts',(153.687563867446,-66.7410875597151,12.));
#8213=CARTESIAN_POINT('Ctrl Pts',(153.671913732843,-66.6881807440047,12.));
#8214=CARTESIAN_POINT('Ctrl Pts',(153.659411745861,-66.6344012554551,12.));
#8215=CARTESIAN_POINT('Ctrl Pts',(153.650126987958,-66.5800626886654,12.));
#8216=CARTESIAN_POINT('Ctrl Pts',(153.643378573995,-66.5405679439729,12.));
#8217=CARTESIAN_POINT('Ctrl Pts',(153.638330575625,-66.5007770833941,12.));
#8218=CARTESIAN_POINT('Ctrl Pts',(153.635025386026,-66.4608041280463,12.));
#8219=CARTESIAN_POINT('Ctrl Pts',(153.633901287866,-66.4472092875118,12.));
#8220=CARTESIAN_POINT('Ctrl Pts',(153.63297890027,-66.4335933565645,12.));
#8221=CARTESIAN_POINT('Ctrl Pts',(153.632260280151,-66.4199607591167,12.));
#8222=CARTESIAN_POINT('Ctrl Pts',(153.631713091322,-66.4095803024059,12.));
#8223=CARTESIAN_POINT('Ctrl Pts',(153.631284500229,-66.3991978404133,12.));
#8224=CARTESIAN_POINT('Ctrl Pts',(153.630975010424,-66.3888213383695,12.));
#8225=CARTESIAN_POINT('Ctrl Pts',(153.629280497915,-66.3320081179439,12.));
#8226=CARTESIAN_POINT('Ctrl Pts',(153.631149636182,-66.2753201231871,12.));
#8227=CARTESIAN_POINT('Ctrl Pts',(153.636640160285,-66.2190905795646,12.));
#8228=CARTESIAN_POINT('Ctrl Pts',(153.64044677657,-66.1801062690591,12.));
#8229=CARTESIAN_POINT('Ctrl Pts',(153.645994997222,-66.1413416643814,12.));
#8230=CARTESIAN_POINT('Ctrl Pts',(153.653318112659,-66.1029033871154,12.));
#8231=CARTESIAN_POINT('Ctrl Pts',(153.663615688707,-66.0488524730327,12.));
#8232=CARTESIAN_POINT('Ctrl Pts',(153.677420440134,-65.9954461885349,12.));
#8233=CARTESIAN_POINT('Ctrl Pts',(153.69450571504,-65.9428858279448,12.));
#8234=CARTESIAN_POINT('Ctrl Pts',(153.699415575614,-65.9277813567789,12.));
#8235=CARTESIAN_POINT('Ctrl Pts',(153.704596680756,-65.9127467842322,12.));
#8236=CARTESIAN_POINT('Ctrl Pts',(153.710044416782,-65.8977870256654,12.));
#8237=CARTESIAN_POINT('Ctrl Pts',(153.713519496347,-65.8882442814796,12.));
#8238=CARTESIAN_POINT('Ctrl Pts',(153.717103150078,-65.8787320877316,12.));
#8239=CARTESIAN_POINT('Ctrl Pts',(153.720788736099,-65.8692650188382,12.));
#8240=CARTESIAN_POINT('Ctrl Pts',(153.741346451976,-65.8164589490795,12.));
#8241=CARTESIAN_POINT('Ctrl Pts',(153.765108355164,-65.7649521993925,12.));
#8242=CARTESIAN_POINT('Ctrl Pts',(153.791786717146,-65.7149499677644,12.));
#8243=CARTESIAN_POINT('Ctrl Pts',(153.81910551589,-65.6637473900516,12.));
#8244=CARTESIAN_POINT('Ctrl Pts',(153.849482827914,-65.6141215388943,12.));
#8245=CARTESIAN_POINT('Ctrl Pts',(153.882665282991,-65.5662984534363,12.));
#8246=CARTESIAN_POINT('Ctrl Pts',(153.903677642258,-65.5360151048832,12.));
#8247=CARTESIAN_POINT('Ctrl Pts',(153.925815932335,-65.5064548011103,12.));
#8248=CARTESIAN_POINT('Ctrl Pts',(153.949025859656,-65.4776786407945,12.));
#8249=CARTESIAN_POINT('Ctrl Pts',(153.967000700859,-65.4553930513164,12.));
#8250=CARTESIAN_POINT('Ctrl Pts',(153.985618436021,-65.4335778135715,12.));
#8251=CARTESIAN_POINT('Ctrl Pts',(154.004856639839,-65.4122631441494,12.));
#8252=CARTESIAN_POINT('Ctrl Pts',(154.01240911663,-65.4038954946726,12.));
#8253=CARTESIAN_POINT('Ctrl Pts',(154.020051275949,-65.3956116495535,12.));
#8254=CARTESIAN_POINT('Ctrl Pts',(154.027779645413,-65.3874149325213,12.));
#8255=CARTESIAN_POINT('Ctrl Pts',(154.065410598224,-65.3475035031746,12.));
#8256=CARTESIAN_POINT('Ctrl Pts',(154.10509531761,-65.309642854231,12.));
#8257=CARTESIAN_POINT('Ctrl Pts',(154.146639013898,-65.2740186949957,12.));
#8258=CARTESIAN_POINT('Ctrl Pts',(154.17810622165,-65.2470352313229,12.));
#8259=CARTESIAN_POINT('Ctrl Pts',(154.210640747882,-65.2213350540757,12.));
#8260=CARTESIAN_POINT('Ctrl Pts',(154.244169330624,-65.1970061646009,12.));
#8261=CARTESIAN_POINT('Ctrl Pts',(154.255615157608,-65.1887008848405,12.));
#8262=CARTESIAN_POINT('Ctrl Pts',(154.267178261929,-65.1805545518939,12.));
#8263=CARTESIAN_POINT('Ctrl Pts',(154.278851703869,-65.1725737881962,12.));
#8264=CARTESIAN_POINT('Ctrl Pts',(154.329150569996,-65.1381860414754,12.));
#8265=CARTESIAN_POINT('Ctrl Pts',(154.381363507484,-65.1069585301997,12.));
#8266=CARTESIAN_POINT('Ctrl Pts',(154.435243833046,-65.0791491398046,12.));
#8267=CARTESIAN_POINT('Ctrl Pts',(154.477308567996,-65.0574381604468,12.));
#8268=CARTESIAN_POINT('Ctrl Pts',(154.520390594044,-65.0378108619646,12.));
#8269=CARTESIAN_POINT('Ctrl Pts',(154.564387702698,-65.0204060902457,12.));
#8270=CARTESIAN_POINT('Ctrl Pts',(154.57637554662,-65.0156638311917,12.));
#8271=CARTESIAN_POINT('Ctrl Pts',(154.588431390544,-65.011086668128,12.));
#8272=CARTESIAN_POINT('Ctrl Pts',(154.600552146238,-65.0066736852998,12.));
#8273=CARTESIAN_POINT('Ctrl Pts',(156.265488200194,-66.4989936148751,11.1934196736194));
#8274=CARTESIAN_POINT('Ctrl Pts',(156.266067086735,-66.432332632813,11.1976237798504));
#8275=CARTESIAN_POINT('Ctrl Pts',(156.26125458828,-66.3657554260983,11.2018278860814));
#8276=CARTESIAN_POINT('Ctrl Pts',(156.250758650895,-66.3000866555708,11.2060319923124));
#8277=CARTESIAN_POINT('Ctrl Pts',(156.184684848783,-65.8866900060557,11.2324975925687));
#8278=CARTESIAN_POINT('Ctrl Pts',(155.893380478703,-65.5092940246016,11.2589631928249));
#8279=CARTESIAN_POINT('Ctrl Pts',(155.51020037361,-65.3406622577865,11.2854287930812));
#8280=CARTESIAN_POINT('Ctrl Pts',(155.127020268517,-65.1720304909714,11.3118943933374));
#8281=CARTESIAN_POINT('Ctrl Pts',(154.651964428411,-65.2121629387953,11.3383599935937));
#8282=CARTESIAN_POINT('Ctrl Pts',(154.302510095025,-65.4426958572811,11.3648255938499));
#8283=CARTESIAN_POINT('Ctrl Pts',(153.95305576164,-65.6732287757669,11.3912911941062));
#8284=CARTESIAN_POINT('Ctrl Pts',(153.729202934974,-66.0941621649146,11.4177567943624));
#8285=CARTESIAN_POINT('Ctrl Pts',(153.733424559991,-66.5127799115519,11.4442223946187));
#8286=CARTESIAN_POINT('Ctrl Pts',(153.737646185007,-66.9313976581892,11.4706879948749));
#8287=CARTESIAN_POINT('Ctrl Pts',(153.969942261705,-67.347699762316,11.4971535951312));
#8288=CARTESIAN_POINT('Ctrl Pts',(154.323979328639,-67.5711445456276,11.5236191953875));
#8289=CARTESIAN_POINT('Ctrl Pts',(154.678016395573,-67.7945893289392,11.5500847956437));
#8290=CARTESIAN_POINT('Ctrl Pts',(155.153794452743,-67.8251767914356,11.5765503959));
#8291=CARTESIAN_POINT('Ctrl Pts',(155.53348886672,-67.6488277946026,11.6030159961562));
#8292=CARTESIAN_POINT('Ctrl Pts',(155.913183280697,-67.4724787977697,11.6294815964125));
#8293=CARTESIAN_POINT('Ctrl Pts',(156.196794051481,-67.0891933416073,11.6559471966687));
#8294=CARTESIAN_POINT('Ctrl Pts',(156.254526825763,-66.6745946966332,11.682412796925));
#8295=CARTESIAN_POINT('Ctrl Pts',(156.26253039167,-66.6171183736739,11.6860817558231));
#8296=CARTESIAN_POINT('Ctrl Pts',(156.266192894233,-66.559040254443,11.6897507147213));
#8297=CARTESIAN_POINT('Ctrl Pts',(156.265719202711,-66.5009033205132,11.6934196736194));
#8298=CARTESIAN_POINT('Ctrl Pts',(155.398510377337,-65.0093490853906,12.));
#8299=CARTESIAN_POINT('Ctrl Pts',(155.894265408542,-65.1418854405962,11.9735343997437));
#8300=CARTESIAN_POINT('Ctrl Pts',(156.734417560745,-65.9391642895744,11.9206031992312));
#8301=CARTESIAN_POINT('Ctrl Pts',(156.412171392651,-67.6558813191562,11.8412063984625));
#8302=CARTESIAN_POINT('Ctrl Pts',(154.794292961474,-68.31202571956,11.7618095976937));
#8303=CARTESIAN_POINT('Ctrl Pts',(153.366014338119,-67.3102671510356,11.682412796925));
#8304=CARTESIAN_POINT('Ctrl Pts',(153.433166471352,-65.56610317269,11.6030159961562));
#8305=CARTESIAN_POINT('Ctrl Pts',(154.935163074963,-64.6772529620858,11.5236191953875));
#8306=CARTESIAN_POINT('Ctrl Pts',(156.496380441918,-65.4571423509008,11.4442223946187));
#8307=CARTESIAN_POINT('Ctrl Pts',(156.687609497484,-67.1919069674295,11.3648255938499));
#8308=CARTESIAN_POINT('Ctrl Pts',(155.333666478036,-68.2931472479562,11.2854287930812));
#8309=CARTESIAN_POINT('Ctrl Pts',(153.67423819347,-67.7526350664258,11.2060319923124));
#8310=CARTESIAN_POINT('Ctrl Pts',(153.228636747964,-66.0652307413949,11.1266351915436));
#8311=CARTESIAN_POINT('Ctrl Pts',(154.404855581113,-64.7758930656507,11.0472383907749));
#8312=CARTESIAN_POINT('Ctrl Pts',(156.125970250499,-65.0651056260023,10.9678415900061));
#8313=CARTESIAN_POINT('Ctrl Pts',(156.816169795648,-66.6680742194837,10.8884447892374));
#8314=CARTESIAN_POINT('Ctrl Pts',(155.843522004563,-68.1171561693918,10.8090479884686));
#8315=CARTESIAN_POINT('Ctrl Pts',(154.098561657407,-68.0856055017532,10.7296511876999));
#8316=CARTESIAN_POINT('Ctrl Pts',(153.178934501691,-66.602309043477,10.6502543869311));
#8317=CARTESIAN_POINT('Ctrl Pts',(153.926630386252,-65.0253394284106,10.5708575861624));
#8318=CARTESIAN_POINT('Ctrl Pts',(155.657075894197,-64.7985341278947,10.4914607853936));
#8319=CARTESIAN_POINT('Ctrl Pts',(156.785914489437,-66.1295509460355,10.4120639846248));
#8320=CARTESIAN_POINT('Ctrl Pts',(156.27960720304,-67.7997411309224,10.3326671838561));
#8321=CARTESIAN_POINT('Ctrl Pts',(154.601717482836,-68.2799165262606,10.2532703830873));
#8322=CARTESIAN_POINT('Ctrl Pts',(153.288483007523,-67.1304394535647,10.1738735823185));
#8323=CARTESIAN_POINT('Ctrl Pts',(153.542271408739,-65.403744989392,10.0944767815498));
#8324=CARTESIAN_POINT('Ctrl Pts',(155.130719795281,-64.6807553291312,10.015079980781));
#8325=CARTESIAN_POINT('Ctrl Pts',(156.59948093718,-65.6234233693304,9.93568318001228));
#8326=CARTESIAN_POINT('Ctrl Pts',(156.603790524102,-67.3686636831926,9.85628637924352));
#8327=CARTESIAN_POINT('Ctrl Pts',(155.139702796322,-68.3185739163678,9.77688957847476));
#8328=CARTESIAN_POINT('Ctrl Pts',(153.547703192236,-67.603437854939,9.697492777706));
#8329=CARTESIAN_POINT('Ctrl Pts',(153.28539035625,-65.8780178185971,9.61809597693724));
#8330=CARTESIAN_POINT('Ctrl Pts',(154.592931957466,-64.7220691662637,9.53869917616849));
#8331=CARTESIAN_POINT('Ctrl Pts',(156.273172631954,-65.1939522042502,9.45930237539972));
#8332=CARTESIAN_POINT('Ctrl Pts',(156.787722217372,-66.8616215509394,9.37990557463097));
#8333=CARTESIAN_POINT('Ctrl Pts',(155.665470811274,-68.1981970659236,9.3005087738622));
#8334=CARTESIAN_POINT('Ctrl Pts',(153.9339262874,-67.9799405938879,9.22111197309345));
#8335=CARTESIAN_POINT('Ctrl Pts',(153.178451446228,-66.40668279871,9.14171517232469));
#8336=CARTESIAN_POINT('Ctrl Pts',(154.090741877089,-64.9188627506111,9.06231837155593));
#8337=CARTESIAN_POINT('Ctrl Pts',(155.835525201833,-64.8786946609985,8.98292157078718));
#8338=CARTESIAN_POINT('Ctrl Pts',(156.815317474894,-66.3229555194719,8.90352477001841));
#8339=CARTESIAN_POINT('Ctrl Pts',(156.133043165995,-67.9293129184906,8.82412796924966));
#8340=CARTESIAN_POINT('Ctrl Pts',(154.41337712134,-68.2270225428123,8.7447311684809));
#8341=CARTESIAN_POINT('Ctrl Pts',(153.230806475767,-66.9435082291313,8.66533436771214));
#8342=CARTESIAN_POINT('Ctrl Pts',(153.668066027605,-65.2539265021557,8.58593756694338));
#8343=CARTESIAN_POINT('Ctrl Pts',(155.324810871499,-64.7052199816144,8.50654076617462));
#8344=CARTESIAN_POINT('Ctrl Pts',(156.684163094511,-65.7997718788498,8.42714396540586));
#8345=CARTESIAN_POINT('Ctrl Pts',(156.501530703031,-67.5354353698121,8.3477471646371));
#8346=CARTESIAN_POINT('Ctrl Pts',(154.944127767344,-68.3230764024046,8.26835036386835));
#8347=CARTESIAN_POINT('Ctrl Pts',(153.437876999022,-67.4415487933309,8.18895356309959));
#8348=CARTESIAN_POINT('Ctrl Pts',(153.361867378236,-65.6979590978427,8.10955676233082));
#8349=CARTESIAN_POINT('Ctrl Pts',(154.78569154327,-64.6886985740733,8.03015996156207));
#8350=CARTESIAN_POINT('Ctrl Pts',(156.405728546967,-65.3378228531629,7.95076316079331));
#8351=CARTESIAN_POINT('Ctrl Pts',(156.738709154477,-67.0510092524882,7.87136636002455));
#8352=CARTESIAN_POINT('Ctrl Pts',(155.479764277107,-68.2597016889598,7.7919695592558));
#8353=CARTESIAN_POINT('Ctrl Pts',(153.78155441931,-67.8572521089733,7.71257275848703));
#8354=CARTESIAN_POINT('Ctrl Pts',(153.198923596006,-66.2121273939119,7.63317595771828));
#8355=CARTESIAN_POINT('Ctrl Pts',(154.265311845683,-64.8305805250172,7.55377915694952));
#8356=CARTESIAN_POINT('Ctrl Pts',(156.00436562583,-64.9774948031571,7.47438235618076));
#8357=CARTESIAN_POINT('Ctrl Pts',(156.823831615248,-66.5184206023573,7.394985555412));
#8358=CARTESIAN_POINT('Ctrl Pts',(155.973457121541,-68.0423925004317,7.31558875464324));
#8359=CARTESIAN_POINT('Ctrl Pts',(154.231759492499,-68.1543651003846,7.23619195387448));
#8360=CARTESIAN_POINT('Ctrl Pts',(153.193535482749,-66.7512584408839,7.15679515310573));
#8361=CARTESIAN_POINT('Ctrl Pts',(153.809070648339,-65.1188931277671,7.07739835233697));
#8362=CARTESIAN_POINT('Ctrl Pts',(155.515386517544,-64.7493768943622,6.99800155156821));
#8363=CARTESIAN_POINT('Ctrl Pts',(156.748891870854,-65.9860759264073,6.91860475079945));
#8364=CARTESIAN_POINT('Ctrl Pts',(156.504024434036,-67.1181311990267,6.86567355028694));
#8365=CARTESIAN_POINT('Ctrl Pts',(156.169133129905,-67.5069586039682,6.83920795003069));
#8366=CARTESIAN_POINT('Ctrl Pts',(155.374534117895,-65.0990327893783,12.0535973499898));
#8367=CARTESIAN_POINT('Ctrl Pts',(155.840462453012,-65.2235952031441,12.0271317497335));
#8368=CARTESIAN_POINT('Ctrl Pts',(156.630067537946,-65.9729064220854,11.974200549221));
#8369=CARTESIAN_POINT('Ctrl Pts',(156.327209047064,-67.5863385752926,11.8948037484523));
#8370=CARTESIAN_POINT('Ctrl Pts',(154.806668948807,-68.2030065843565,11.8154069476835));
#8371=CARTESIAN_POINT('Ctrl Pts',(153.464321540963,-67.2615180009982,11.7360101469147));
#8372=CARTESIAN_POINT('Ctrl Pts',(153.527433521008,-65.6222902222571,11.656613346146));
#8373=CARTESIAN_POINT('Ctrl Pts',(154.939063727103,-64.7869169577867,11.5772165453772));
#8374=CARTESIAN_POINT('Ctrl Pts',(156.406351727737,-65.5198849392167,11.4978197446085));
#8375=CARTESIAN_POINT('Ctrl Pts',(156.586075643538,-67.150278861059,11.4184229438397));
#8376=CARTESIAN_POINT('Ctrl Pts',(155.313591498775,-68.1852639205603,11.3390261430709));
#8377=CARTESIAN_POINT('Ctrl Pts',(153.754001360083,-67.6772712124704,11.2596293423022));
#8378=CARTESIAN_POINT('Ctrl Pts',(153.335209161189,-66.091388188913,11.1802325415334));
#8379=CARTESIAN_POINT('Ctrl Pts',(154.440661750003,-64.8796224601758,11.1008357407647));
#8380=CARTESIAN_POINT('Ctrl Pts',(156.058226962611,-65.1514347833146,11.0214389399959));
#8381=CARTESIAN_POINT('Ctrl Pts',(156.706901216482,-66.6579620820704,10.9420421392271));
#8382=CARTESIAN_POINT('Ctrl Pts',(155.792771984442,-68.0198612013349,10.8626453384584));
#8383=CARTESIAN_POINT('Ctrl Pts',(154.152795749769,-67.9902087538167,10.7832485376896));
#8384=CARTESIAN_POINT('Ctrl Pts',(153.288497209924,-66.5961536141039,10.7038517369209));
#8385=CARTESIAN_POINT('Ctrl Pts',(153.991208582959,-65.1140610864853,10.6244549361521));
#8386=CARTESIAN_POINT('Ctrl Pts',(155.617543251854,-64.9009013414228,10.5450581353833));
#8387=CARTESIAN_POINT('Ctrl Pts',(156.678466196031,-66.1518386210342,10.4656613346146));
#8388=CARTESIAN_POINT('Ctrl Pts',(156.202620473527,-67.7215431791139,10.3862645338458));
#8389=CARTESIAN_POINT('Ctrl Pts',(154.625679616377,-68.1728292144171,10.3068677330771));
#8390=CARTESIAN_POINT('Ctrl Pts',(153.391454819477,-67.0925094899057,10.2274709323083));
#8391=CARTESIAN_POINT('Ctrl Pts',(153.629974249049,-65.4697001863016,10.1480741315396));
#8392=CARTESIAN_POINT('Ctrl Pts',(155.122854937244,-64.7902086077826,10.0686773307708));
#8393=CARTESIAN_POINT('Ctrl Pts',(156.503249266004,-65.6761617961356,9.98928053000205));
#8394=CARTESIAN_POINT('Ctrl Pts',(156.507299570153,-67.3164011535471,9.90988372923329));
#8395=CARTESIAN_POINT('Ctrl Pts',(155.131297483372,-68.2091608142576,9.83048692846454));
#8396=CARTESIAN_POINT('Ctrl Pts',(153.635079233734,-67.5370503292185,9.75109012769576));
#8397=CARTESIAN_POINT('Ctrl Pts',(153.38854823504,-65.9154387785368,9.67169332692701));
#8398=CARTESIAN_POINT('Ctrl Pts',(154.617422664957,-64.8290368316851,9.59229652615825));
#8399=CARTESIAN_POINT('Ctrl Pts',(156.196573033149,-65.2725294125364,9.5128997253895));
#8400=CARTESIAN_POINT('Ctrl Pts',(156.680165163493,-66.8398647965872,9.43350292462074));
#8401=CARTESIAN_POINT('Ctrl Pts',(155.62543309561,-68.0960263385916,9.35410612385198));
#8402=CARTESIAN_POINT('Ctrl Pts',(153.998065532181,-67.890901088734,9.27470932308321));
#8403=CARTESIAN_POINT('Ctrl Pts',(153.288043217098,-66.4122970623954,9.19531252231446));
#8404=CARTESIAN_POINT('Ctrl Pts',(154.14544644014,-65.0139904909427,9.1159157215457));
#8405=CARTESIAN_POINT('Ctrl Pts',(155.78525630281,-64.9762390815973,9.03651892077695));
#8406=CARTESIAN_POINT('Ctrl Pts',(156.70610017491,-66.3336071664512,8.95712212000818));
#8407=CARTESIAN_POINT('Ctrl Pts',(156.06487434193,-67.8433193860302,8.87772531923942));
#8408=CARTESIAN_POINT('Ctrl Pts',(154.44867059873,-68.1231175542331,8.79832851847067));
#8409=CARTESIAN_POINT('Ctrl Pts',(153.337248349093,-66.9168248297421,8.71893171770191));
#8410=CARTESIAN_POINT('Ctrl Pts',(153.74820053753,-65.3288954058476,8.63953491693315));
#8411=CARTESIAN_POINT('Ctrl Pts',(155.305268682563,-64.8132013644531,8.56013811616439));
#8412=CARTESIAN_POINT('Ctrl Pts',(156.582836590582,-65.841900441775,8.48074131539564));
#8413=CARTESIAN_POINT('Ctrl Pts',(156.411192127601,-67.4731391580055,8.40134451462687));
#8414=CARTESIAN_POINT('Ctrl Pts',(154.947489066097,-68.2133924119036,8.32194771385812));
#8415=CARTESIAN_POINT('Ctrl Pts',(153.531860643633,-67.3849011906299,8.24255091308936));
#8416=CARTESIAN_POINT('Ctrl Pts',(153.46042407953,-65.7462131434878,8.16315411232059));
#8417=CARTESIAN_POINT('Ctrl Pts',(154.798585027896,-64.7976739538877,8.08375731155184));
#8418=CARTESIAN_POINT('Ctrl Pts',(156.321153829923,-65.407744201496,8.00436051078308));
#8419=CARTESIAN_POINT('Ctrl Pts',(156.63410093145,-67.0178581419292,7.92496371001432));
#8420=CARTESIAN_POINT('Ctrl Pts',(155.450899443224,-68.1538305862735,7.84556690924557));
#8421=CARTESIAN_POINT('Ctrl Pts',(153.854860992944,-67.7755940561954,7.7661701084768));
#8422=CARTESIAN_POINT('Ctrl Pts',(153.307283676724,-66.2294469244446,7.68677330770805));
#8423=CARTESIAN_POINT('Ctrl Pts',(154.309513549314,-64.9310196932658,7.60737650693929));
#8424=CARTESIAN_POINT('Ctrl Pts',(155.943938580753,-65.0690949939891,7.52797970617053));
#8425=CARTESIAN_POINT('Ctrl Pts',(156.714102068971,-66.5173122524509,7.44858290540177));
#8426=CARTESIAN_POINT('Ctrl Pts',(155.914889661351,-67.9495956273857,7.36918610463301));
#8427=CARTESIAN_POINT('Ctrl Pts',(154.277979846025,-68.0548314874191,7.28978930386425));
#8428=CARTESIAN_POINT('Ctrl Pts',(153.302219734895,-66.7361415928074,7.21039250309549));
#8429=CARTESIAN_POINT('Ctrl Pts',(153.880721730553,-65.2019862040162,7.13099570232674));
#8430=CARTESIAN_POINT('Ctrl Pts',(155.484378500692,-64.8547016126513,7.05159890155798));
#8431=CARTESIAN_POINT('Ctrl Pts',(156.643671013023,-66.0169956586467,6.97220210078922));
#8432=CARTESIAN_POINT('Ctrl Pts',(156.41353582532,-67.0809417514379,6.91927090027671));
#8433=CARTESIAN_POINT('Ctrl Pts',(156.098792982671,-67.446375673494,6.89280530002046));
#8434=CARTESIAN_POINT('Ctrl Pts',(155.350557858453,-65.1887164933659,12.1071946999795));
#8435=CARTESIAN_POINT('Ctrl Pts',(155.786659497482,-65.305304965692,12.0807290997233));
#8436=CARTESIAN_POINT('Ctrl Pts',(156.525717515147,-66.0066485545965,12.0277978992108));
#8437=CARTESIAN_POINT('Ctrl Pts',(156.242246701477,-67.5167958314289,11.948401098442));
#8438=CARTESIAN_POINT('Ctrl Pts',(154.819044936139,-68.093987449153,11.8690042976733));
#8439=CARTESIAN_POINT('Ctrl Pts',(153.562628743807,-67.2127688509607,11.7896074969045));
#8440=CARTESIAN_POINT('Ctrl Pts',(153.621700570665,-65.6784772718242,11.7102106961358));
#8441=CARTESIAN_POINT('Ctrl Pts',(154.942964379242,-64.8965809534875,11.630813895367));
#8442=CARTESIAN_POINT('Ctrl Pts',(156.316323013556,-65.5826275275326,11.5514170945982));
#8443=CARTESIAN_POINT('Ctrl Pts',(156.484541789591,-67.1086507546885,11.4720202938295));
#8444=CARTESIAN_POINT('Ctrl Pts',(155.293516519513,-68.0773805931644,11.3926234930607));
#8445=CARTESIAN_POINT('Ctrl Pts',(153.833764526695,-67.601907358515,11.313226692292));
#8446=CARTESIAN_POINT('Ctrl Pts',(153.441781574416,-66.1175456364313,11.2338298915232));
#8447=CARTESIAN_POINT('Ctrl Pts',(154.476467918893,-64.9833518547008,11.1544330907544));
#8448=CARTESIAN_POINT('Ctrl Pts',(155.990483674723,-65.2377639406269,11.0750362899857));
#8449=CARTESIAN_POINT('Ctrl Pts',(156.597632637317,-66.6478499446571,10.9956394892169));
#8450=CARTESIAN_POINT('Ctrl Pts',(155.742021964322,-67.9225662332779,10.9162426884482));
#8451=CARTESIAN_POINT('Ctrl Pts',(154.207029842131,-67.8948120058802,10.8368458876794));
#8452=CARTESIAN_POINT('Ctrl Pts',(153.398059918157,-66.5899981847308,10.7574490869107));
#8453=CARTESIAN_POINT('Ctrl Pts',(154.055786779667,-65.20278274456,10.6780522861419));
#8454=CARTESIAN_POINT('Ctrl Pts',(155.578010609512,-65.0032685549509,10.5986554853731));
#8455=CARTESIAN_POINT('Ctrl Pts',(156.571017902625,-66.174126296033,10.5192586846044));
#8456=CARTESIAN_POINT('Ctrl Pts',(156.125633744014,-67.6433452273053,10.4398618838356));
#8457=CARTESIAN_POINT('Ctrl Pts',(154.649641749918,-68.0657419025737,10.3604650830668));
#8458=CARTESIAN_POINT('Ctrl Pts',(153.494426631432,-67.0545795262467,10.2810682822981));
#8459=CARTESIAN_POINT('Ctrl Pts',(153.71767708936,-65.5356553832112,10.2016714815293));
#8460=CARTESIAN_POINT('Ctrl Pts',(155.114990079206,-64.8996618864339,10.1222746807606));
#8461=CARTESIAN_POINT('Ctrl Pts',(156.407017594828,-65.728900222941,10.0428778799918));
#8462=CARTESIAN_POINT('Ctrl Pts',(156.410808616204,-67.2641386239016,9.96348107922305));
#8463=CARTESIAN_POINT('Ctrl Pts',(155.122892170422,-68.0997477121473,9.88408427845431));
#8464=CARTESIAN_POINT('Ctrl Pts',(153.722455275231,-67.4706628034979,9.80468747768554));
#8465=CARTESIAN_POINT('Ctrl Pts',(153.491706113829,-65.9528597384765,9.72529067691679));
#8466=CARTESIAN_POINT('Ctrl Pts',(154.641913372449,-64.9360044971065,9.64589387614802));
#8467=CARTESIAN_POINT('Ctrl Pts',(156.119973434345,-65.3511066208225,9.56649707537926));
#8468=CARTESIAN_POINT('Ctrl Pts',(156.572608109613,-66.8181080422349,9.48710027461051));
#8469=CARTESIAN_POINT('Ctrl Pts',(155.585395379946,-67.9938556112598,9.40770347384174));
#8470=CARTESIAN_POINT('Ctrl Pts',(154.062204776962,-67.80186158358,9.32830667307299));
#8471=CARTESIAN_POINT('Ctrl Pts',(153.397634987968,-66.4179113260807,9.24890987230423));
#8472=CARTESIAN_POINT('Ctrl Pts',(154.200151003191,-65.1091182312743,9.16951307153548));
#8473=CARTESIAN_POINT('Ctrl Pts',(155.734987403786,-65.0737835021961,9.09011627076671));
#8474=CARTESIAN_POINT('Ctrl Pts',(156.596882874926,-66.3442588134305,9.01071946999796));
#8475=CARTESIAN_POINT('Ctrl Pts',(155.996705517864,-67.7573258535697,8.9313226692292));
#8476=CARTESIAN_POINT('Ctrl Pts',(154.48396407612,-68.0192125656539,8.85192586846044));
#8477=CARTESIAN_POINT('Ctrl Pts',(153.44369022242,-66.8901414303528,8.77252906769167));
#8478=CARTESIAN_POINT('Ctrl Pts',(153.828335047455,-65.4038643095394,8.69313226692293));
#8479=CARTESIAN_POINT('Ctrl Pts',(155.285726493628,-64.9211827472919,8.61373546615416));
#8480=CARTESIAN_POINT('Ctrl Pts',(156.481510086652,-65.8840290047001,8.53433866538541));
#8481=CARTESIAN_POINT('Ctrl Pts',(156.320853552172,-67.4108429461989,8.45494186461664));
#8482=CARTESIAN_POINT('Ctrl Pts',(154.95085036485,-68.1037084214025,8.37554506384789));
#8483=CARTESIAN_POINT('Ctrl Pts',(153.625844288243,-67.328253587929,8.29614826307913));
#8484=CARTESIAN_POINT('Ctrl Pts',(153.558980780825,-65.7944671891329,8.21675146231036));
#8485=CARTESIAN_POINT('Ctrl Pts',(154.811478512521,-64.906649333702,8.13735466154161));
#8486=CARTESIAN_POINT('Ctrl Pts',(156.236579112878,-65.4776655498292,8.05795786077285));
#8487=CARTESIAN_POINT('Ctrl Pts',(156.529492708423,-66.9847070313701,7.97856106000409));
#8488=CARTESIAN_POINT('Ctrl Pts',(155.422034609341,-68.0479594835871,7.89916425923534));
#8489=CARTESIAN_POINT('Ctrl Pts',(153.928167566578,-67.6939360034176,7.81976745846657));
#8490=CARTESIAN_POINT('Ctrl Pts',(153.415643757442,-66.2467664549772,7.74037065769782));
#8491=CARTESIAN_POINT('Ctrl Pts',(154.353715252946,-65.0314588615144,7.66097385692906));
#8492=CARTESIAN_POINT('Ctrl Pts',(155.883511535676,-65.1606951848209,7.5815770561603));
#8493=CARTESIAN_POINT('Ctrl Pts',(156.604372522694,-66.5162039025446,7.50218025539154));
#8494=CARTESIAN_POINT('Ctrl Pts',(155.856322201162,-67.8567987543397,7.42278345462278));
#8495=CARTESIAN_POINT('Ctrl Pts',(154.32420019955,-67.9552978744537,7.34338665385402));
#8496=CARTESIAN_POINT('Ctrl Pts',(153.410903987042,-66.7210247447309,7.26398985308527));
#8497=CARTESIAN_POINT('Ctrl Pts',(153.952372812767,-65.2850792802653,7.18459305231651));
#8498=CARTESIAN_POINT('Ctrl Pts',(155.453370483841,-64.9600263309404,7.10519625154775));
#8499=CARTESIAN_POINT('Ctrl Pts',(156.538450155191,-66.0479153908859,7.02579945077899));
#8500=CARTESIAN_POINT('Ctrl Pts',(156.323047216603,-67.043752303849,6.97286825026648));
#8501=CARTESIAN_POINT('Ctrl Pts',(156.028452835437,-67.3857927430198,6.94640265001023));
#8502=CARTESIAN_POINT('Ctrl Pts',(155.326581599011,-65.2784001973536,12.1607920499693));
#8503=CARTESIAN_POINT('Ctrl Pts',(155.732856541952,-65.3870147282398,12.1343264497131));
#8504=CARTESIAN_POINT('Ctrl Pts',(156.421367492348,-66.0403906871075,12.0813952492006));
#8505=CARTESIAN_POINT('Ctrl Pts',(156.15728435589,-67.4472530875653,12.0019984484318));
#8506=CARTESIAN_POINT('Ctrl Pts',(154.831420923471,-67.9849683139493,11.922601647663));
#8507=CARTESIAN_POINT('Ctrl Pts',(153.660935946651,-67.1640197009233,11.8432048468943));
#8508=CARTESIAN_POINT('Ctrl Pts',(153.715967620321,-65.7346643213912,11.7638080461255));
#8509=CARTESIAN_POINT('Ctrl Pts',(154.946865031382,-65.0062449491884,11.6844112453568));
#8510=CARTESIAN_POINT('Ctrl Pts',(156.226294299375,-65.6453701158485,11.605014444588));
#8511=CARTESIAN_POINT('Ctrl Pts',(156.383007935645,-67.0670226483181,11.5256176438192));
#8512=CARTESIAN_POINT('Ctrl Pts',(155.273441540252,-67.9694972657685,11.4462208430505));
#8513=CARTESIAN_POINT('Ctrl Pts',(153.913527693308,-67.5265435045596,11.3668240422817));
#8514=CARTESIAN_POINT('Ctrl Pts',(153.548353987642,-66.1437030839494,11.287427241513));
#8515=CARTESIAN_POINT('Ctrl Pts',(154.512274087783,-65.0870812492259,11.2080304407442));
#8516=CARTESIAN_POINT('Ctrl Pts',(155.922740386835,-65.3240930979391,11.1286336399755));
#8517=CARTESIAN_POINT('Ctrl Pts',(156.488364058152,-66.6377378072439,11.0492368392067));
#8518=CARTESIAN_POINT('Ctrl Pts',(155.691271944201,-67.8252712652211,10.9698400384379));
#8519=CARTESIAN_POINT('Ctrl Pts',(154.261263934493,-67.7994152579436,10.8904432376692));
#8520=CARTESIAN_POINT('Ctrl Pts',(153.50762262639,-66.5838427553577,10.8110464369004));
#8521=CARTESIAN_POINT('Ctrl Pts',(154.120364976375,-65.2915044026347,10.7316496361317));
#8522=CARTESIAN_POINT('Ctrl Pts',(155.53847796717,-65.1056357684789,10.6522528353629));
#8523=CARTESIAN_POINT('Ctrl Pts',(156.463569609218,-66.1964139710318,10.5728560345941));
#8524=CARTESIAN_POINT('Ctrl Pts',(156.048647014501,-67.5651472754968,10.4934592338254));
#8525=CARTESIAN_POINT('Ctrl Pts',(154.673603883459,-67.9586545907302,10.4140624330566));
#8526=CARTESIAN_POINT('Ctrl Pts',(153.597398443386,-67.0166495625877,10.3346656322879));
#8527=CARTESIAN_POINT('Ctrl Pts',(153.805379929671,-65.6016105801207,10.2552688315191));
#8528=CARTESIAN_POINT('Ctrl Pts',(155.107125221169,-65.0091151650852,10.1758720307504));
#8529=CARTESIAN_POINT('Ctrl Pts',(156.310785923652,-65.7816386497462,10.0964752299816));
#8530=CARTESIAN_POINT('Ctrl Pts',(156.314317662254,-67.2118760942561,10.0170784292128));
#8531=CARTESIAN_POINT('Ctrl Pts',(155.114486857473,-67.9903346100371,9.93768162844407));
#8532=CARTESIAN_POINT('Ctrl Pts',(153.809831316729,-67.4042752777774,9.85828482767532));
#8533=CARTESIAN_POINT('Ctrl Pts',(153.594863992618,-65.9902806984162,9.77888802690655));
#8534=CARTESIAN_POINT('Ctrl Pts',(154.66640407994,-65.0429721625279,9.6994912261378));
#8535=CARTESIAN_POINT('Ctrl Pts',(156.04337383554,-65.4296838291086,9.62009442536903));
#8536=CARTESIAN_POINT('Ctrl Pts',(156.465051055734,-66.7963512878827,9.54069762460028));
#8537=CARTESIAN_POINT('Ctrl Pts',(155.545357664282,-67.8916848839278,9.46130082383152));
#8538=CARTESIAN_POINT('Ctrl Pts',(154.126344021743,-67.712822078426,9.38190402306275));
#8539=CARTESIAN_POINT('Ctrl Pts',(153.507226758838,-66.4235255897661,9.30250722229401));
#8540=CARTESIAN_POINT('Ctrl Pts',(154.254855566241,-65.2042459716059,9.22311042152524));
#8541=CARTESIAN_POINT('Ctrl Pts',(155.684718504763,-65.171327922795,9.14371362075648));
#8542=CARTESIAN_POINT('Ctrl Pts',(156.487665574942,-66.3549104604099,9.06431681998773));
#8543=CARTESIAN_POINT('Ctrl Pts',(155.928536693799,-67.6713323211092,8.98492001921896));
#8544=CARTESIAN_POINT('Ctrl Pts',(154.51925755351,-67.9153075770748,8.90552321845021));
#8545=CARTESIAN_POINT('Ctrl Pts',(153.550132095747,-66.8634580309635,8.82612641768145));
#8546=CARTESIAN_POINT('Ctrl Pts',(153.90846955738,-65.4788332132314,8.74672961691269));
#8547=CARTESIAN_POINT('Ctrl Pts',(155.266184304693,-65.0291641301307,8.66733281614393));
#8548=CARTESIAN_POINT('Ctrl Pts',(156.380183582723,-65.9261575676253,8.58793601537518));
#8549=CARTESIAN_POINT('Ctrl Pts',(156.230514976742,-67.3485467343923,8.50853921460641));
#8550=CARTESIAN_POINT('Ctrl Pts',(154.954211663602,-67.9940244309014,8.42914241383766));
#8551=CARTESIAN_POINT('Ctrl Pts',(153.719827932854,-67.2716059852281,8.3497456130689));
#8552=CARTESIAN_POINT('Ctrl Pts',(153.657537482119,-65.8427212347779,8.27034881230013));
#8553=CARTESIAN_POINT('Ctrl Pts',(154.824371997146,-65.0156247135164,8.19095201153138));
#8554=CARTESIAN_POINT('Ctrl Pts',(156.152004395833,-65.5475868981624,8.11155521076262));
#8555=CARTESIAN_POINT('Ctrl Pts',(156.424884485397,-66.9515559208111,8.03215840999386));
#8556=CARTESIAN_POINT('Ctrl Pts',(155.393169775459,-67.9420883809007,7.95276160922511));
#8557=CARTESIAN_POINT('Ctrl Pts',(154.001474140213,-67.6122779506397,7.87336480845634));
#8558=CARTESIAN_POINT('Ctrl Pts',(153.52400383816,-66.2640859855099,7.7939680076876));
#8559=CARTESIAN_POINT('Ctrl Pts',(154.397916956577,-65.1318980297631,7.71457120691882));
#8560=CARTESIAN_POINT('Ctrl Pts',(155.823084490599,-65.2522953756528,7.63517440615007));
#8561=CARTESIAN_POINT('Ctrl Pts',(156.494642976417,-66.5150955526383,7.55577760538131));
#8562=CARTESIAN_POINT('Ctrl Pts',(155.797754740972,-67.7640018812936,7.47638080461255));
#8563=CARTESIAN_POINT('Ctrl Pts',(154.370420553076,-67.8557642614883,7.3969840038438));
#8564=CARTESIAN_POINT('Ctrl Pts',(153.519588239188,-66.7059078966544,7.31758720307503));
#8565=CARTESIAN_POINT('Ctrl Pts',(154.024023894981,-65.3681723565144,7.23819040230628));
#8566=CARTESIAN_POINT('Ctrl Pts',(155.42236246699,-65.0653510492295,7.15879360153751));
#8567=CARTESIAN_POINT('Ctrl Pts',(156.43322929736,-66.0788351231252,7.07939680076876));
#8568=CARTESIAN_POINT('Ctrl Pts',(156.232558607887,-67.0065628562602,7.02646560025625));
#8569=CARTESIAN_POINT('Ctrl Pts',(155.958112688202,-67.3252098125457,7.));
#8570=CARTESIAN_POINT('Ctrl Pts',(155.958112688202,-67.3252098125456,7.));
#8571=CARTESIAN_POINT('Ctrl Pts',(155.995285574777,-67.2904952767596,7.));
#8572=CARTESIAN_POINT('Ctrl Pts',(156.030071634017,-67.2534679278371,7.));
#8573=CARTESIAN_POINT('Ctrl Pts',(156.062459066739,-67.2144413954398,7.));
#8574=CARTESIAN_POINT('Ctrl Pts',(156.086090949369,-67.1859652133057,7.));
#8575=CARTESIAN_POINT('Ctrl Pts',(156.108445361824,-67.1564235311048,7.));
#8576=CARTESIAN_POINT('Ctrl Pts',(156.129508692962,-67.1259241435823,7.));
#8577=CARTESIAN_POINT('Ctrl Pts',(156.137097068847,-67.1149362891316,7.));
#8578=CARTESIAN_POINT('Ctrl Pts',(156.144517795611,-67.1038240355415,7.));
#8579=CARTESIAN_POINT('Ctrl Pts',(156.151769959411,-67.0925921139055,7.));
#8580=CARTESIAN_POINT('Ctrl Pts',(156.158831812477,-67.081654939506,7.));
#8581=CARTESIAN_POINT('Ctrl Pts',(156.165729405981,-67.070611048958,7.));
#8582=CARTESIAN_POINT('Ctrl Pts',(156.172459569678,-67.0594700148658,7.));
#8583=CARTESIAN_POINT('Ctrl Pts',(156.200252548855,-67.0134618429333,7.));
#8584=CARTESIAN_POINT('Ctrl Pts',(156.22520897981,-66.9657755270309,7.));
#8585=CARTESIAN_POINT('Ctrl Pts',(156.247292865234,-66.9167365043757,7.));
#8586=CARTESIAN_POINT('Ctrl Pts',(156.256127818137,-66.8971177893149,7.));
#8587=CARTESIAN_POINT('Ctrl Pts',(156.26450262384,-66.877282118016,7.));
#8588=CARTESIAN_POINT('Ctrl Pts',(156.27241329843,-66.8572487187041,7.));
#8589=CARTESIAN_POINT('Ctrl Pts',(156.278243684874,-66.8424835481209,7.));
#8590=CARTESIAN_POINT('Ctrl Pts',(156.283821930575,-66.827610951354,7.));
#8591=CARTESIAN_POINT('Ctrl Pts',(156.289146072783,-66.8126383771242,7.));
#8592=CARTESIAN_POINT('Ctrl Pts',(156.292547128309,-66.8030739150318,7.));
#8593=CARTESIAN_POINT('Ctrl Pts',(156.295843424476,-66.7934714567354,7.));
#8594=CARTESIAN_POINT('Ctrl Pts',(156.299032094026,-66.7838410209009,7.));
#8595=CARTESIAN_POINT('Ctrl Pts',(156.3172039107,-66.7289584086593,7.));
#8596=CARTESIAN_POINT('Ctrl Pts',(156.331910674046,-66.6730964240251,7.));
#8597=CARTESIAN_POINT('Ctrl Pts',(156.343113784058,-66.6166368131845,7.));
#8598=CARTESIAN_POINT('Ctrl Pts',(156.353937192274,-66.562090761669,7.));
#8599=CARTESIAN_POINT('Ctrl Pts',(156.361490662291,-66.5069855920082,7.));
#8600=CARTESIAN_POINT('Ctrl Pts',(156.365694898526,-66.4516356772065,7.));
#8601=CARTESIAN_POINT('Ctrl Pts',(156.367907634945,-66.422504399742,7.));
#8602=CARTESIAN_POINT('Ctrl Pts',(156.369191847848,-66.3933049386345,7.));
#8603=CARTESIAN_POINT('Ctrl Pts',(156.369530405774,-66.3640814477516,7.));
#8604=CARTESIAN_POINT('Ctrl Pts',(156.369760176192,-66.3442482280056,7.));
#8605=CARTESIAN_POINT('Ctrl Pts',(156.369554298309,-66.3244039202035,7.));
#8606=CARTESIAN_POINT('Ctrl Pts',(156.368906314094,-66.3045622323333,7.));
#8607=CARTESIAN_POINT('Ctrl Pts',(156.368514106689,-66.2925525926852,7.));
#8608=CARTESIAN_POINT('Ctrl Pts',(156.367959649251,-66.2805420477289,7.));
#8609=CARTESIAN_POINT('Ctrl Pts',(156.367243141327,-66.2685560544635,7.));
#8610=CARTESIAN_POINT('Ctrl Pts',(156.363910678275,-66.212809455782,7.));
#8611=CARTESIAN_POINT('Ctrl Pts',(156.35707424904,-66.1574883822633,7.));
#8612=CARTESIAN_POINT('Ctrl Pts',(156.346674910883,-66.1029033313848,7.));
#8613=CARTESIAN_POINT('Ctrl Pts',(156.336447826618,-66.0492224233722,7.));
#8614=CARTESIAN_POINT('Ctrl Pts',(156.322775683605,-65.9962522162261,7.));
#8615=CARTESIAN_POINT('Ctrl Pts',(156.305909630605,-65.944187221538,7.));
#8616=CARTESIAN_POINT('Ctrl Pts',(156.289217851084,-65.8926602038011,7.));
#8617=CARTESIAN_POINT('Ctrl Pts',(156.26939730346,-65.8420190676516,7.));
#8618=CARTESIAN_POINT('Ctrl Pts',(156.246644050311,-65.7924575682408,7.));
#8619=CARTESIAN_POINT('Ctrl Pts',(156.242555305953,-65.7835513999776,7.));
#8620=CARTESIAN_POINT('Ctrl Pts',(156.238371486548,-65.7746795891913,7.));
#8621=CARTESIAN_POINT('Ctrl Pts',(156.234094377562,-65.7658449411625,7.));
#8622=CARTESIAN_POINT('Ctrl Pts',(156.209099216801,-65.7142158037144,7.));
#8623=CARTESIAN_POINT('Ctrl Pts',(156.181052626876,-65.6641235834436,7.));
#8624=CARTESIAN_POINT('Ctrl Pts',(156.150242320723,-65.615775862157,7.));
#8625=CARTESIAN_POINT('Ctrl Pts',(156.118709124307,-65.5662937770398,7.));
#8626=CARTESIAN_POINT('Ctrl Pts',(156.084280620703,-65.5186380918195,7.));
#8627=CARTESIAN_POINT('Ctrl Pts',(156.047210726941,-65.4730396324143,7.));
#8628=CARTESIAN_POINT('Ctrl Pts',(156.009904946737,-65.42715101684,7.));
#8629=CARTESIAN_POINT('Ctrl Pts',(155.969923472004,-65.3833448987312,7.));
#8630=CARTESIAN_POINT('Ctrl Pts',(155.927478061921,-65.341879341905,7.));
#8631=CARTESIAN_POINT('Ctrl Pts',(155.91890838476,-65.3335074959351,7.));
#8632=CARTESIAN_POINT('Ctrl Pts',(155.910238134209,-65.3252311609606,7.));
#8633=CARTESIAN_POINT('Ctrl Pts',(155.901468855808,-65.3170526299048,7.));
#8634=CARTESIAN_POINT('Ctrl Pts',(155.894705589063,-65.3107449744079,7.));
#8635=CARTESIAN_POINT('Ctrl Pts',(155.88788487255,-65.3044969268038,7.));
#8636=CARTESIAN_POINT('Ctrl Pts',(155.88101428553,-65.2983154041705,7.));
#8637=CARTESIAN_POINT('Ctrl Pts',(155.835761464124,-65.2576010752611,7.));
#8638=CARTESIAN_POINT('Ctrl Pts',(155.78826887388,-65.2196956875192,7.));
#8639=CARTESIAN_POINT('Ctrl Pts',(155.738808422578,-65.1848377268044,7.));
#8640=CARTESIAN_POINT('Ctrl Pts',(155.689839369402,-65.1503260859491,7.));
#8641=CARTESIAN_POINT('Ctrl Pts',(155.638940621289,-65.1188007117382,7.));
#8642=CARTESIAN_POINT('Ctrl Pts',(155.586334366682,-65.0905205986463,7.00000000000001));
#8643=CARTESIAN_POINT('Ctrl Pts',(155.537511848876,-65.0642745498583,7.00000000000001));
#8644=CARTESIAN_POINT('Ctrl Pts',(155.487217785079,-65.0408233771458,7.));
#8645=CARTESIAN_POINT('Ctrl Pts',(155.435605365863,-65.0204060731947,7.));
#8646=CARTESIAN_POINT('Ctrl Pts',(155.423620739151,-65.0156650870126,7.));
#8647=CARTESIAN_POINT('Ctrl Pts',(155.41156494558,-65.0110878411146,7.));
#8648=CARTESIAN_POINT('Ctrl Pts',(155.399440923172,-65.006673669095,7.));
#8649=CARTESIAN_POINT('Ctrl Pts',(156.262886473919,-66.5007070210721,11.5565803263806));
#8650=CARTESIAN_POINT('Ctrl Pts',(156.263727934962,-66.6652172608876,11.5462594321935));
#8651=CARTESIAN_POINT('Ctrl Pts',(156.233892553171,-66.8294348287384,11.5359385380064));
#8652=CARTESIAN_POINT('Ctrl Pts',(156.171961263701,-66.9804929958149,11.5256176438192));
#8653=CARTESIAN_POINT('Ctrl Pts',(156.013152470514,-67.3678475208015,11.499152043563));
#8654=CARTESIAN_POINT('Ctrl Pts',(155.643297005383,-67.668672393285,11.4726864433067));
#8655=CARTESIAN_POINT('Ctrl Pts',(155.231716964993,-67.7452592026586,11.4462208430505));
#8656=CARTESIAN_POINT('Ctrl Pts',(154.820136924604,-67.8218460120322,11.4197552427942));
#8657=CARTESIAN_POINT('Ctrl Pts',(154.366832308956,-67.6741947582959,11.393289642538));
#8658=CARTESIAN_POINT('Ctrl Pts',(154.079317716854,-67.3698957279927,11.3668240422817));
#8659=CARTESIAN_POINT('Ctrl Pts',(153.791803124752,-67.0655966976896,11.3403584420255));
#8660=CARTESIAN_POINT('Ctrl Pts',(153.670078556197,-66.6046498908195,11.3138928417692));
#8661=CARTESIAN_POINT('Ctrl Pts',(153.769869621943,-66.1980728482638,11.287427241513));
#8662=CARTESIAN_POINT('Ctrl Pts',(153.869660687689,-65.7914958057082,11.2609616412567));
#8663=CARTESIAN_POINT('Ctrl Pts',(154.190967387736,-65.439288527467,11.2344960410005));
#8664=CARTESIAN_POINT('Ctrl Pts',(154.586698454268,-65.302686863132,11.2080304407442));
#8665=CARTESIAN_POINT('Ctrl Pts',(154.982429520801,-65.166085198797,11.181564840488));
#8666=CARTESIAN_POINT('Ctrl Pts',(155.452584953818,-65.245089148368,11.1550992402317));
#8667=CARTESIAN_POINT('Ctrl Pts',(155.781933282213,-65.5035319080377,11.1286336399755));
#8668=CARTESIAN_POINT('Ctrl Pts',(156.080819864015,-65.7380710459941,11.1046158687772));
#8669=CARTESIAN_POINT('Ctrl Pts',(156.263741567177,-66.1203910781885,11.0805980975789));
#8670=CARTESIAN_POINT('Ctrl Pts',(156.266188692762,-66.5006702588274,11.0565803263806));
#8671=CARTESIAN_POINT('Ctrl Pts',(155.398510377337,-65.0093490853906,12.));
#8672=CARTESIAN_POINT('Ctrl Pts',(155.45657134828,-65.0305643252007,12.));
#8673=CARTESIAN_POINT('Ctrl Pts',(155.513031235581,-65.0554800832167,12.));
#8674=CARTESIAN_POINT('Ctrl Pts',(155.567687212941,-65.0837839800912,12.));
#8675=CARTESIAN_POINT('Ctrl Pts',(155.621452991774,-65.1116268827883,12.));
#8676=CARTESIAN_POINT('Ctrl Pts',(155.67347378225,-65.1427495883234,12.));
#8677=CARTESIAN_POINT('Ctrl Pts',(155.723524272703,-65.1768996986401,12.));
#8678=CARTESIAN_POINT('Ctrl Pts',(155.761787239568,-65.2030070260137,12.));
#8679=CARTESIAN_POINT('Ctrl Pts',(155.798898116328,-65.2308847014907,12.));
#8680=CARTESIAN_POINT('Ctrl Pts',(155.834739744414,-65.2604322063774,12.));
#8681=CARTESIAN_POINT('Ctrl Pts',(155.85418498958,-65.2764626856616,12.));
#8682=CARTESIAN_POINT('Ctrl Pts',(155.87325637436,-65.2929848207265,12.));
#8683=CARTESIAN_POINT('Ctrl Pts',(155.891933108295,-65.3099834349164,12.));
#8684=CARTESIAN_POINT('Ctrl Pts',(155.898738052367,-65.3161769492238,12.));
#8685=CARTESIAN_POINT('Ctrl Pts',(155.905489650079,-65.3224329459253,12.));
#8686=CARTESIAN_POINT('Ctrl Pts',(155.912179878372,-65.3287438057065,12.));
#8687=CARTESIAN_POINT('Ctrl Pts',(155.95527011371,-65.3693906149373,12.));
#8688=CARTESIAN_POINT('Ctrl Pts',(155.995900778386,-65.4123855460831,12.));
#8689=CARTESIAN_POINT('Ctrl Pts',(156.033866060527,-65.4574858111699,12.));
#8690=CARTESIAN_POINT('Ctrl Pts',(156.071057771105,-65.5016671239779,12.));
#8691=CARTESIAN_POINT('Ctrl Pts',(156.105692052952,-65.5478697957193,12.));
#8692=CARTESIAN_POINT('Ctrl Pts',(156.137532480775,-65.5958886800729,12.));
#8693=CARTESIAN_POINT('Ctrl Pts',(156.161398113652,-65.6318806922247,12.));
#8694=CARTESIAN_POINT('Ctrl Pts',(156.183693314209,-65.6688936061117,12.));
#8695=CARTESIAN_POINT('Ctrl Pts',(156.204299942583,-65.7068452053072,12.));
#8696=CARTESIAN_POINT('Ctrl Pts',(156.214742900932,-65.7260781900757,12.));
#8697=CARTESIAN_POINT('Ctrl Pts',(156.224751926859,-65.7455522846675,12.));
#8698=CARTESIAN_POINT('Ctrl Pts',(156.234309895794,-65.7652568706066,12.));
#8699=CARTESIAN_POINT('Ctrl Pts',(156.238800347924,-65.7745143290157,12.));
#8700=CARTESIAN_POINT('Ctrl Pts',(156.243187488062,-65.783815020895,12.));
#8701=CARTESIAN_POINT('Ctrl Pts',(156.247468579418,-65.7931544283599,12.));
#8702=CARTESIAN_POINT('Ctrl Pts',(156.270689938943,-65.8438129451772,12.));
#8703=CARTESIAN_POINT('Ctrl Pts',(156.290810099239,-65.8956404402759,12.));
#8704=CARTESIAN_POINT('Ctrl Pts',(156.307617218269,-65.948444993854,12.));
#8705=CARTESIAN_POINT('Ctrl Pts',(156.320158963572,-65.9878486097018,12.));
#8706=CARTESIAN_POINT('Ctrl Pts',(156.330854992534,-66.0277967255842,12.));
#8707=CARTESIAN_POINT('Ctrl Pts',(156.33959844739,-66.0682122221205,12.));
#8708=CARTESIAN_POINT('Ctrl Pts',(156.351322477427,-66.1224050444245,12.));
#8709=CARTESIAN_POINT('Ctrl Pts',(156.359537014955,-66.1774392819871,12.));
#8710=CARTESIAN_POINT('Ctrl Pts',(156.364300288967,-66.232995246762,12.));
#8711=CARTESIAN_POINT('Ctrl Pts',(156.365652568879,-66.2487674267688,12.));
#8712=CARTESIAN_POINT('Ctrl Pts',(156.366726408555,-66.2645815664406,12.));
#8713=CARTESIAN_POINT('Ctrl Pts',(156.36752250144,-66.2804300825232,12.));
#8714=CARTESIAN_POINT('Ctrl Pts',(156.368027683258,-66.2904871780087,12.));
#8715=CARTESIAN_POINT('Ctrl Pts',(156.368420902114,-66.3005579827735,12.));
#8716=CARTESIAN_POINT('Ctrl Pts',(156.368702206733,-66.3106262311239,12.));
#8717=CARTESIAN_POINT('Ctrl Pts',(156.370256391443,-66.3662524690567,12.));
#8718=CARTESIAN_POINT('Ctrl Pts',(156.368405108164,-66.421911829472,12.));
#8719=CARTESIAN_POINT('Ctrl Pts',(156.363259426028,-66.4772879083342,12.));
#8720=CARTESIAN_POINT('Ctrl Pts',(156.35811570976,-66.5326428312008,12.));
#8721=CARTESIAN_POINT('Ctrl Pts',(156.349679642769,-66.5877158315509,12.));
#8722=CARTESIAN_POINT('Ctrl Pts',(156.338012795418,-66.6421756707899,12.));
#8723=CARTESIAN_POINT('Ctrl Pts',(156.330946853443,-66.6751588797414,12.));
#8724=CARTESIAN_POINT('Ctrl Pts',(156.322694927464,-66.7079168078121,12.));
#8725=CARTESIAN_POINT('Ctrl Pts',(156.313262965516,-66.7403704988957,12.));
#8726=CARTESIAN_POINT('Ctrl Pts',(156.308364754057,-66.7572243668884,12.));
#8727=CARTESIAN_POINT('Ctrl Pts',(156.303148203586,-66.7739961047944,12.));
#8728=CARTESIAN_POINT('Ctrl Pts',(156.297613587162,-66.7906740716087,12.));
#8729=CARTESIAN_POINT('Ctrl Pts',(156.293136997649,-66.8041637889858,12.));
#8730=CARTESIAN_POINT('Ctrl Pts',(156.288451048685,-66.8175951464064,12.));
#8731=CARTESIAN_POINT('Ctrl Pts',(156.283564968987,-66.8309379049326,12.));
#8732=CARTESIAN_POINT('Ctrl Pts',(156.265121789295,-66.8813019817225,12.));
#8733=CARTESIAN_POINT('Ctrl Pts',(156.243808496485,-66.9304763262087,12.));
#8734=CARTESIAN_POINT('Ctrl Pts',(156.219672372293,-66.9781479392879,12.));
#8735=CARTESIAN_POINT('Ctrl Pts',(156.202754526164,-67.0115626254416,12.));
#8736=CARTESIAN_POINT('Ctrl Pts',(156.184448920161,-67.0442385043116,12.));
#8737=CARTESIAN_POINT('Ctrl Pts',(156.164761301676,-67.0760566701556,12.));
#8738=CARTESIAN_POINT('Ctrl Pts',(156.156807157862,-67.0889117682559,12.));
#8739=CARTESIAN_POINT('Ctrl Pts',(156.148625961079,-67.1016284464263,12.));
#8740=CARTESIAN_POINT('Ctrl Pts',(156.140230956302,-67.114179617111,12.));
#8741=CARTESIAN_POINT('Ctrl Pts',(156.111762967805,-67.1567414252555,12.));
#8742=CARTESIAN_POINT('Ctrl Pts',(156.080809103794,-67.1974529096937,12.));
#8743=CARTESIAN_POINT('Ctrl Pts',(156.047395586533,-67.2360141802664,12.));
#8744=CARTESIAN_POINT('Ctrl Pts',(156.026861228455,-67.2597121026287,12.));
#8745=CARTESIAN_POINT('Ctrl Pts',(156.005397286114,-67.2825972365788,12.));
#8746=CARTESIAN_POINT('Ctrl Pts',(155.983004491577,-67.3045916881598,12.));
#8747=CARTESIAN_POINT('Ctrl Pts',(155.975434356656,-67.3120271587839,12.));
#8748=CARTESIAN_POINT('Ctrl Pts',(155.967758034153,-67.3193607761845,12.));
#8749=CARTESIAN_POINT('Ctrl Pts',(155.95997807597,-67.326591489262,12.));
#8750=CARTESIAN_POINT('Origin',(154.99999653548,-66.4999985136092,11.5));
#8751=CARTESIAN_POINT('',(156.99999653548,-66.4999985136092,12.));
#8752=CARTESIAN_POINT('Origin',(154.99999653548,-66.4999985136092,12.));
#8753=CARTESIAN_POINT('',(157.99999653548,-66.4999985136092,11.));
#8754=CARTESIAN_POINT('',(157.49999653548,-66.4999985136092,11.5));
#8755=CARTESIAN_POINT('Origin',(154.99999653548,-66.4999985136092,11.));
#8756=CARTESIAN_POINT('Origin',(154.99999653548,-66.4999985136092,5.));
#8757=CARTESIAN_POINT('',(157.99999653548,-66.4999985136092,5.));
#8758=CARTESIAN_POINT('Origin',(154.99999653548,-66.4999985136092,12.));
#8759=CARTESIAN_POINT('Origin',(154.99999653548,-66.4999985136092,12.));
#8760=CARTESIAN_POINT('Origin',(154.99999653548,-66.4999985136092,7.));
#8761=CARTESIAN_POINT('Origin',(37.000000551343,61.0000009089708,13.1042117235887));
#8762=CARTESIAN_POINT('Ctrl Pts',(38.5444551736269,60.9989039386837,11.8542117235887));
#8763=CARTESIAN_POINT('Ctrl Pts',(38.5450345864845,60.9279664309211,11.8505427646906));
#8764=CARTESIAN_POINT('Ctrl Pts',(38.5083386883308,60.3459160691048,11.8204082055362));
#8765=CARTESIAN_POINT('Ctrl Pts',(37.7682084329899,59.3456515399311,11.7638080461255));
#8766=CARTESIAN_POINT('Ctrl Pts',(36.0265688020124,59.457658944438,11.6844112453568));
#8767=CARTESIAN_POINT('Ctrl Pts',(35.1762089353263,60.9815718097909,11.605014444588));
#8768=CARTESIAN_POINT('Ctrl Pts',(35.9956574555612,62.522470688535,11.5256176438192));
#8769=CARTESIAN_POINT('Ctrl Pts',(37.7346664894208,62.6693750386531,11.4462208430505));
#8770=CARTESIAN_POINT('Ctrl Pts',(38.5020391378717,61.6752173255535,11.389085536307));
#8771=CARTESIAN_POINT('Ctrl Pts',(38.5448785184468,61.0825681852485,11.3584158298197));
#8772=CARTESIAN_POINT('Ctrl Pts',(38.5441721549663,61.0012274777702,11.3542117235887));
#8773=CARTESIAN_POINT('Ctrl Pts',(38.5414403241141,61.0016848611223,11.8957882764113));
#8774=CARTESIAN_POINT('Ctrl Pts',(38.5387709693327,60.6483141230382,11.877594317095));
#8775=CARTESIAN_POINT('Ctrl Pts',(38.2435753282677,59.7756725742533,11.8329347575225));
#8776=CARTESIAN_POINT('Ctrl Pts',(36.7943020188853,59.1881053970058,11.7618095976937));
#8777=CARTESIAN_POINT('Ctrl Pts',(35.3660646636127,60.1897057700848,11.682412796925));
#8778=CARTESIAN_POINT('Ctrl Pts',(35.4332042679156,61.9338984512461,11.6030159961562));
#8779=CARTESIAN_POINT('Ctrl Pts',(36.9351725766615,62.8226872590694,11.5236191953874));
#8780=CARTESIAN_POINT('Ctrl Pts',(38.2934058161815,62.1442119573729,11.4545432888058));
#8781=CARTESIAN_POINT('Ctrl Pts',(38.5393906911344,61.3131472659213,11.4119329824804));
#8782=CARTESIAN_POINT('Ctrl Pts',(38.5409972452804,60.9991371963804,11.3957882764113));
#8783=CARTESIAN_POINT('Ctrl Pts',(36.0418843986206,60.1747896100343,12.));
#8784=CARTESIAN_POINT('Ctrl Pts',(35.7674384789361,60.4934365663198,11.9735343997437));
#8785=CARTESIAN_POINT('Ctrl Pts',(35.5665254096152,61.4208998040818,11.9206031992312));
#8786=CARTESIAN_POINT('Ctrl Pts',(36.5777235036666,62.4347001533728,11.8412063984625));
#8787=CARTESIAN_POINT('Ctrl Pts',(37.9759089385563,62.1317401917604,11.7618095976937));
#8788=CARTESIAN_POINT('Ctrl Pts',(38.4803897273093,60.7941308718379,11.682412796925));
#8789=CARTESIAN_POINT('Ctrl Pts',(37.6295526358164,59.6442492711545,11.6030159961562));
#8790=CARTESIAN_POINT('Ctrl Pts',(36.2022659777665,59.7360401739405,11.5236191953874));
#8791=CARTESIAN_POINT('Ctrl Pts',(35.5053897292736,60.9848981248406,11.4442223946187));
#8792=CARTESIAN_POINT('Ctrl Pts',(36.176933898967,62.2476762403116,11.3648255938499));
#8793=CARTESIAN_POINT('Ctrl Pts',(37.602064763073,62.3680654501136,11.2854287930812));
#8794=CARTESIAN_POINT('Ctrl Pts',(38.4759565606618,61.235908508188,11.2060319923124));
#8795=CARTESIAN_POINT('Ctrl Pts',(37.9984979581529,59.8877487247873,11.1266351915437));
#8796=CARTESIAN_POINT('Ctrl Pts',(36.6068371534675,59.5579473022643,11.0472383907749));
#8797=CARTESIAN_POINT('Ctrl Pts',(35.5751481525276,60.5484546318898,10.9678415900061));
#8798=CARTESIAN_POINT('Ctrl Pts',(35.8480214490029,61.952388826444,10.8884447892374));
#8799=CARTESIAN_POINT('Ctrl Pts',(37.1756207041342,62.4843376228705,10.8090479884686));
#8800=CARTESIAN_POINT('Ctrl Pts',(38.3424260993558,61.6572618025694,10.7296511876999));
#8801=CARTESIAN_POINT('Ctrl Pts',(38.2801372021326,60.2284126856431,10.6502543869311));
#8802=CARTESIAN_POINT('Ctrl Pts',(37.0457842805969,59.5060122860269,10.5708575861623));
#8803=CARTESIAN_POINT('Ctrl Pts',(35.7695128223486,60.1514738642865,10.4914607853936));
#8804=CARTESIAN_POINT('Ctrl Pts',(35.6198479519598,61.5738275339236,10.4120639846248));
#8805=CARTESIAN_POINT('Ctrl Pts',(36.7338194258682,62.4707985814452,10.3326671838561));
#8806=CARTESIAN_POINT('Ctrl Pts',(38.0915002862022,62.0211407226133,10.2532703830873));
#8807=CARTESIAN_POINT('Ctrl Pts',(38.4498288041584,60.6365504629597,10.1738735823185));
#8808=CARTESIAN_POINT('Ctrl Pts',(37.4807275346282,59.584727170056,10.0944767815498));
#8809=CARTESIAN_POINT('Ctrl Pts',(36.0714835683017,59.8286963365458,10.015079980781));
#8810=CARTESIAN_POINT('Ctrl Pts',(35.5123686423593,61.1450853409657,9.93568318001228));
#8811=CARTESIAN_POINT('Ctrl Pts',(36.3152956719199,62.3286383377093,9.85628637924351));
#8812=CARTESIAN_POINT('Ctrl Pts',(37.7451229227344,62.2957211105124,9.77688957847477));
#8813=CARTESIAN_POINT('Ctrl Pts',(38.4927330701981,61.0764719241362,9.69749277770599));
#8814=CARTESIAN_POINT('Ctrl Pts',(37.8736312597355,59.7872076148131,9.61809597693725));
#8815=CARTESIAN_POINT('Ctrl Pts',(36.454653034117,59.6083492735152,9.53869917616848));
#8816=CARTESIAN_POINT('Ctrl Pts',(35.5349825971359,60.7036555313164,9.45930237539972));
#8817=CARTESIAN_POINT('Ctrl Pts',(35.9566492927601,62.0702888796683,9.37990557463097));
#8818=CARTESIAN_POINT('Ctrl Pts',(37.3335846808062,62.4569908943795,9.30050877386221));
#8819=CARTESIAN_POINT('Ctrl Pts',(38.4050980237394,61.5097060022021,9.22111197309345));
#8820=CARTESIAN_POINT('Ctrl Pts',(38.1901360649639,60.0957467144954,9.14171517232469));
#8821=CARTESIAN_POINT('Ctrl Pts',(36.8855130868914,59.5097020095837,9.06231837155594));
#8822=CARTESIAN_POINT('Ctrl Pts',(35.6857122284936,60.2881410959652,8.98292157078717));
#8823=CARTESIAN_POINT('Ctrl Pts',(35.6892438789264,61.7183428433928,8.90352477001842));
#8824=CARTESIAN_POINT('Ctrl Pts',(36.8928745394879,62.4908470468281,8.82412796924965));
#8825=CARTESIAN_POINT('Ctrl Pts',(38.1945873408657,61.8983664196725,8.7447311684809));
#8826=CARTESIAN_POINT('Ctrl Pts',(38.4025636363342,60.4833627551461,8.66533436771214));
#8827=CARTESIAN_POINT('Ctrl Pts',(37.3263850567812,59.5413812379073,8.58593756694338));
#8828=CARTESIAN_POINT('Ctrl Pts',(35.9513762458074,59.9348787325258,8.50654076617462));
#8829=CARTESIAN_POINT('Ctrl Pts',(35.5364640059102,61.3035778733004,8.42714396540586));
#8830=CARTESIAN_POINT('Ctrl Pts',(36.4615325609984,62.3943288546639,8.34774716463711));
#8831=CARTESIAN_POINT('Ctrl Pts',(37.8796101530315,62.2084648529789,8.26835036386835));
#8832=CARTESIAN_POINT('Ctrl Pts',(38.4923372179641,60.9161587684277,8.18895356309959));
#8833=CARTESIAN_POINT('Ctrl Pts',(37.7387147040731,59.7006165798489,8.10955676233083));
#8834=CARTESIAN_POINT('Ctrl Pts',(36.3087424156519,59.6747612671936,8.03015996156207));
#8835=CARTESIAN_POINT('Ctrl Pts',(35.5116701397253,60.8622649897957,7.95076316079331));
#8836=CARTESIAN_POINT('Ctrl Pts',(36.0772797993299,62.1758770982698,7.87136636002456));
#8837=CARTESIAN_POINT('Ctrl Pts',(37.4877106991426,62.4128826711072,7.79196955925579));
#8838=CARTESIAN_POINT('Ctrl Pts',(38.4516070993641,61.3562879033578,7.71257275848704));
#8839=CARTESIAN_POINT('Ctrl Pts',(38.0864418608439,59.973480661814,7.63317595771827));
#8840=CARTESIAN_POINT('Ctrl Pts',(36.7265631028147,59.5305405095316,7.55377915694952));
#8841=CARTESIAN_POINT('Ctrl Pts',(35.6170224180575,60.432987743741,7.47438235618076));
#8842=CARTESIAN_POINT('Ctrl Pts',(35.7737354510904,61.8546139836648,7.394985555412));
#8843=CARTESIAN_POINT('Ctrl Pts',(37.0531275576845,62.4937059370051,7.31558875464324));
#8844=CARTESIAN_POINT('Ctrl Pts',(38.2840017729039,61.7653369093894,7.23619195387449));
#8845=CARTESIAN_POINT('Ctrl Pts',(38.3390231745025,60.3359579892928,7.15679515310572));
#8846=CARTESIAN_POINT('Ctrl Pts',(37.1685720295914,59.5151390833577,7.07739835233697));
#8847=CARTESIAN_POINT('Ctrl Pts',(35.8427569870666,60.0526534754372,6.99800155156821));
#8848=CARTESIAN_POINT('Ctrl Pts',(35.5785783814996,61.4599638171871,6.91860475079945));
#8849=CARTESIAN_POINT('Ctrl Pts',(36.2671405448707,62.1129846943401,6.86567355028694));
#8850=CARTESIAN_POINT('Ctrl Pts',(36.6734154878119,62.2215992252264,6.83920795003069));
#8851=CARTESIAN_POINT('Ctrl Pts',(35.9715442513863,60.1142066795602,12.0535973499898));
#8852=CARTESIAN_POINT('Ctrl Pts',(35.6769498702197,60.456247118731,12.0271317497335));
#8853=CARTESIAN_POINT('Ctrl Pts',(35.4612867574547,61.4518001183796,11.974200549221));
#8854=CARTESIAN_POINT('Ctrl Pts',(36.5467220122265,62.540028673095,11.8948037484522));
#8855=CARTESIAN_POINT('Ctrl Pts',(38.047555303612,62.2148268901278,11.8154069476835));
#8856=CARTESIAN_POINT('Ctrl Pts',(38.589072575736,60.7790169123436,11.7360101469147));
#8857=CARTESIAN_POINT('Ctrl Pts',(37.6757712348742,59.54471669408,11.656613346146));
#8858=CARTESIAN_POINT('Ctrl Pts',(36.1437002525152,59.6432464307729,11.5772165453772));
#8859=CARTESIAN_POINT('Ctrl Pts',(35.3956627979578,60.9837893531574,11.4978197446085));
#8860=CARTESIAN_POINT('Ctrl Pts',(36.1165084178318,62.3392743897194,11.4184229438397));
#8861=CARTESIAN_POINT('Ctrl Pts',(37.6462653385222,62.4685019796267,11.339026143071));
#8862=CARTESIAN_POINT('Ctrl Pts',(38.5843139479283,61.2532276768666,11.2596293423022));
#8863=CARTESIAN_POINT('Ctrl Pts',(38.0718026972583,59.8060926727785,11.1802325415334));
#8864=CARTESIAN_POINT('Ctrl Pts',(36.5779730421433,59.4520788616507,11.1008357407647));
#8865=CARTESIAN_POINT('Ctrl Pts',(35.4705425394868,60.5153043384492,11.0214389399959));
#8866=CARTESIAN_POINT('Ctrl Pts',(35.7634488432294,62.0223084349892,10.9420421392272));
#8867=CARTESIAN_POINT('Ctrl Pts',(37.1885138667946,62.5933102800001,10.8626453384584));
#8868=CARTESIAN_POINT('Ctrl Pts',(38.4409803408535,61.7055146452917,10.7832485376896));
#8869=CARTESIAN_POINT('Ctrl Pts',(38.3741185009977,60.1717664960565,10.7038517369209));
#8870=CARTESIAN_POINT('Ctrl Pts',(37.0491454954637,59.3963310334923,10.6244549361521));
#8871=CARTESIAN_POINT('Ctrl Pts',(35.6791765016619,60.0891792071244,10.5450581353834));
#8872=CARTESIAN_POINT('Ctrl Pts',(35.5185239770216,61.6159550454694,10.4656613346146));
#8873=CARTESIAN_POINT('Ctrl Pts',(36.7142777246833,62.5787772691436,10.3862645338458));
#8874=CARTESIAN_POINT('Ctrl Pts',(38.1716327960634,62.0961077551952,10.3068677330771));
#8875=CARTESIAN_POINT('Ctrl Pts',(38.5562680208208,60.6098677295436,10.2274709323083));
#8876=CARTESIAN_POINT('Ctrl Pts',(37.5160201311341,59.4808247748306,10.1480741315396));
#8877=CARTESIAN_POINT('Ctrl Pts',(36.0033164456505,59.7427049503798,10.0686773307708));
#8878=CARTESIAN_POINT('Ctrl Pts',(35.4031540683111,61.1557367220941,9.98928053000205));
#8879=CARTESIAN_POINT('Ctrl Pts',(36.2650280275493,62.4261803237126,9.90988372923329));
#8880=CARTESIAN_POINT('Ctrl Pts',(37.7998261204233,62.3908464765673,9.83048692846453));
#8881=CARTESIAN_POINT('Ctrl Pts',(38.6023221057856,61.0820860476959,9.75109012769577));
#8882=CARTESIAN_POINT('Ctrl Pts',(37.9377689036758,59.6981703319811,9.67169332692701));
#8883=CARTESIAN_POINT('Ctrl Pts',(36.4146163177475,59.5061810962451,9.59229652615826));
#8884=CARTESIAN_POINT('Ctrl Pts',(35.4274282277549,60.6818993199873,9.51289972538949));
#8885=CARTESIAN_POINT('Ctrl Pts',(35.8800516057915,62.1488641267592,9.43350292462075));
#8886=CARTESIAN_POINT('Ctrl Pts',(37.358074777038,62.5639558900131,9.35410612385198));
#8887=CARTESIAN_POINT('Ctrl Pts',(38.5082533278286,61.5471260281583,9.27470932308322));
#8888=CARTESIAN_POINT('Ctrl Pts',(38.277509925658,60.02936084573,9.19531252231446));
#8889=CARTESIAN_POINT('Ctrl Pts',(36.8771079837281,59.4002916382962,9.1159157215457));
#8890=CARTESIAN_POINT('Ctrl Pts',(35.5892236828462,60.235879870732,9.03651892077695));
#8891=CARTESIAN_POINT('Ctrl Pts',(35.5930146095794,61.7710799539072,8.95712212000818));
#8892=CARTESIAN_POINT('Ctrl Pts',(36.8850098777503,62.6002975936564,8.87772531923943));
#8893=CARTESIAN_POINT('Ctrl Pts',(38.282287992212,61.964319970412,8.79832851847067));
#8894=CARTESIAN_POINT('Ctrl Pts',(38.5055328782401,60.4454337381855,8.71893171770191));
#8895=CARTESIAN_POINT('Ctrl Pts',(37.3503465922405,59.4342965988165,8.63953491693316));
#8896=CARTESIAN_POINT('Ctrl Pts',(35.8743914378222,59.8566827324889,8.56013811616438));
#8897=CARTESIAN_POINT('Ctrl Pts',(35.4290183942316,61.3258649919417,8.48074131539564));
#8898=CARTESIAN_POINT('Ctrl Pts',(36.4220009054531,62.4966935133896,8.40134451462687));
#8899=CARTESIAN_POINT('Ctrl Pts',(37.9441867377344,62.2971842963442,8.32194771385812));
#8900=CARTESIAN_POINT('Ctrl Pts',(38.6018971920393,60.9100034933147,8.24255091308935));
#8901=CARTESIAN_POINT('Ctrl Pts',(37.7929474420553,59.6052222116769,8.16315411232061));
#8902=CARTESIAN_POINT('Ctrl Pts',(36.2579936636314,59.5774687298969,8.08375731155183));
#8903=CARTESIAN_POINT('Ctrl Pts',(35.4024042850698,60.8521531001186,8.00436051078309));
#8904=CARTESIAN_POINT('Ctrl Pts',(36.0095382072816,62.2622041099266,7.92496371001432));
#8905=CARTESIAN_POINT('Ctrl Pts',(37.5235159650349,62.5166094592328,7.84556690924556));
#8906=CARTESIAN_POINT('Ctrl Pts',(38.5581768696617,61.3824447315999,7.7661701084768));
#8907=CARTESIAN_POINT('Ctrl Pts',(38.166203006144,59.8981186244255,7.68677330770805));
#8908=CARTESIAN_POINT('Ctrl Pts',(36.7064886782951,59.4226599978026,7.60737650693929));
#8909=CARTESIAN_POINT('Ctrl Pts',(35.5154910064007,60.3913604426955,7.52797970617053));
#8910=CARTESIAN_POINT('Ctrl Pts',(35.6837091349126,61.9173554470369,7.44858290540177));
#8911=CARTESIAN_POINT('Ctrl Pts',(37.0570278796211,62.6033663694046,7.36918610463301));
#8912=CARTESIAN_POINT('Ctrl Pts',(38.3782667894334,61.8215240917057,7.28978930386426));
#8913=CARTESIAN_POINT('Ctrl Pts',(38.437327590095,60.2872072437727,7.21039250309549));
#8914=CARTESIAN_POINT('Ctrl Pts',(37.1809477134433,59.4061278751243,7.13099570232673));
#8915=CARTESIAN_POINT('Ctrl Pts',(35.7577978905459,59.9831039142828,7.05159890155798));
#8916=CARTESIAN_POINT('Ctrl Pts',(35.4742245988974,61.4937320180408,6.97220210078922));
#8917=CARTESIAN_POINT('Ctrl Pts',(36.2133375893409,62.194694456888,6.91927090027671));
#8918=CARTESIAN_POINT('Ctrl Pts',(36.6494392283698,62.311282929214,6.89280530002046));
#8919=CARTESIAN_POINT('Ctrl Pts',(35.901204104152,60.053623749086,12.1071946999795));
#8920=CARTESIAN_POINT('Ctrl Pts',(35.5864612615034,60.4190576711421,12.0807290997233));
#8921=CARTESIAN_POINT('Ctrl Pts',(35.3560481052941,61.4827004326773,12.0277978992108));
#8922=CARTESIAN_POINT('Ctrl Pts',(36.5157205207865,62.6453571928171,11.948401098442));
#8923=CARTESIAN_POINT('Ctrl Pts',(38.1192016686677,62.2979135884952,11.8690042976733));
#8924=CARTESIAN_POINT('Ctrl Pts',(38.6977554241627,60.7639029528494,11.7896074969045));
#8925=CARTESIAN_POINT('Ctrl Pts',(37.7219898339321,59.4451841170056,11.7102106961357));
#8926=CARTESIAN_POINT('Ctrl Pts',(36.0851345272638,59.5504526876054,11.630813895367));
#8927=CARTESIAN_POINT('Ctrl Pts',(35.2859358666421,60.9826805814741,11.5514170945982));
#8928=CARTESIAN_POINT('Ctrl Pts',(36.0560829366965,62.4308725391271,11.4720202938295));
#8929=CARTESIAN_POINT('Ctrl Pts',(37.6904659139715,62.5689385091399,11.3926234930607));
#8930=CARTESIAN_POINT('Ctrl Pts',(38.6926713351947,61.2705468455451,11.3132266922919));
#8931=CARTESIAN_POINT('Ctrl Pts',(38.1451074363638,59.7244366207699,11.2338298915232));
#8932=CARTESIAN_POINT('Ctrl Pts',(36.5491089308191,59.346210421037,11.1544330907544));
#8933=CARTESIAN_POINT('Ctrl Pts',(35.3659369264461,60.4821540450085,11.0750362899857));
#8934=CARTESIAN_POINT('Ctrl Pts',(35.6788762374559,62.0922280435344,10.9956394892169));
#8935=CARTESIAN_POINT('Ctrl Pts',(37.2014070294551,62.7022829371297,10.9162426884481));
#8936=CARTESIAN_POINT('Ctrl Pts',(38.5395345823512,61.753767488014,10.8368458876794));
#8937=CARTESIAN_POINT('Ctrl Pts',(38.4680997998629,60.1151203064699,10.7574490869106));
#8938=CARTESIAN_POINT('Ctrl Pts',(37.0525067103305,59.2866497809577,10.6780522861419));
#8939=CARTESIAN_POINT('Ctrl Pts',(35.5888401809752,60.0268845499623,10.5986554853731));
#8940=CARTESIAN_POINT('Ctrl Pts',(35.4172000020833,61.6580825570152,10.5192586846044));
#8941=CARTESIAN_POINT('Ctrl Pts',(36.6947360234985,62.6867559568421,10.4398618838356));
#8942=CARTESIAN_POINT('Ctrl Pts',(38.2517653059245,62.1710747877771,10.3604650830668));
#8943=CARTESIAN_POINT('Ctrl Pts',(38.6627072374834,60.5831849961275,10.2810682822981));
#8944=CARTESIAN_POINT('Ctrl Pts',(37.5513127276399,59.3769223796051,10.2016714815293));
#8945=CARTESIAN_POINT('Ctrl Pts',(35.9351493229994,59.6567135642139,10.1222746807606));
#8946=CARTESIAN_POINT('Ctrl Pts',(35.2939394942629,61.1663881032225,10.0428778799918));
#8947=CARTESIAN_POINT('Ctrl Pts',(36.2147603831789,62.5237223097158,9.96348107922306));
#8948=CARTESIAN_POINT('Ctrl Pts',(37.854529318112,62.4859718426223,9.8840842784543));
#8949=CARTESIAN_POINT('Ctrl Pts',(38.7119111413731,61.0877001712555,9.80468747768555));
#8950=CARTESIAN_POINT('Ctrl Pts',(38.001906547616,59.6091330491492,9.72529067691678));
#8951=CARTESIAN_POINT('Ctrl Pts',(36.3745796013781,59.4040129189749,9.64589387614803));
#8952=CARTESIAN_POINT('Ctrl Pts',(35.3198738583739,60.6601431086583,9.56649707537926));
#8953=CARTESIAN_POINT('Ctrl Pts',(35.8034539188229,62.2274393738501,9.48710027461051));
#8954=CARTESIAN_POINT('Ctrl Pts',(37.3825648732698,62.6709208856467,9.40770347384175));
#8955=CARTESIAN_POINT('Ctrl Pts',(38.6114086319178,61.5845460541146,9.32830667307298));
#8956=CARTESIAN_POINT('Ctrl Pts',(38.3648837863522,59.9629749769646,9.24890987230423));
#8957=CARTESIAN_POINT('Ctrl Pts',(36.8687028805649,59.2908812670086,9.16951307153547));
#8958=CARTESIAN_POINT('Ctrl Pts',(35.4927351371987,60.1836186454989,9.09011627076672));
#8959=CARTESIAN_POINT('Ctrl Pts',(35.4967853402323,61.8238170644216,9.01071946999795));
#8960=CARTESIAN_POINT('Ctrl Pts',(36.8771452160127,62.7097481404847,8.9313226692292));
#8961=CARTESIAN_POINT('Ctrl Pts',(38.3699886435582,62.0302735211516,8.85192586846044));
#8962=CARTESIAN_POINT('Ctrl Pts',(38.608502120146,60.4075047212249,8.77252906769168));
#8963=CARTESIAN_POINT('Ctrl Pts',(37.3743081276997,59.3272119597256,8.69313226692292));
#8964=CARTESIAN_POINT('Ctrl Pts',(35.7974066298371,59.7784867324521,8.61373546615416));
#8965=CARTESIAN_POINT('Ctrl Pts',(35.321572782553,61.3481521105831,8.53433866538541));
#8966=CARTESIAN_POINT('Ctrl Pts',(36.3824692499078,62.5990581721151,8.45494186461665));
#8967=CARTESIAN_POINT('Ctrl Pts',(38.0087633224373,62.3859037397095,8.37554506384788));
#8968=CARTESIAN_POINT('Ctrl Pts',(38.7114571661144,60.9038482182016,8.29614826307914));
#8969=CARTESIAN_POINT('Ctrl Pts',(37.8471801800375,59.5098278435049,8.21675146231037));
#8970=CARTESIAN_POINT('Ctrl Pts',(36.2072449116108,59.4801761926002,8.13735466154161));
#8971=CARTESIAN_POINT('Ctrl Pts',(35.2931384304143,60.8420412104414,8.05795786077286));
#8972=CARTESIAN_POINT('Ctrl Pts',(35.9417966152332,62.3485311215833,7.9785610600041));
#8973=CARTESIAN_POINT('Ctrl Pts',(37.5593212309271,62.6203362473586,7.89916425923533));
#8974=CARTESIAN_POINT('Ctrl Pts',(38.6647466399593,61.4086015598421,7.81976745846658));
#8975=CARTESIAN_POINT('Ctrl Pts',(38.2459641514441,59.8227565870371,7.74037065769782));
#8976=CARTESIAN_POINT('Ctrl Pts',(36.6864142537755,59.3147794860736,7.66097385692905));
#8977=CARTESIAN_POINT('Ctrl Pts',(35.4139595947439,60.3497331416498,7.58157705616031));
#8978=CARTESIAN_POINT('Ctrl Pts',(35.5936828187348,61.9800969104091,7.50218025539154));
#8979=CARTESIAN_POINT('Ctrl Pts',(37.0609282015576,62.713026801804,7.42278345462279));
#8980=CARTESIAN_POINT('Ctrl Pts',(38.4725318059629,61.877711274022,7.34338665385402));
#8981=CARTESIAN_POINT('Ctrl Pts',(38.5356320056874,60.2384564982526,7.26398985308527));
#8982=CARTESIAN_POINT('Ctrl Pts',(37.1933233972952,59.297116666891,7.18459305231651));
#8983=CARTESIAN_POINT('Ctrl Pts',(35.6728387940253,59.9135543531285,7.10519625154775));
#8984=CARTESIAN_POINT('Ctrl Pts',(35.3698708162953,61.5275002188944,7.02579945077899));
#8985=CARTESIAN_POINT('Ctrl Pts',(36.159534633811,62.2764042194359,6.97286825026648));
#8986=CARTESIAN_POINT('Ctrl Pts',(36.6254629689278,62.4009666332017,6.94640265001023));
#8987=CARTESIAN_POINT('Ctrl Pts',(35.8308639569178,59.9930408186118,12.1607920499693));
#8988=CARTESIAN_POINT('Ctrl Pts',(35.4959726527871,60.3818682235533,12.1343264497131));
#8989=CARTESIAN_POINT('Ctrl Pts',(35.2508094531335,61.513600746975,12.0813952492006));
#8990=CARTESIAN_POINT('Ctrl Pts',(36.4847190293464,62.7506857125392,12.0019984484318));
#8991=CARTESIAN_POINT('Ctrl Pts',(38.1908480337235,62.3810002868627,11.922601647663));
#8992=CARTESIAN_POINT('Ctrl Pts',(38.8064382725894,60.7487889933551,11.8432048468943));
#8993=CARTESIAN_POINT('Ctrl Pts',(37.7682084329899,59.3456515399311,11.7638080461255));
#8994=CARTESIAN_POINT('Ctrl Pts',(36.0265688020124,59.457658944438,11.6844112453568));
#8995=CARTESIAN_POINT('Ctrl Pts',(35.1762089353263,60.9815718097909,11.605014444588));
#8996=CARTESIAN_POINT('Ctrl Pts',(35.9956574555612,62.522470688535,11.5256176438192));
#8997=CARTESIAN_POINT('Ctrl Pts',(37.7346664894208,62.6693750386531,11.4462208430505));
#8998=CARTESIAN_POINT('Ctrl Pts',(38.8010287224612,61.2878660142237,11.3668240422817));
#8999=CARTESIAN_POINT('Ctrl Pts',(38.2184121754692,59.642780568761,11.287427241513));
#9000=CARTESIAN_POINT('Ctrl Pts',(36.5202448194949,59.2403419804235,11.2080304407442));
#9001=CARTESIAN_POINT('Ctrl Pts',(35.2613313134053,60.4490037515678,11.1286336399755));
#9002=CARTESIAN_POINT('Ctrl Pts',(35.5943036316825,62.1621476520797,11.0492368392067));
#9003=CARTESIAN_POINT('Ctrl Pts',(37.2143001921155,62.8112555942593,10.9698400384379));
#9004=CARTESIAN_POINT('Ctrl Pts',(38.638088823849,61.8020203307364,10.8904432376692));
#9005=CARTESIAN_POINT('Ctrl Pts',(38.5620810987279,60.0584741168833,10.8110464369004));
#9006=CARTESIAN_POINT('Ctrl Pts',(37.0558679251974,59.1769685284231,10.7316496361317));
#9007=CARTESIAN_POINT('Ctrl Pts',(35.4985038602885,59.9645898928002,10.6522528353629));
#9008=CARTESIAN_POINT('Ctrl Pts',(35.3158760271451,61.7002100685612,10.5728560345941));
#9009=CARTESIAN_POINT('Ctrl Pts',(36.6751943223136,62.7947346445406,10.4934592338254));
#9010=CARTESIAN_POINT('Ctrl Pts',(38.3318978157857,62.246041820359,10.4140624330566));
#9011=CARTESIAN_POINT('Ctrl Pts',(38.7691464541458,60.5565022627113,10.3346656322879));
#9012=CARTESIAN_POINT('Ctrl Pts',(37.5866053241458,59.2730199843797,10.2552688315191));
#9013=CARTESIAN_POINT('Ctrl Pts',(35.8669822003483,59.570722178048,10.1758720307503));
#9014=CARTESIAN_POINT('Ctrl Pts',(35.1847249202147,61.1770394843509,10.0964752299816));
#9015=CARTESIAN_POINT('Ctrl Pts',(36.1644927388084,62.6212642957193,10.0170784292128));
#9016=CARTESIAN_POINT('Ctrl Pts',(37.9092325158009,62.5810972086771,9.93768162844408));
#9017=CARTESIAN_POINT('Ctrl Pts',(38.8215001769606,61.0933142948152,9.8582848276753));
#9018=CARTESIAN_POINT('Ctrl Pts',(38.0660441915563,59.5200957663172,9.77888802690656));
#9019=CARTESIAN_POINT('Ctrl Pts',(36.3345428850087,59.3018447417048,9.69949122613779));
#9020=CARTESIAN_POINT('Ctrl Pts',(35.212319488993,60.6383868973292,9.62009442536903));
#9021=CARTESIAN_POINT('Ctrl Pts',(35.7268562318543,62.3060146209409,9.54069762460029));
#9022=CARTESIAN_POINT('Ctrl Pts',(37.4070549695017,62.7778858812805,9.46130082383152));
#9023=CARTESIAN_POINT('Ctrl Pts',(38.714563936007,61.6219660800707,9.38190402306276));
#9024=CARTESIAN_POINT('Ctrl Pts',(38.4522576470464,59.8965891081993,9.302507222294));
#9025=CARTESIAN_POINT('Ctrl Pts',(36.8602977774016,59.181470895721,9.22311042152524));
#9026=CARTESIAN_POINT('Ctrl Pts',(35.3962465915513,60.1313574202658,9.14371362075649));
#9027=CARTESIAN_POINT('Ctrl Pts',(35.4005560708853,61.8765541749359,9.06431681998773));
#9028=CARTESIAN_POINT('Ctrl Pts',(36.8692805542751,62.8191986873132,8.98492001921896));
#9029=CARTESIAN_POINT('Ctrl Pts',(38.4576892949045,62.096227071891,8.90552321845021));
#9030=CARTESIAN_POINT('Ctrl Pts',(38.7114713620519,60.3695757042643,8.82612641768145));
#9031=CARTESIAN_POINT('Ctrl Pts',(37.3982696631589,59.2201273206347,8.7467296169127));
#9032=CARTESIAN_POINT('Ctrl Pts',(35.7204218218519,59.7002907324152,8.66733281614393));
#9033=CARTESIAN_POINT('Ctrl Pts',(35.2141271708743,61.3704392292243,8.58793601537517));
#9034=CARTESIAN_POINT('Ctrl Pts',(36.3429375943626,62.7014228308408,8.50853921460642));
#9035=CARTESIAN_POINT('Ctrl Pts',(38.0733399071401,62.4746231830748,8.42914241383765));
#9036=CARTESIAN_POINT('Ctrl Pts',(38.8210171401895,60.8976929430887,8.3497456130689));
#9037=CARTESIAN_POINT('Ctrl Pts',(37.9014129180197,59.4144334753329,8.27034881230013));
#9038=CARTESIAN_POINT('Ctrl Pts',(36.1564961595902,59.3828836553036,8.19095201153138));
#9039=CARTESIAN_POINT('Ctrl Pts',(35.1838725757589,60.8319293207643,8.11155521076263));
#9040=CARTESIAN_POINT('Ctrl Pts',(35.8740550231848,62.43485813324,8.03215840999386));
#9041=CARTESIAN_POINT('Ctrl Pts',(37.5951264968194,62.7240630354844,7.9527616092251));
#9042=CARTESIAN_POINT('Ctrl Pts',(38.7713164102569,61.4347583880843,7.87336480845635));
#9043=CARTESIAN_POINT('Ctrl Pts',(38.3257252967443,59.7473945496486,7.7939680076876));
#9044=CARTESIAN_POINT('Ctrl Pts',(36.6663398292559,59.2068989743446,7.71457120691883));
#9045=CARTESIAN_POINT('Ctrl Pts',(35.3124281830871,60.3081058406042,7.63517440615007));
#9046=CARTESIAN_POINT('Ctrl Pts',(35.5036565025571,62.0428383737812,7.55577760538131));
#9047=CARTESIAN_POINT('Ctrl Pts',(37.0648285234941,62.8226872342036,7.47638080461256));
#9048=CARTESIAN_POINT('Ctrl Pts',(38.5667968224924,61.9338984563382,7.39698400384379));
#9049=CARTESIAN_POINT('Ctrl Pts',(38.6339364212798,60.1897057527326,7.31758720307504));
#9050=CARTESIAN_POINT('Ctrl Pts',(37.2056990811471,59.1881054586576,7.23819040230628));
#9051=CARTESIAN_POINT('Ctrl Pts',(35.5878796975047,59.8440047919741,7.15879360153752));
#9052=CARTESIAN_POINT('Ctrl Pts',(35.2655170336931,61.5612684197481,7.07939680076876));
#9053=CARTESIAN_POINT('Ctrl Pts',(36.1057316782811,62.3581139819837,7.02646560025625));
#9054=CARTESIAN_POINT('Ctrl Pts',(36.6014867094857,62.4906503371893,7.));
#9055=CARTESIAN_POINT('Ctrl Pts',(36.6014867094857,62.4906503371893,7.));
#9056=CARTESIAN_POINT('Ctrl Pts',(36.5435151257943,62.469467759113,7.));
#9057=CARTESIAN_POINT('Ctrl Pts',(36.4870642399016,62.4445712189867,7.));
#9058=CARTESIAN_POINT('Ctrl Pts',(36.4323542265403,62.4162476317281,7.));
#9059=CARTESIAN_POINT('Ctrl Pts',(36.3798534140913,62.3890677563965,7.));
#9060=CARTESIAN_POINT('Ctrl Pts',(36.3289552962381,62.3587308936442,7.));
#9061=CARTESIAN_POINT('Ctrl Pts',(36.2798868726465,62.3254556093666,7.));
#9062=CARTESIAN_POINT('Ctrl Pts',(36.2679928815471,62.3173898125454,7.));
#9063=CARTESIAN_POINT('Ctrl Pts',(36.2562127383534,62.3091553468018,7.));
#9064=CARTESIAN_POINT('Ctrl Pts',(36.2445552959537,62.3007599242845,7.));
#9065=CARTESIAN_POINT('Ctrl Pts',(36.1957177165516,62.2655882202566,7.));
#9066=CARTESIAN_POINT('Ctrl Pts',(36.1489972959672,62.2275717274992,7.));
#9067=CARTESIAN_POINT('Ctrl Pts',(36.1046246274702,62.18695536725,7.));
#9068=CARTESIAN_POINT('Ctrl Pts',(36.0760548584276,62.1608041333717,7.));
#9069=CARTESIAN_POINT('Ctrl Pts',(36.0484591245837,62.1335743678114,7.));
#9070=CARTESIAN_POINT('Ctrl Pts',(36.0219089278062,62.1053257248682,7.));
#9071=CARTESIAN_POINT('Ctrl Pts',(36.0108786781535,62.0935898576495,7.));
#9072=CARTESIAN_POINT('Ctrl Pts',(36.0000253752082,62.0816737591462,7.));
#9073=CARTESIAN_POINT('Ctrl Pts',(35.9893755104781,62.0696059771951,7.));
#9074=CARTESIAN_POINT('Ctrl Pts',(35.9490789958149,62.0239444063984,7.));
#9075=CARTESIAN_POINT('Ctrl Pts',(35.9116389218061,61.9760619068237,7.));
#9076=CARTESIAN_POINT('Ctrl Pts',(35.8772905528031,61.9262157916988,7.));
#9077=CARTESIAN_POINT('Ctrl Pts',(35.8449407200663,61.879269938557,7.));
#9078=CARTESIAN_POINT('Ctrl Pts',(35.8153331610225,61.8305812466288,7.));
#9079=CARTESIAN_POINT('Ctrl Pts',(35.7887106397826,61.7803460054875,7.));
#9080=CARTESIAN_POINT('Ctrl Pts',(35.7737867135809,61.7521853731881,7.));
#9081=CARTESIAN_POINT('Ctrl Pts',(35.7598016734775,61.7235384939834,7.));
#9082=CARTESIAN_POINT('Ctrl Pts',(35.7468054367926,61.694438914809,7.));
#9083=CARTESIAN_POINT('Ctrl Pts',(35.7353323250532,61.6687497301986,7.));
#9084=CARTESIAN_POINT('Ctrl Pts',(35.7246298898153,61.6427077107254,7.));
#9085=CARTESIAN_POINT('Ctrl Pts',(35.7147361494254,61.6163359620801,7.));
#9086=CARTESIAN_POINT('Ctrl Pts',(35.7113092942763,61.6072016853482,7.));
#9087=CARTESIAN_POINT('Ctrl Pts',(35.7079810604405,61.5980318762847,7.));
#9088=CARTESIAN_POINT('Ctrl Pts',(35.7047553335165,61.5888351564161,7.));
#9089=CARTESIAN_POINT('Ctrl Pts',(35.6867178549288,61.5374093408967,7.));
#9090=CARTESIAN_POINT('Ctrl Pts',(35.6718547723773,61.4850715942594,7.));
#9091=CARTESIAN_POINT('Ctrl Pts',(35.6603736328655,61.4320002226557,7.));
#9092=CARTESIAN_POINT('Ctrl Pts',(35.6484236463812,61.376761613917,7.));
#9093=CARTESIAN_POINT('Ctrl Pts',(35.6401374028487,61.3207271429549,7.));
#9094=CARTESIAN_POINT('Ctrl Pts',(35.6354225338152,61.2642334215162,7.));
#9095=CARTESIAN_POINT('Ctrl Pts',(35.6313797428141,61.2157925619653,7.));
#9096=CARTESIAN_POINT('Ctrl Pts',(35.6299638044983,61.1670135915243,7.));
#9097=CARTESIAN_POINT('Ctrl Pts',(35.631145692682,61.1181176249703,7.));
#9098=CARTESIAN_POINT('Ctrl Pts',(35.6313956015245,61.10777863134,7.));
#9099=CARTESIAN_POINT('Ctrl Pts',(35.631761749878,61.0974344544669,7.));
#9100=CARTESIAN_POINT('Ctrl Pts',(35.6322440035276,61.0870872703064,7.));
#9101=CARTESIAN_POINT('Ctrl Pts',(35.6327010250673,61.07728146367,7.));
#9102=CARTESIAN_POINT('Ctrl Pts',(35.6332621532599,61.0674777430613,7.));
#9103=CARTESIAN_POINT('Ctrl Pts',(35.633926304926,61.0576858816331,7.));
#9104=CARTESIAN_POINT('Ctrl Pts',(35.6376828416238,61.0023017146202,7.));
#9105=CARTESIAN_POINT('Ctrl Pts',(35.6447346044034,60.9472178542173,7.));
#9106=CARTESIAN_POINT('Ctrl Pts',(35.6549819397239,60.8927493083451,7.));
#9107=CARTESIAN_POINT('Ctrl Pts',(35.6651678665723,60.8386071722247,7.));
#9108=CARTESIAN_POINT('Ctrl Pts',(35.6785116889456,60.7850719093099,7.));
#9109=CARTESIAN_POINT('Ctrl Pts',(35.6949621065328,60.7324734616517,7.));
#9110=CARTESIAN_POINT('Ctrl Pts',(35.7034381133971,60.7053723378631,7.));
#9111=CARTESIAN_POINT('Ctrl Pts',(35.7127395650699,60.6785203540089,7.));
#9112=CARTESIAN_POINT('Ctrl Pts',(35.7228636595668,60.6519662119884,7.));
#9113=CARTESIAN_POINT('Ctrl Pts',(35.729336597374,60.6349885642713,7.));
#9114=CARTESIAN_POINT('Ctrl Pts',(35.7361458714274,60.6181327225475,7.));
#9115=CARTESIAN_POINT('Ctrl Pts',(35.7432913037141,60.6014120818791,7.));
#9116=CARTESIAN_POINT('Ctrl Pts',(35.7472460512846,60.5921577904089,7.));
#9117=CARTESIAN_POINT('Ctrl Pts',(35.7513048305114,60.5829426201213,7.));
#9118=CARTESIAN_POINT('Ctrl Pts',(35.7554642285598,60.5737764543622,7.));
#9119=CARTESIAN_POINT('Ctrl Pts',(35.7774851096866,60.5252485077169,7.));
#9120=CARTESIAN_POINT('Ctrl Pts',(35.8022567078192,60.4782333712025,7.));
#9121=CARTESIAN_POINT('Ctrl Pts',(35.8297164788478,60.4330247469795,7.));
#9122=CARTESIAN_POINT('Ctrl Pts',(35.8561999955546,60.3894233872428,7.));
#9123=CARTESIAN_POINT('Ctrl Pts',(35.885184546745,60.3475017175913,7.));
#9124=CARTESIAN_POINT('Ctrl Pts',(35.9166476265727,60.3075561250613,7.));
#9125=CARTESIAN_POINT('Ctrl Pts',(35.9476883749995,60.2681467253689,7.));
#9126=CARTESIAN_POINT('Ctrl Pts',(35.9811419663045,60.2306600543078,7.));
#9127=CARTESIAN_POINT('Ctrl Pts',(36.0170129303927,60.1954230459077,7.));
#9128=CARTESIAN_POINT('Ctrl Pts',(36.0245816752359,60.1879880652096,7.));
#9129=CARTESIAN_POINT('Ctrl Pts',(36.032258127223,60.1806534147408,7.));
#9130=CARTESIAN_POINT('Ctrl Pts',(36.0400398378379,60.1734202960296,7.));
#9131=CARTESIAN_POINT('Ctrl Pts',(36.0418843986206,60.1747896100343,12.));
#9132=CARTESIAN_POINT('Ctrl Pts',(36.0050164201975,60.2092194021295,12.));
#9133=CARTESIAN_POINT('Ctrl Pts',(35.970530490337,60.2458887958248,12.));
#9134=CARTESIAN_POINT('Ctrl Pts',(35.9384266540396,60.284477549107,12.));
#9135=CARTESIAN_POINT('Ctrl Pts',(35.9048737803915,60.3248080426691,12.));
#9136=CARTESIAN_POINT('Ctrl Pts',(35.8739222718032,60.367235525555,12.));
#9137=CARTESIAN_POINT('Ctrl Pts',(35.8456003269284,60.4114441609106,12.));
#9138=CARTESIAN_POINT('Ctrl Pts',(35.822531509269,60.447453020913,12.));
#9139=CARTESIAN_POINT('Ctrl Pts',(35.8012076873254,60.4846447356639,12.));
#9140=CARTESIAN_POINT('Ctrl Pts',(35.7816612733431,60.5228675433226,12.));
#9141=CARTESIAN_POINT('Ctrl Pts',(35.7723962559745,60.5409851876718,12.));
#9142=CARTESIAN_POINT('Ctrl Pts',(35.7635308224525,60.5593347066347,12.));
#9143=CARTESIAN_POINT('Ctrl Pts',(35.7550698125184,60.5779009239191,12.));
#9144=CARTESIAN_POINT('Ctrl Pts',(35.7509052769246,60.5870392742256,12.));
#9145=CARTESIAN_POINT('Ctrl Pts',(35.7468424156428,60.5962221164953,12.));
#9146=CARTESIAN_POINT('Ctrl Pts',(35.7428827925009,60.6054438991835,12.));
#9147=CARTESIAN_POINT('Ctrl Pts',(35.7213771706577,60.6555295169567,12.));
#9148=CARTESIAN_POINT('Ctrl Pts',(35.7028996109741,60.7067922526108,12.));
#9149=CARTESIAN_POINT('Ctrl Pts',(35.6874775015037,60.7589007140113,12.));
#9150=CARTESIAN_POINT('Ctrl Pts',(35.6718190442915,60.8118077508081,12.));
#9151=CARTESIAN_POINT('Ctrl Pts',(35.6593098359861,60.8655875772532,12.));
#9152=CARTESIAN_POINT('Ctrl Pts',(35.6500194644274,60.9199269281597,12.));
#9153=CARTESIAN_POINT('Ctrl Pts',(35.6432694742694,60.9594075970963,12.));
#9154=CARTESIAN_POINT('Ctrl Pts',(35.6382194885965,60.9991843980216,12.));
#9155=CARTESIAN_POINT('Ctrl Pts',(35.6349120573471,61.0391435635365,12.));
#9156=CARTESIAN_POINT('Ctrl Pts',(35.6338823280556,61.0515843733656,12.));
#9157=CARTESIAN_POINT('Ctrl Pts',(35.6330216116821,61.0640428834421,12.));
#9158=CARTESIAN_POINT('Ctrl Pts',(35.6323314840709,61.0765157072328,12.));
#9159=CARTESIAN_POINT('Ctrl Pts',(35.6318428044961,61.0853477176132,12.));
#9160=CARTESIAN_POINT('Ctrl Pts',(35.6314398256258,61.0941850365651,12.));
#9161=CARTESIAN_POINT('Ctrl Pts',(35.6311231926699,61.1030172266662,12.));
#9162=CARTESIAN_POINT('Ctrl Pts',(35.6290861226556,61.1598394534028,12.));
#9163=CARTESIAN_POINT('Ctrl Pts',(35.6306129377764,61.2165537780914,12.));
#9164=CARTESIAN_POINT('Ctrl Pts',(35.6357596535015,61.2728262770185,12.));
#9165=CARTESIAN_POINT('Ctrl Pts',(35.6395693536112,61.3144802864467,12.));
#9166=CARTESIAN_POINT('Ctrl Pts',(35.6453633414926,61.3558929560292,12.));
#9167=CARTESIAN_POINT('Ctrl Pts',(35.6531818362228,61.3969345912526,12.));
#9168=CARTESIAN_POINT('Ctrl Pts',(35.6634771070405,61.4509775706246,12.));
#9169=CARTESIAN_POINT('Ctrl Pts',(35.6772806211966,61.5043778812079,12.));
#9170=CARTESIAN_POINT('Ctrl Pts',(35.6943654532047,61.5569339522163,12.));
#9171=CARTESIAN_POINT('Ctrl Pts',(35.6992743975365,61.5720347636702,12.));
#9172=CARTESIAN_POINT('Ctrl Pts',(35.7044545648822,61.5870658381978,12.));
#9173=CARTESIAN_POINT('Ctrl Pts',(35.7099013372937,61.6020222566708,12.));
#9174=CARTESIAN_POINT('Ctrl Pts',(35.7133786045129,61.6115705652366,12.));
#9175=CARTESIAN_POINT('Ctrl Pts',(35.7169646166875,61.6210883547661,12.));
#9176=CARTESIAN_POINT('Ctrl Pts',(35.7206527154538,61.6305610151168,12.));
#9177=CARTESIAN_POINT('Ctrl Pts',(35.741210863881,61.6833633856151,12.));
#9178=CARTESIAN_POINT('Ctrl Pts',(35.7649737989335,61.7348681379307,12.));
#9179=CARTESIAN_POINT('Ctrl Pts',(35.7916535113302,61.7848697731404,12.));
#9180=CARTESIAN_POINT('Ctrl Pts',(35.8189754032657,61.8360749455755,12.));
#9181=CARTESIAN_POINT('Ctrl Pts',(35.8493565255119,61.885704663597,12.));
#9182=CARTESIAN_POINT('Ctrl Pts',(35.8825431628905,61.9335325548505,12.));
#9183=CARTESIAN_POINT('Ctrl Pts',(35.9035603484654,61.9638220853824,12.));
#9184=CARTESIAN_POINT('Ctrl Pts',(35.9257038476451,61.9933887985146,12.));
#9185=CARTESIAN_POINT('Ctrl Pts',(35.9489192641272,62.0221714965569,12.));
#9186=CARTESIAN_POINT('Ctrl Pts',(35.9669066080578,62.0444723796507,12.));
#9187=CARTESIAN_POINT('Ctrl Pts',(35.9855376042539,62.0663025564357,12.));
#9188=CARTESIAN_POINT('Ctrl Pts',(36.0047897502856,62.0876317224772,12.));
#9189=CARTESIAN_POINT('Ctrl Pts',(36.012342088825,62.0959988459368,12.));
#9190=CARTESIAN_POINT('Ctrl Pts',(36.0199840697868,62.1042822085475,12.));
#9191=CARTESIAN_POINT('Ctrl Pts',(36.0277122264198,62.1124784928348,12.));
#9192=CARTESIAN_POINT('Ctrl Pts',(36.0653511169384,62.1523973326821,12.));
#9193=CARTESIAN_POINT('Ctrl Pts',(36.1050438839167,62.1902655340814,12.));
#9194=CARTESIAN_POINT('Ctrl Pts',(36.1465954396251,62.2258970922048,12.));
#9195=CARTESIAN_POINT('Ctrl Pts',(36.1780674992975,62.2528852158588,12.));
#9196=CARTESIAN_POINT('Ctrl Pts',(36.2106066952077,62.2785900550806,12.));
#9197=CARTESIAN_POINT('Ctrl Pts',(36.2441396451565,62.302923491252,12.));
#9198=CARTESIAN_POINT('Ctrl Pts',(36.2555881953577,62.3112312174139,12.));
#9199=CARTESIAN_POINT('Ctrl Pts',(36.2671540121029,62.3193799486436,12.));
#9200=CARTESIAN_POINT('Ctrl Pts',(36.2788301516479,62.3273630575944,12.));
#9201=CARTESIAN_POINT('Ctrl Pts',(36.3291369928254,62.3617584151131,12.));
#9202=CARTESIAN_POINT('Ctrl Pts',(36.3813572738988,62.3929929516779,12.));
#9203=CARTESIAN_POINT('Ctrl Pts',(36.435243916463,62.420808390305,12.));
#9204=CARTESIAN_POINT('Ctrl Pts',(36.477313942842,62.4425242772317,12.));
#9205=CARTESIAN_POINT('Ctrl Pts',(36.520400652353,62.462155852514,12.));
#9206=CARTESIAN_POINT('Ctrl Pts',(36.5644016440947,62.4795640785526,12.));
#9207=CARTESIAN_POINT('Ctrl Pts',(36.5763904056452,62.4843072232575,12.));
#9208=CARTESIAN_POINT('Ctrl Pts',(36.5884471061642,62.4888852147505,12.));
#9209=CARTESIAN_POINT('Ctrl Pts',(36.6005686595627,62.493298971057,12.));
#9210=CARTESIAN_POINT('Ctrl Pts',(38.2654606892443,61.0010060912435,11.1934196736194));
#9211=CARTESIAN_POINT('Ctrl Pts',(38.266039559381,61.0676654072554,11.1976237798504));
#9212=CARTESIAN_POINT('Ctrl Pts',(38.261227176736,61.1342409365719,11.2018278860814));
#9213=CARTESIAN_POINT('Ctrl Pts',(38.2507314939788,61.1999080346088,11.2060319923124));
#9214=CARTESIAN_POINT('Ctrl Pts',(38.1846592947988,61.6132941554965,11.2324975925687));
#9215=CARTESIAN_POINT('Ctrl Pts',(37.8933620289359,61.9906798028051,11.2589631928249));
#9216=CARTESIAN_POINT('Ctrl Pts',(37.5101915853201,62.159307758159,11.2854287930812));
#9217=CARTESIAN_POINT('Ctrl Pts',(37.1270211417043,62.3279357135129,11.3118943933374));
#9218=CARTESIAN_POINT('Ctrl Pts',(36.6519775203357,62.2878059769123,11.3383599935937));
#9219=CARTESIAN_POINT('Ctrl Pts',(36.3025316813691,62.0572780893667,11.3648255938499));
#9220=CARTESIAN_POINT('Ctrl Pts',(35.9530858424026,61.8267502018212,11.3912911941062));
#9221=CARTESIAN_POINT('Ctrl Pts',(35.7292377858381,61.4058241633309,11.4177567943624));
#9222=CARTESIAN_POINT('Ctrl Pts',(35.7334597989713,60.9872181522691,11.4442223946187));
#9223=CARTESIAN_POINT('Ctrl Pts',(35.7376818121046,60.5686121412072,11.4706879948749));
#9224=CARTESIAN_POINT('Ctrl Pts',(35.9699738949356,60.1523261575738,11.4971535951312));
#9225=CARTESIAN_POINT('Ctrl Pts',(36.324001046026,59.9288846819595,11.5236191953874));
#9226=CARTESIAN_POINT('Ctrl Pts',(36.6780281971165,59.7054432063451,11.5500847956437));
#9227=CARTESIAN_POINT('Ctrl Pts',(37.1537904164665,59.6748462387498,11.5765503959));
#9228=CARTESIAN_POINT('Ctrl Pts',(37.5334777080569,59.8511946883994,11.6030159961562));
#9229=CARTESIAN_POINT('Ctrl Pts',(37.9131649996474,60.0275431380489,11.6294815964125));
#9230=CARTESIAN_POINT('Ctrl Pts',(38.1967773634784,60.4108370049434,11.6559471966687));
#9231=CARTESIAN_POINT('Ctrl Pts',(38.254503413935,60.8254188250444,11.682412796925));
#9232=CARTESIAN_POINT('Ctrl Pts',(38.2625060477097,60.8828928155507,11.6860817558231));
#9233=CARTESIAN_POINT('Ctrl Pts',(38.2661674583012,60.9409681173351,11.6897507147213));
#9234=CARTESIAN_POINT('Ctrl Pts',(38.265692625146,60.9991019336448,11.6934196736194));
#9235=CARTESIAN_POINT('Ctrl Pts',(37.3985143932002,62.4906503371893,12.));
#9236=CARTESIAN_POINT('Ctrl Pts',(37.8942694244048,62.3581139819837,11.9735343997437));
#9237=CARTESIAN_POINT('Ctrl Pts',(38.7344840401581,61.5612682306074,11.9206031992313));
#9238=CARTESIAN_POINT('Ctrl Pts',(38.4121214302094,59.844004859622,11.8412063984625));
#9239=CARTESIAN_POINT('Ctrl Pts',(36.7943020188853,59.1881053970058,11.7618095976937));
#9240=CARTESIAN_POINT('Ctrl Pts',(35.3660646636127,60.1897057700848,11.682412796925));
#9241=CARTESIAN_POINT('Ctrl Pts',(35.4332042679156,61.9338984512461,11.6030159961562));
#9242=CARTESIAN_POINT('Ctrl Pts',(36.9351725766615,62.8226872590694,11.5236191953874));
#9243=CARTESIAN_POINT('Ctrl Pts',(38.4963446155433,62.0428383794655,11.4442223946187));
#9244=CARTESIAN_POINT('Ctrl Pts',(38.6875729347394,60.3081058363185,11.3648255938499));
#9245=CARTESIAN_POINT('Ctrl Pts',(37.3336612770581,59.2068989562025,11.2854287930812));
#9246=CARTESIAN_POINT('Ctrl Pts',(35.674275793144,59.7473945384607,11.2060319923124));
#9247=CARTESIAN_POINT('Ctrl Pts',(35.2286846758555,61.4347583918496,11.1266351915436));
#9248=CARTESIAN_POINT('Ctrl Pts',(36.4048746001582,62.7240630519483,11.0472383907749));
#9249=CARTESIAN_POINT('Ctrl Pts',(38.1259460901839,62.4348581466976,10.9678415900061));
#9250=CARTESIAN_POINT('Ctrl Pts',(38.8161285440543,60.8319293192265,10.8884447892374));
#9251=CARTESIAN_POINT('Ctrl Pts',(37.8435049510768,59.3828836400038,10.8090479884686));
#9252=CARTESIAN_POINT('Ctrl Pts',(36.0985881761448,59.4144334603707,10.7296511876999));
#9253=CARTESIAN_POINT('Ctrl Pts',(35.1789839453008,60.8976929421152,10.6502543869311));
#9254=CARTESIAN_POINT('Ctrl Pts',(35.9266611854059,62.4746231970064,10.5708575861623));
#9255=CARTESIAN_POINT('Ctrl Pts',(37.6570635145305,62.7014228469088,10.4914607853936));
#9256=CARTESIAN_POINT('Ctrl Pts',(38.7858739486787,61.3704392327241,10.4120639846248));
#9257=CARTESIAN_POINT('Ctrl Pts',(38.27957929292,59.7002907201388,10.3326671838561));
#9258=CARTESIAN_POINT('Ctrl Pts',(36.6017314357652,59.2201273038239,10.2532703830873));
#9259=CARTESIAN_POINT('Ctrl Pts',(35.2885297244692,60.3695756983097,10.1738735823186));
#9260=CARTESIAN_POINT('Ctrl Pts',(35.5423117940134,62.0962270822451,10.0944767815498));
#9261=CARTESIAN_POINT('Ctrl Pts',(37.1307205496456,62.8191987044955,10.015079980781));
#9262=CARTESIAN_POINT('Ctrl Pts',(38.5994450469075,61.8765541832151,9.93568318001227));
#9263=CARTESIAN_POINT('Ctrl Pts',(38.6037545262822,60.1313574120612,9.85628637924352));
#9264=CARTESIAN_POINT('Ctrl Pts',(37.1397033266038,59.1814708785449,9.77688957847475));
#9265=CARTESIAN_POINT('Ctrl Pts',(35.5477434419229,59.8965890977775,9.697492777706));
#9266=CARTESIAN_POINT('Ctrl Pts',(35.2854371504848,61.6219660859452,9.61809597693724));
#9267=CARTESIAN_POINT('Ctrl Pts',(36.5929461293396,62.7778858980727,9.53869917616848));
#9268=CARTESIAN_POINT('Ctrl Pts',(38.2731448828566,62.3060146332763,9.45930237539972));
#9269=CARTESIAN_POINT('Ctrl Pts',(38.7876816305777,60.6383868939137,9.37990557463097));
#9270=CARTESIAN_POINT('Ctrl Pts',(37.6654582239625,59.3018447256656,9.30050877386221));
#9271=CARTESIAN_POINT('Ctrl Pts',(35.9339569010608,59.5200957523395,9.22111197309345));
#9272=CARTESIAN_POINT('Ctrl Pts',(35.1785009085212,61.0933142956965,9.14171517232468));
#9273=CARTESIAN_POINT('Ctrl Pts',(36.0907685782973,62.5810972236107,9.06231837155594));
#9274=CARTESIAN_POINT('Ctrl Pts',(37.8355083717689,62.6212643110322,8.98292157078716));
#9275=CARTESIAN_POINT('Ctrl Pts',(38.8152761996166,61.177039486023,8.90352477001842));
#9276=CARTESIAN_POINT('Ctrl Pts',(38.133018913039,59.5707221645484,8.82412796924964));
#9277=CARTESIAN_POINT('Ctrl Pts',(36.4133957729997,59.2730199680681,8.7447311684809));
#9278=CARTESIAN_POINT('Ctrl Pts',(35.2308546318304,60.5565022585226,8.66533436771213));
#9279=CARTESIAN_POINT('Ctrl Pts',(35.6681032743204,62.2460418321277,8.58593756694339));
#9280=CARTESIAN_POINT('Ctrl Pts',(37.3248067834402,62.7947346614924,8.50654076617462));
#9281=CARTESIAN_POINT('Ctrl Pts',(38.6841250914475,61.7002100751736,8.42714396540586));
#9282=CARTESIAN_POINT('Ctrl Pts',(38.501497256579,59.9645898830228,8.3477471646371));
#9283=CARTESIAN_POINT('Ctrl Pts',(36.9441331769611,59.1769685112003,8.26835036386835));
#9284=CARTESIAN_POINT('Ctrl Pts',(35.4379199892035,60.0584741079986,8.18895356309958));
#9285=CARTESIAN_POINT('Ctrl Pts',(35.3619122633665,61.802020338296,8.10955676233083));
#9286=CARTESIAN_POINT('Ctrl Pts',(36.7857009085434,62.8112556113961,8.03015996156207));
#9287=CARTESIAN_POINT('Ctrl Pts',(38.4056974842867,62.1621476630003,7.95076316079331));
#9288=CARTESIAN_POINT('Ctrl Pts',(38.7386698056889,60.449003746469,7.87136636002456));
#9289=CARTESIAN_POINT('Ctrl Pts',(37.4797562877515,59.2403419636054,7.79196955925579));
#9290=CARTESIAN_POINT('Ctrl Pts',(35.781588915646,59.642780556312,7.71257275848703));
#9291=CARTESIAN_POINT('Ctrl Pts',(35.198972363348,61.2878660162558,7.63317595771828));
#9292=CARTESIAN_POINT('Ctrl Pts',(36.2653346060404,62.6693750556854,7.55377915694951));
#9293=CARTESIAN_POINT('Ctrl Pts',(38.0043436572183,62.5224707006066,7.47438235618077));
#9294=CARTESIAN_POINT('Ctrl Pts',(38.823792183297,60.9815718137801,7.39498555541199));
#9295=CARTESIAN_POINT('Ctrl Pts',(37.9734323125936,59.4576589224692,7.31558875464325));
#9296=CARTESIAN_POINT('Ctrl Pts',(36.2317926566835,59.34565153722,7.23619195387447));
#9297=CARTESIAN_POINT('Ctrl Pts',(35.1935628251736,60.7487889689939,7.15679515310573));
#9298=CARTESIAN_POINT('Ctrl Pts',(35.8091530320326,62.3810003363012,7.07739835233696));
#9299=CARTESIAN_POINT('Ctrl Pts',(37.5152821321328,62.7506856707539,6.99800155156821));
#9300=CARTESIAN_POINT('Ctrl Pts',(38.7491915191595,61.5136008869869,6.91860475079945));
#9301=CARTESIAN_POINT('Ctrl Pts',(38.5040284498988,60.3818682235532,6.86567355028694));
#9302=CARTESIAN_POINT('Ctrl Pts',(38.1691371457681,59.9930408186118,6.83920795003069));
#9303=CARTESIAN_POINT('Ctrl Pts',(37.3745381337582,62.4009666332017,12.0535973499898));
#9304=CARTESIAN_POINT('Ctrl Pts',(37.8404664688749,62.2764042194359,12.0271317497335));
#9305=CARTESIAN_POINT('Ctrl Pts',(38.6301302592907,61.5275000411333,11.974200549221));
#9306=CARTESIAN_POINT('Ctrl Pts',(38.327162332183,59.9135544167064,11.8948037484522));
#9307=CARTESIAN_POINT('Ctrl Pts',(36.8066777028968,59.2971166089484,11.8154069476835));
#9308=CARTESIAN_POINT('Ctrl Pts',(35.4643690802756,60.2384565145609,11.7360101469147));
#9309=CARTESIAN_POINT('Ctrl Pts',(35.5274692851838,61.8777112692362,11.656613346146));
#9310=CARTESIAN_POINT('Ctrl Pts',(36.9390728987502,62.7130268251739,11.5772165453772));
#9311=CARTESIAN_POINT('Ctrl Pts',(38.4063182984381,61.9800969157513,11.4978197446085));
#9312=CARTESIAN_POINT('Ctrl Pts',(38.5860415221717,60.349733137622,11.4184229438397));
#9313=CARTESIAN_POINT('Ctrl Pts',(37.3135868523202,59.314779469023,11.3390261430709));
#9314=CARTESIAN_POINT('Ctrl Pts',(35.754036939214,59.8227565765222,11.2596293423022));
#9315=CARTESIAN_POINT('Ctrl Pts',(35.3352544471502,61.4086015633809,11.1802325415334));
#9316=CARTESIAN_POINT('Ctrl Pts',(36.4406798663939,62.620336262832,11.1008357407647));
#9317=CARTESIAN_POINT('Ctrl Pts',(38.0582044974928,62.3485311342313,11.0214389399959));
#9318=CARTESIAN_POINT('Ctrl Pts',(38.7068626883683,60.8420412089961,10.9420421392272));
#9319=CARTESIAN_POINT('Ctrl Pts',(37.7927561985761,59.480176178221,10.8626453384584));
#9320=CARTESIAN_POINT('Ctrl Pts',(36.1528209146396,59.5098278294428,10.7832485376896));
#9321=CARTESIAN_POINT('Ctrl Pts',(35.2885439204106,60.9038482172869,10.7038517369209));
#9322=CARTESIAN_POINT('Ctrl Pts',(35.9912377707188,62.3859037528029,10.6244549361521));
#9323=CARTESIAN_POINT('Ctrl Pts',(37.6175318586118,62.5990581872165,10.5450581353834));
#9324=CARTESIAN_POINT('Ctrl Pts',(38.6784283359853,61.3481521138723,10.4656613346146));
#9325=CARTESIAN_POINT('Ctrl Pts',(38.2025944842077,59.7784867209143,10.3862645338458));
#9326=CARTESIAN_POINT('Ctrl Pts',(36.6256929714507,59.3272119439262,10.3068677330771));
#9327=CARTESIAN_POINT('Ctrl Pts',(35.3914989673476,60.4075047156286,10.2274709323083));
#9328=CARTESIAN_POINT('Ctrl Pts',(35.630012446188,62.0302735308825,10.1480741315396));
#9329=CARTESIAN_POINT('Ctrl Pts',(37.1228558878337,62.7097481566334,10.0686773307708));
#9330=CARTESIAN_POINT('Ctrl Pts',(38.5032157766515,61.8238170722026,9.98928053000205));
#9331=CARTESIAN_POINT('Ctrl Pts',(38.5072659797234,60.1836186377881,9.90988372923329));
#9332=CARTESIAN_POINT('Ctrl Pts',(37.1312982233611,59.2908812508658,9.83048692846453));
#9333=CARTESIAN_POINT('Ctrl Pts',(35.6351173034423,59.9629749671699,9.75109012769577));
#9334=CARTESIAN_POINT('Ctrl Pts',(35.3885924555483,61.5845460596356,9.67169332692702));
#9335=CARTESIAN_POINT('Ctrl Pts',(36.6174362258027,62.6709209014287,9.59229652615825));
#9336=CARTESIAN_POINT('Ctrl Pts',(38.1965471951645,62.2274393854433,9.5128997253895));
#9337=CARTESIAN_POINT('Ctrl Pts',(38.6801272601809,60.6601431054483,9.43350292462072));
#9338=CARTESIAN_POINT('Ctrl Pts',(37.6254215072149,59.4040129039007,9.35410612385199));
#9339=CARTESIAN_POINT('Ctrl Pts',(35.9980945456068,59.6091330360123,9.27470932308321));
#9340=CARTESIAN_POINT('Ctrl Pts',(35.2880899451437,61.0877001720839,9.19531252231446));
#9341=CARTESIAN_POINT('Ctrl Pts',(36.1454717765028,62.4859718566574,9.1159157215457));
#9342=CARTESIAN_POINT('Ctrl Pts',(37.7852407269237,62.5237223241076,9.03651892077693));
#9343=CARTESIAN_POINT('Ctrl Pts',(38.7060616245369,61.166388104794,8.95712212000819));
#9344=CARTESIAN_POINT('Ctrl Pts',(38.0648517897441,59.6567135515266,8.87772531923942));
#9345=CARTESIAN_POINT('Ctrl Pts',(36.4486883698388,59.3769223642749,8.79832851847067));
#9346=CARTESIAN_POINT('Ctrl Pts',(35.3372938494982,60.5831849921908,8.7189317177019));
#9347=CARTESIAN_POINT('Ctrl Pts',(35.7482357849384,62.1710747988377,8.63953491693316));
#9348=CARTESIAN_POINT('Ctrl Pts',(37.3052650820707,62.6867559727741,8.56013811616439));
#9349=CARTESIAN_POINT('Ctrl Pts',(38.5828011155523,61.6580825632298,8.48074131539563));
#9350=CARTESIAN_POINT('Ctrl Pts',(38.4111609350391,60.0268845407732,8.40134451462687));
#9351=CARTESIAN_POINT('Ctrl Pts',(36.9474943918597,59.286649764771,8.32194771385811));
#9352=CARTESIAN_POINT('Ctrl Pts',(35.5319012889563,60.1151202981197,8.24255091308936));
#9353=CARTESIAN_POINT('Ctrl Pts',(35.460466505795,61.7537674951189,8.16315411232059));
#9354=CARTESIAN_POINT('Ctrl Pts',(36.7985940713259,62.7022829532355,8.08375731155185));
#9355=CARTESIAN_POINT('Ctrl Pts',(38.321124877714,62.0922280537981,8.00436051078308));
#9356=CARTESIAN_POINT('Ctrl Pts',(38.6340641916609,60.4821540402165,7.92496371001432));
#9357=CARTESIAN_POINT('Ctrl Pts',(37.4508921761529,59.3462104052308,7.84556690924556));
#9358=CARTESIAN_POINT('Ctrl Pts',(35.8548936554476,59.7244366090698,7.76617010847681));
#9359=CARTESIAN_POINT('Ctrl Pts',(35.3073297516298,61.270546847455,7.68677330770804));
#9360=CARTESIAN_POINT('Ctrl Pts',(36.3095351819244,62.5689385251475,7.60737650693929));
#9361=CARTESIAN_POINT('Ctrl Pts',(37.9439181754758,62.4308725504726,7.52797970617053));
#9362=CARTESIAN_POINT('Ctrl Pts',(38.7140652510224,60.9826805852232,7.44858290540177));
#9363=CARTESIAN_POINT('Ctrl Pts',(37.9148665866251,59.5504526669585,7.36918610463301));
#9364=CARTESIAN_POINT('Ctrl Pts',(36.2780112565242,59.4451841144575,7.28978930386425));
#9365=CARTESIAN_POINT('Ctrl Pts',(35.3022456738965,60.7639029299539,7.2103925030955));
#9366=CARTESIAN_POINT('Ctrl Pts',(35.8807993993102,62.2979136349593,7.13099570232673));
#9367=CARTESIAN_POINT('Ctrl Pts',(37.4842806371555,62.6453571535458,7.05159890155799));
#9368=CARTESIAN_POINT('Ctrl Pts',(38.6439528748439,61.4827005642654,6.97220210078921));
#9369=CARTESIAN_POINT('Ctrl Pts',(38.4135398411825,60.4190576711421,6.91927090027671));
#9370=CARTESIAN_POINT('Ctrl Pts',(38.0987969985339,60.053623749086,6.89280530002046));
#9371=CARTESIAN_POINT('Ctrl Pts',(37.3505618743161,62.311282929214,12.1071946999795));
#9372=CARTESIAN_POINT('Ctrl Pts',(37.7866635133451,62.194694456888,12.0807290997233));
#9373=CARTESIAN_POINT('Ctrl Pts',(38.5257764784233,61.4937318516591,12.0277978992108));
#9374=CARTESIAN_POINT('Ctrl Pts',(38.2422032341566,59.9831039737909,11.948401098442));
#9375=CARTESIAN_POINT('Ctrl Pts',(36.8190533869084,59.4061278208909,11.8690042976733));
#9376=CARTESIAN_POINT('Ctrl Pts',(35.5626734969386,60.287207259037,11.7896074969045));
#9377=CARTESIAN_POINT('Ctrl Pts',(35.621734302452,61.8215240872263,11.7102106961358));
#9378=CARTESIAN_POINT('Ctrl Pts',(36.942973220839,62.6033663912784,11.630813895367));
#9379=CARTESIAN_POINT('Ctrl Pts',(38.316291981333,61.9173554520372,11.5514170945982));
#9380=CARTESIAN_POINT('Ctrl Pts',(38.484510109604,60.3913604389255,11.4720202938295));
#9381=CARTESIAN_POINT('Ctrl Pts',(37.2935124275823,59.4226599818434,11.3926234930607));
#9382=CARTESIAN_POINT('Ctrl Pts',(35.8337980852841,59.8981186145839,11.313226692292));
#9383=CARTESIAN_POINT('Ctrl Pts',(35.4418242184449,61.3824447349122,11.2338298915232));
#9384=CARTESIAN_POINT('Ctrl Pts',(36.4764851326295,62.5166094737157,11.1544330907544));
#9385=CARTESIAN_POINT('Ctrl Pts',(37.9904629048017,62.2622041217649,11.0750362899857));
#9386=CARTESIAN_POINT('Ctrl Pts',(38.5975968326824,60.8521530987657,10.9956394892169));
#9387=CARTESIAN_POINT('Ctrl Pts',(37.7420074460753,59.5774687164382,10.9162426884482));
#9388=CARTESIAN_POINT('Ctrl Pts',(36.2070536531345,59.6052221985151,10.8368458876794));
#9389=CARTESIAN_POINT('Ctrl Pts',(35.3981038955203,60.9100034924584,10.7574490869106));
#9390=CARTESIAN_POINT('Ctrl Pts',(36.0558143560317,62.2971843085995,10.6780522861419));
#9391=CARTESIAN_POINT('Ctrl Pts',(37.5780002026931,62.4966935275242,10.5986554853731));
#9392=CARTESIAN_POINT('Ctrl Pts',(38.5709827232918,61.3258649950203,10.5192586846044));
#9393=CARTESIAN_POINT('Ctrl Pts',(38.1256096754954,59.8566827216898,10.4398618838356));
#9394=CARTESIAN_POINT('Ctrl Pts',(36.6496545071362,59.4342965840285,10.3604650830668));
#9395=CARTESIAN_POINT('Ctrl Pts',(35.4944682102261,60.4454337329474,10.2810682822981));
#9396=CARTESIAN_POINT('Ctrl Pts',(35.7177130983626,61.9643199795201,10.2016714815293));
#9397=CARTESIAN_POINT('Ctrl Pts',(37.1149912260218,62.6002976087714,10.1222746807606));
#9398=CARTESIAN_POINT('Ctrl Pts',(38.4069865063956,61.77107996119,10.0428778799918));
#9399=CARTESIAN_POINT('Ctrl Pts',(38.4107774331646,60.2358798635149,9.96348107922306));
#9400=CARTESIAN_POINT('Ctrl Pts',(37.1228931201185,59.4002916231868,9.8840842784543));
#9401=CARTESIAN_POINT('Ctrl Pts',(35.7224911649617,60.0293608365622,9.80468747768554));
#9402=CARTESIAN_POINT('Ctrl Pts',(35.4917477606118,61.547126033326,9.72529067691678));
#9403=CARTESIAN_POINT('Ctrl Pts',(36.6419263222659,62.5639559047847,9.64589387614802));
#9404=CARTESIAN_POINT('Ctrl Pts',(38.1199495074724,62.1488641376103,9.56649707537926));
#9405=CARTESIAN_POINT('Ctrl Pts',(38.572572889784,60.6818993169828,9.48710027461051));
#9406=CARTESIAN_POINT('Ctrl Pts',(37.5853847904674,59.506181082136,9.40770347384175));
#9407=CARTESIAN_POINT('Ctrl Pts',(36.0622321901529,59.6981703196852,9.32830667307299));
#9408=CARTESIAN_POINT('Ctrl Pts',(35.3976789817663,61.0820860484712,9.24890987230423));
#9409=CARTESIAN_POINT('Ctrl Pts',(36.2001749747083,62.3908464897039,9.16951307153548));
#9410=CARTESIAN_POINT('Ctrl Pts',(37.7349730820784,62.426180337183,9.0901162707667));
#9411=CARTESIAN_POINT('Ctrl Pts',(38.5968470494571,61.155736723565,9.01071946999796));
#9412=CARTESIAN_POINT('Ctrl Pts',(37.9966846664491,59.7427049385047,8.9313226692292));
#9413=CARTESIAN_POINT('Ctrl Pts',(36.483980966678,59.4808247604818,8.85192586846043));
#9414=CARTESIAN_POINT('Ctrl Pts',(35.443733067166,60.6098677258589,8.77252906769168));
#9415=CARTESIAN_POINT('Ctrl Pts',(35.8283682955564,62.0961077655477,8.69313226692291));
#9416=CARTESIAN_POINT('Ctrl Pts',(37.2857233807013,62.5787772840558,8.61373546615417));
#9417=CARTESIAN_POINT('Ctrl Pts',(38.481477139657,61.6159550512861,8.53433866538539));
#9418=CARTESIAN_POINT('Ctrl Pts',(38.3208246134992,60.0891791985236,8.45494186461666));
#9419=CARTESIAN_POINT('Ctrl Pts',(36.9508556067582,59.3963310183418,8.37554506384788));
#9420=CARTESIAN_POINT('Ctrl Pts',(35.6258825887091,60.1717664882409,8.29614826307914));
#9421=CARTESIAN_POINT('Ctrl Pts',(35.5590207482235,61.7055146519417,8.21675146231036));
#9422=CARTESIAN_POINT('Ctrl Pts',(36.8114872341082,62.5933102950749,8.13735466154161));
#9423=CARTESIAN_POINT('Ctrl Pts',(38.2365522711413,62.0223084445959,8.05795786077285));
#9424=CARTESIAN_POINT('Ctrl Pts',(38.5294585776331,60.5153043339638,7.9785610600041));
#9425=CARTESIAN_POINT('Ctrl Pts',(37.4220280645543,59.4520788468563,7.89916425923533));
#9426=CARTESIAN_POINT('Ctrl Pts',(35.9281983952493,59.8060926618274,7.81976745846658));
#9427=CARTESIAN_POINT('Ctrl Pts',(35.4156871399116,61.2532276786543,7.74037065769781));
#9428=CARTESIAN_POINT('Ctrl Pts',(36.3537357578083,62.4685019946095,7.66097385692906));
#9429=CARTESIAN_POINT('Ctrl Pts',(37.8834926937332,62.3392744003386,7.5815770561603));
#9430=CARTESIAN_POINT('Ctrl Pts',(38.6043383187478,60.9837893566664,7.50218025539154));
#9431=CARTESIAN_POINT('Ctrl Pts',(37.8563008606566,59.6432464114478,7.42278345462279));
#9432=CARTESIAN_POINT('Ctrl Pts',(36.3242298563649,59.5447166916951,7.34338665385402));
#9433=CARTESIAN_POINT('Ctrl Pts',(35.4109285226193,60.7790168909138,7.26398985308527));
#9434=CARTESIAN_POINT('Ctrl Pts',(35.9524457665878,62.2148269336175,7.18459305231651));
#9435=CARTESIAN_POINT('Ctrl Pts',(37.4532791421781,62.5400286363375,7.10519625154775));
#9436=CARTESIAN_POINT('Ctrl Pts',(38.5387142305284,61.451800241544,7.02579945077899));
#9437=CARTESIAN_POINT('Ctrl Pts',(38.3230512324662,60.4562471187309,6.97286825026648));
#9438=CARTESIAN_POINT('Ctrl Pts',(38.0284568512996,60.1142066795602,6.94640265001023));
#9439=CARTESIAN_POINT('Ctrl Pts',(37.3265856148741,62.2215992252264,12.1607920499693));
#9440=CARTESIAN_POINT('Ctrl Pts',(37.7328605578152,62.1129846943401,12.1343264497131));
#9441=CARTESIAN_POINT('Ctrl Pts',(38.421422697556,61.4599636621851,12.0813952492006));
#9442=CARTESIAN_POINT('Ctrl Pts',(38.1572441361301,60.0526535308751,12.0019984484318));
#9443=CARTESIAN_POINT('Ctrl Pts',(36.8314290709199,59.5151390328336,11.922601647663));
#9444=CARTESIAN_POINT('Ctrl Pts',(35.6609779136016,60.335958003513,11.8432048468943));
#9445=CARTESIAN_POINT('Ctrl Pts',(35.7159993197202,61.7653369052165,11.7638080461255));
#9446=CARTESIAN_POINT('Ctrl Pts',(36.9468735429277,62.4937059573828,11.6844112453568));
#9447=CARTESIAN_POINT('Ctrl Pts',(38.2262656642278,61.8546139883231,11.605014444588));
#9448=CARTESIAN_POINT('Ctrl Pts',(38.3829786970363,60.4329877402288,11.5256176438193));
#9449=CARTESIAN_POINT('Ctrl Pts',(37.2734380028445,59.530540494664,11.4462208430505));
#9450=CARTESIAN_POINT('Ctrl Pts',(35.9135592313542,59.9734806526454,11.3668240422817));
#9451=CARTESIAN_POINT('Ctrl Pts',(35.5483939897397,61.3562879064434,11.287427241513));
#9452=CARTESIAN_POINT('Ctrl Pts',(36.5122903988652,62.4128826845995,11.2080304407442));
#9453=CARTESIAN_POINT('Ctrl Pts',(37.9227213121106,62.1758771092985,11.1286336399754));
#9454=CARTESIAN_POINT('Ctrl Pts',(38.4883309769965,60.8622649885354,11.0492368392067));
#9455=CARTESIAN_POINT('Ctrl Pts',(37.6912586935746,59.6747612546554,10.9698400384379));
#9456=CARTESIAN_POINT('Ctrl Pts',(36.2612863916293,59.7006165675872,10.8904432376692));
#9457=CARTESIAN_POINT('Ctrl Pts',(35.5076638706299,60.91615876763,10.8110464369004));
#9458=CARTESIAN_POINT('Ctrl Pts',(36.1203909413447,62.208464864396,10.7316496361317));
#9459=CARTESIAN_POINT('Ctrl Pts',(37.5384685467744,62.3943288678319,10.6522528353629));
#9460=CARTESIAN_POINT('Ctrl Pts',(38.4635371105984,61.3035778761684,10.5728560345941));
#9461=CARTESIAN_POINT('Ctrl Pts',(38.0486248667831,59.9348787224654,10.4934592338254));
#9462=CARTESIAN_POINT('Ctrl Pts',(36.6736160428218,59.5413812241307,10.4140624330566));
#9463=CARTESIAN_POINT('Ctrl Pts',(35.5974374531045,60.4833627502664,10.3346656322879));
#9464=CARTESIAN_POINT('Ctrl Pts',(35.8054137505373,61.8983664281576,10.2552688315191));
#9465=CARTESIAN_POINT('Ctrl Pts',(37.1071265642099,62.4908470609093,10.1758720307504));
#9466=CARTESIAN_POINT('Ctrl Pts',(38.3107572361397,61.7183428501775,10.0964752299816));
#9467=CARTESIAN_POINT('Ctrl Pts',(38.3142888866059,60.2881410892416,10.0170784292128));
#9468=CARTESIAN_POINT('Ctrl Pts',(37.1144880168759,59.5097019955077,9.93768162844408));
#9469=CARTESIAN_POINT('Ctrl Pts',(35.8098650264812,60.0957467059546,9.8582848276753));
#9470=CARTESIAN_POINT('Ctrl Pts',(35.5949030656754,61.5097060070163,9.77888802690657));
#9471=CARTESIAN_POINT('Ctrl Pts',(36.666416418729,62.4569909081408,9.69949122613779));
#9472=CARTESIAN_POINT('Ctrl Pts',(38.0433518197804,62.0702888897772,9.62009442536904));
#9473=CARTESIAN_POINT('Ctrl Pts',(38.4650185193872,60.7036555285175,9.54069762460028));
#9474=CARTESIAN_POINT('Ctrl Pts',(37.5453480737198,59.608349260371,9.46130082383151));
#9475=CARTESIAN_POINT('Ctrl Pts',(36.1263698346989,59.7872076033581,9.38190402306277));
#9476=CARTESIAN_POINT('Ctrl Pts',(35.5072680183889,61.0764719248585,9.30250722229399));
#9477=CARTESIAN_POINT('Ctrl Pts',(36.2548781729138,62.2957211227506,9.22311042152524));
#9478=CARTESIAN_POINT('Ctrl Pts',(37.6847054372332,62.3286383502583,9.14371362075648));
#9479=CARTESIAN_POINT('Ctrl Pts',(38.4876324743773,61.145085342336,9.06431681998773));
#9480=CARTESIAN_POINT('Ctrl Pts',(37.9285175431542,59.8286963254828,8.98492001921897));
#9481=CARTESIAN_POINT('Ctrl Pts',(36.5192735635172,59.5847271566886,8.90552321845021));
#9482=CARTESIAN_POINT('Ctrl Pts',(35.5501722848338,60.6365504595271,8.82612641768145));
#9483=CARTESIAN_POINT('Ctrl Pts',(35.9085008061744,62.0211407322578,8.7467296169127));
#9484=CARTESIAN_POINT('Ctrl Pts',(37.2661816793318,62.4707985953374,8.66733281614393));
#9485=CARTESIAN_POINT('Ctrl Pts',(38.3801531637618,61.5738275393424,8.58793601537518));
#9486=CARTESIAN_POINT('Ctrl Pts',(38.2304882919593,60.1514738562739,8.50853921460641));
#9487=CARTESIAN_POINT('Ctrl Pts',(36.9542168216568,59.5060122719126,8.42914241383766));
#9488=CARTESIAN_POINT('Ctrl Pts',(35.7198638884619,60.2284126783621,8.3497456130689));
#9489=CARTESIAN_POINT('Ctrl Pts',(35.6575749906519,61.6572618087645,8.27034881230013));
#9490=CARTESIAN_POINT('Ctrl Pts',(36.8243803968906,62.4843376369143,8.19095201153138));
#9491=CARTESIAN_POINT('Ctrl Pts',(38.1519796645687,61.9523888353936,8.11155521076262));
#9492=CARTESIAN_POINT('Ctrl Pts',(38.4248529636051,60.5484546277113,8.03215840999387));
#9493=CARTESIAN_POINT('Ctrl Pts',(37.3931639529557,59.5579472884817,7.9527616092251));
#9494=CARTESIAN_POINT('Ctrl Pts',(36.0015031350509,59.8877487145852,7.87336480845634));
#9495=CARTESIAN_POINT('Ctrl Pts',(35.5240445281934,61.2359085098534,7.79396800768759));
#9496=CARTESIAN_POINT('Ctrl Pts',(36.3979363336923,62.3680654640716,7.71457120691883));
#9497=CARTESIAN_POINT('Ctrl Pts',(37.8230672119907,62.2476762502045,7.63517440615007));
#9498=CARTESIAN_POINT('Ctrl Pts',(38.4946113864732,60.9848981281097,7.55577760538131));
#9499=CARTESIAN_POINT('Ctrl Pts',(37.7977351346881,59.736040155937,7.47638080461256));
#9500=CARTESIAN_POINT('Ctrl Pts',(36.3704484562056,59.6442492689326,7.39698400384379));
#9501=CARTESIAN_POINT('Ctrl Pts',(35.5196113713422,60.7941308518738,7.31758720307504));
#9502=CARTESIAN_POINT('Ctrl Pts',(36.0240921338654,62.1317402322756,7.23819040230628));
#9503=CARTESIAN_POINT('Ctrl Pts',(37.4222776472008,62.4347001191294,7.15879360153751));
#9504=CARTESIAN_POINT('Ctrl Pts',(38.4334755862128,61.4208999188226,7.07939680076876));
#9505=CARTESIAN_POINT('Ctrl Pts',(38.2325626237499,60.4934365663198,7.02646560025625));
#9506=CARTESIAN_POINT('Ctrl Pts',(37.9581167040653,60.1747896100343,7.));
#9507=CARTESIAN_POINT('Ctrl Pts',(37.9581167040654,60.1747896100344,7.));
#9508=CARTESIAN_POINT('Ctrl Pts',(37.9952983193425,60.2095122972689,7.));
#9509=CARTESIAN_POINT('Ctrl Pts',(38.030093736105,60.2465469736412,7.00000000000001));
#9510=CARTESIAN_POINT('Ctrl Pts',(38.0624907335907,60.285580228722,7.));
#9511=CARTESIAN_POINT('Ctrl Pts',(38.0861473008313,60.3140826485481,7.));
#9512=CARTESIAN_POINT('Ctrl Pts',(38.108524595604,60.3436518415064,7.));
#9513=CARTESIAN_POINT('Ctrl Pts',(38.1296088098641,60.3741798612647,7.));
#9514=CARTESIAN_POINT('Ctrl Pts',(38.1372156330528,60.3851938476403,7.));
#9515=CARTESIAN_POINT('Ctrl Pts',(38.1446540641293,60.3963327374561,7.));
#9516=CARTESIAN_POINT('Ctrl Pts',(38.1519231749871,60.4075917730996,7.));
#9517=CARTESIAN_POINT('Ctrl Pts',(38.1589470201355,60.4184709197279,7.));
#9518=CARTESIAN_POINT('Ctrl Pts',(38.1658082714709,60.4294553565554,7.));
#9519=CARTESIAN_POINT('Ctrl Pts',(38.1725039719102,60.4405359306402,7.));
#9520=CARTESIAN_POINT('Ctrl Pts',(38.2003060308884,60.4865449743564,7.));
#9521=CARTESIAN_POINT('Ctrl Pts',(38.2252716256534,60.5342315312338,7.));
#9522=CARTESIAN_POINT('Ctrl Pts',(38.2473642891955,60.5832704980482,7.));
#9523=CARTESIAN_POINT('Ctrl Pts',(38.2562108223831,60.602907100334,7.));
#9524=CARTESIAN_POINT('Ctrl Pts',(38.264596306202,60.622761007359,7.));
#9525=CARTESIAN_POINT('Ctrl Pts',(38.2725167149498,60.6428129597575,7.));
#9526=CARTESIAN_POINT('Ctrl Pts',(38.2784982240726,60.6579562358211,7.));
#9527=CARTESIAN_POINT('Ctrl Pts',(38.2842144670349,60.6732124816751,7.));
#9528=CARTESIAN_POINT('Ctrl Pts',(38.2896633083293,60.6885736738829,7.));
#9529=CARTESIAN_POINT('Ctrl Pts',(38.2934212989835,60.699168076185,7.));
#9530=CARTESIAN_POINT('Ctrl Pts',(38.2970501510987,60.7098071283286,7.));
#9531=CARTESIAN_POINT('Ctrl Pts',(38.3005472133953,60.7204806917554,7.));
#9532=CARTESIAN_POINT('Ctrl Pts',(38.3184227142281,60.7750394258426,7.));
#9533=CARTESIAN_POINT('Ctrl Pts',(38.3328788172094,60.8305538025029,7.));
#9534=CARTESIAN_POINT('Ctrl Pts',(38.3438761322485,60.8866511828163,7.));
#9535=CARTESIAN_POINT('Ctrl Pts',(38.3545702608778,60.9412020071498,7.));
#9536=CARTESIAN_POINT('Ctrl Pts',(38.3619939749657,60.996305399071,7.));
#9537=CARTESIAN_POINT('Ctrl Pts',(38.3660665860702,61.0516480516369,7.));
#9538=CARTESIAN_POINT('Ctrl Pts',(38.368189487762,61.0804961315891,7.));
#9539=CARTESIAN_POINT('Ctrl Pts',(38.3694010761295,61.1094095982698,7.));
#9540=CARTESIAN_POINT('Ctrl Pts',(38.3696845161317,61.1383456671185,7.));
#9541=CARTESIAN_POINT('Ctrl Pts',(38.3698952158238,61.159855760073,7.));
#9542=CARTESIAN_POINT('Ctrl Pts',(38.3695929508201,61.1813783653529,7.));
#9543=CARTESIAN_POINT('Ctrl Pts',(38.3687693526119,61.2028960204543,7.));
#9544=CARTESIAN_POINT('Ctrl Pts',(38.3684307822493,61.2117416447144,7.));
#9545=CARTESIAN_POINT('Ctrl Pts',(38.3680040865067,61.2205849778292,7.));
#9546=CARTESIAN_POINT('Ctrl Pts',(38.367489464308,61.2294151520539,7.));
#9547=CARTESIAN_POINT('Ctrl Pts',(38.3642038264388,61.2857919560428,7.));
#9548=CARTESIAN_POINT('Ctrl Pts',(38.3573341222099,61.3417386973126,7.));
#9549=CARTESIAN_POINT('Ctrl Pts',(38.3468192062538,61.3969346591359,7.));
#9550=CARTESIAN_POINT('Ctrl Pts',(38.3365947460168,61.4506059313808,7.));
#9551=CARTESIAN_POINT('Ctrl Pts',(38.3229243946615,61.5035685013344,7.));
#9552=CARTESIAN_POINT('Ctrl Pts',(38.3060595485817,61.5556275919717,7.));
#9553=CARTESIAN_POINT('Ctrl Pts',(38.289366416515,61.6071566288313,7.));
#9554=CARTESIAN_POINT('Ctrl Pts',(38.2695429891662,61.6578012122871,7.));
#9555=CARTESIAN_POINT('Ctrl Pts',(38.2467856577159,61.7073672677544,7.));
#9556=CARTESIAN_POINT('Ctrl Pts',(38.2426929345048,61.7162813245776,7.));
#9557=CARTESIAN_POINT('Ctrl Pts',(38.2385049454474,61.7251610072543,7.));
#9558=CARTESIAN_POINT('Ctrl Pts',(38.2342234845564,61.7340034971475,7.));
#9559=CARTESIAN_POINT('Ctrl Pts',(38.2092258577334,61.785631029936,7.));
#9560=CARTESIAN_POINT('Ctrl Pts',(38.181176369423,61.8357231235783,7.));
#9561=CARTESIAN_POINT('Ctrl Pts',(38.1503630179971,61.8840718881913,7.));
#9562=CARTESIAN_POINT('Ctrl Pts',(38.1188247527132,61.9335581041968,7.));
#9563=CARTESIAN_POINT('Ctrl Pts',(38.0843906678409,61.9812189202986,7.));
#9564=CARTESIAN_POINT('Ctrl Pts',(38.0473150299976,62.0268231669924,7.));
#9565=CARTESIAN_POINT('Ctrl Pts',(38.010001760578,62.0727197082942,7.));
#9566=CARTESIAN_POINT('Ctrl Pts',(37.9700123861521,62.1165342272106,7.));
#9567=CARTESIAN_POINT('Ctrl Pts',(37.9275590465149,62.1580082916631,7.));
#9568=CARTESIAN_POINT('Ctrl Pts',(37.9190463881875,62.1663245876989,7.));
#9569=CARTESIAN_POINT('Ctrl Pts',(37.9104345261486,62.1745466789286,7.));
#9570=CARTESIAN_POINT('Ctrl Pts',(37.9017249777084,62.1826723164184,7.));
#9571=CARTESIAN_POINT('Ctrl Pts',(37.8942395061315,62.1896559423655,7.));
#9572=CARTESIAN_POINT('Ctrl Pts',(37.8866839245029,62.1965663133955,7.00000000000001));
#9573=CARTESIAN_POINT('Ctrl Pts',(37.8790673188461,62.2033951614644,7.00000000000001));
#9574=CARTESIAN_POINT('Ctrl Pts',(37.8337350725105,62.2440388598251,7.00000000000001));
#9575=CARTESIAN_POINT('Ctrl Pts',(37.7861671560676,62.2818695581554,7.));
#9576=CARTESIAN_POINT('Ctrl Pts',(37.7366352411399,62.3166479898931,7.));
#9577=CARTESIAN_POINT('Ctrl Pts',(37.6876101223678,62.3510705788266,7.));
#9578=CARTESIAN_POINT('Ctrl Pts',(37.6366602454136,62.3825039483299,7.));
#9579=CARTESIAN_POINT('Ctrl Pts',(37.5840075028679,62.4106883673523,7.));
#9580=CARTESIAN_POINT('Ctrl Pts',(37.5359111996324,62.4364337758206,7.));
#9581=CARTESIAN_POINT('Ctrl Pts',(37.4863931484431,62.4594684489109,7.));
#9582=CARTESIAN_POINT('Ctrl Pts',(37.4355994698743,62.4795640822624,7.));
#9583=CARTESIAN_POINT('Ctrl Pts',(37.4236139258784,62.4843059537796,7.));
#9584=CARTESIAN_POINT('Ctrl Pts',(37.4115572757692,62.4888840280696,7.));
#9585=CARTESIAN_POINT('Ctrl Pts',(37.3994324555187,62.4932989737207,7.));
#9586=CARTESIAN_POINT('Ctrl Pts',(38.262858827094,60.9992930900658,11.5565803263806));
#9587=CARTESIAN_POINT('Ctrl Pts',(38.2637004847103,60.8347863616281,11.5462594321935));
#9588=CARTESIAN_POINT('Ctrl Pts',(38.2338660674289,60.6705722536364,11.5359385380064));
#9589=CARTESIAN_POINT('Ctrl Pts',(38.1719364092029,60.5195175739837,11.5256176438193));
#9590=CARTESIAN_POINT('Ctrl Pts',(38.0131317989723,60.1321719917072,11.499152043563));
#9591=CARTESIAN_POINT('Ctrl Pts',(37.6432849009084,59.8313562431856,11.4726864433067));
#9592=CARTESIAN_POINT('Ctrl Pts',(37.2317149899614,59.7547717285883,11.4462208430505));
#9593=CARTESIAN_POINT('Ctrl Pts',(36.8201450790144,59.6781872139911,11.4197552427942));
#9594=CARTESIAN_POINT('Ctrl Pts',(36.3668521551843,59.8258339333183,11.393289642538));
#9595=CARTESIAN_POINT('Ctrl Pts',(36.0793448196668,60.1301251686148,11.3668240422817));
#9596=CARTESIAN_POINT('Ctrl Pts',(35.7918374841494,60.4344164039114,11.3403584420255));
#9597=CARTESIAN_POINT('Ctrl Pts',(35.6701157369445,60.8953521551774,11.3138928417692));
#9598=CARTESIAN_POINT('Ctrl Pts',(35.769904264863,61.3019191605031,11.287427241513));
#9599=CARTESIAN_POINT('Ctrl Pts',(35.8696927927815,61.7084861658288,11.2609616412567));
#9600=CARTESIAN_POINT('Ctrl Pts',(36.1909915958234,62.0606844252141,11.2344960410005));
#9601=CARTESIAN_POINT('Ctrl Pts',(36.5867128162185,62.19728262569,11.2080304407442));
#9602=CARTESIAN_POINT('Ctrl Pts',(36.9824340366137,62.3338808261658,11.181564840488));
#9603=CARTESIAN_POINT('Ctrl Pts',(37.4525776743621,62.2548789677322,11.1550992402317));
#9604=CARTESIAN_POINT('Ctrl Pts',(37.7819177707173,61.9964426850548,11.1286336399755));
#9605=CARTESIAN_POINT('Ctrl Pts',(38.0807968818689,61.7619094250274,11.1046158687772));
#9606=CARTESIAN_POINT('Ctrl Pts',(38.2637140489598,61.3795988828321,11.0805980975789));
#9607=CARTESIAN_POINT('Ctrl Pts',(38.2661611248493,60.9993291694622,11.0565803263806));
#9608=CARTESIAN_POINT('Ctrl Pts',(37.3985143932002,62.4906503371893,12.));
#9609=CARTESIAN_POINT('Ctrl Pts',(37.4565753641429,62.4694350973793,12.));
#9610=CARTESIAN_POINT('Ctrl Pts',(37.5130357004442,62.4445224525651,12.));
#9611=CARTESIAN_POINT('Ctrl Pts',(37.5676924564668,62.4162240295771,12.));
#9612=CARTESIAN_POINT('Ctrl Pts',(37.6214596500612,62.3883861757063,12.));
#9613=CARTESIAN_POINT('Ctrl Pts',(37.6734821325992,62.3572707264112,12.));
#9614=CARTESIAN_POINT('Ctrl Pts',(37.7235344744359,62.323129401659,12.));
#9615=CARTESIAN_POINT('Ctrl Pts',(37.7617983194481,62.297029157177,12.));
#9616=CARTESIAN_POINT('Ctrl Pts',(37.7989101998652,62.2691595088034,12.));
#9617=CARTESIAN_POINT('Ctrl Pts',(37.8347529085573,62.2396206687447,12.));
#9618=CARTESIAN_POINT('Ctrl Pts',(37.8541999136636,62.223593923155,12.));
#9619=CARTESIAN_POINT('Ctrl Pts',(37.8732730359128,62.2070756501353,12.));
#9620=CARTESIAN_POINT('Ctrl Pts',(37.8919514731521,62.1900809794233,12.));
#9621=CARTESIAN_POINT('Ctrl Pts',(37.8987570852979,62.183888858748,12.));
#9622=CARTESIAN_POINT('Ctrl Pts',(37.9055093420072,62.177634268839,12.));
#9623=CARTESIAN_POINT('Ctrl Pts',(37.9122002228248,62.1713248217773,12.));
#9624=CARTESIAN_POINT('Ctrl Pts',(37.9552919329894,62.1306896839688,12.));
#9625=CARTESIAN_POINT('Ctrl Pts',(37.99592410357,62.0877070014601,12.));
#9626=CARTESIAN_POINT('Ctrl Pts',(38.0338908144074,62.0426189031595,12.));
#9627=CARTESIAN_POINT('Ctrl Pts',(38.0710817224352,61.9984521244194,12.));
#9628=CARTESIAN_POINT('Ctrl Pts',(38.1057154302631,61.9522641490054,12.));
#9629=CARTESIAN_POINT('Ctrl Pts',(38.1375554515977,61.9042594600863,12.));
#9630=CARTESIAN_POINT('Ctrl Pts',(38.1614222094213,61.8682759325381,12.));
#9631=CARTESIAN_POINT('Ctrl Pts',(38.1837184412331,61.8312710996213,12.));
#9632=CARTESIAN_POINT('Ctrl Pts',(38.2043259620549,61.7933269031618,12.));
#9633=CARTESIAN_POINT('Ctrl Pts',(38.2147695285533,61.7740973829115,12.));
#9634=CARTESIAN_POINT('Ctrl Pts',(38.2247791139941,61.7546265712562,12.));
#9635=CARTESIAN_POINT('Ctrl Pts',(38.2343375868987,61.7349250499763,12.));
#9636=CARTESIAN_POINT('Ctrl Pts',(38.2388284553158,61.7256686613703,12.));
#9637=CARTESIAN_POINT('Ctrl Pts',(38.2432159908411,61.7163689867997,12.));
#9638=CARTESIAN_POINT('Ctrl Pts',(38.2474974558327,61.7070305402339,12.));
#9639=CARTESIAN_POINT('Ctrl Pts',(38.2707182451622,61.6563828995794,12.));
#9640=CARTESIAN_POINT('Ctrl Pts',(38.2908378900546,61.6045648896753,12.));
#9641=CARTESIAN_POINT('Ctrl Pts',(38.3076444894191,61.5517678108716,12.));
#9642=CARTESIAN_POINT('Ctrl Pts',(38.3201872490982,61.5123653680082,12.));
#9643=CARTESIAN_POINT('Ctrl Pts',(38.3308838777908,61.4724171835073,12.));
#9644=CARTESIAN_POINT('Ctrl Pts',(38.3396274582988,61.4320001324268,12.));
#9645=CARTESIAN_POINT('Ctrl Pts',(38.3513509813456,61.3778083480212,12.));
#9646=CARTESIAN_POINT('Ctrl Pts',(38.3595645636012,61.322772572725,12.));
#9647=CARTESIAN_POINT('Ctrl Pts',(38.3643265291895,61.2672129878584,12.));
#9648=CARTESIAN_POINT('Ctrl Pts',(38.3656783694134,61.251440576182,12.));
#9649=CARTESIAN_POINT('Ctrl Pts',(38.3667517690356,61.2356260411979,12.));
#9650=CARTESIAN_POINT('Ctrl Pts',(38.3675474235767,61.2197769762131,12.));
#9651=CARTESIAN_POINT('Ctrl Pts',(38.3680523552903,61.2097189734902,12.));
#9652=CARTESIAN_POINT('Ctrl Pts',(38.3684453123647,61.1996471963311,12.));
#9653=CARTESIAN_POINT('Ctrl Pts',(38.3687263443814,61.1895779167922,12.));
#9654=CARTESIAN_POINT('Ctrl Pts',(38.37027902643,61.1339458583207,12.));
#9655=CARTESIAN_POINT('Ctrl Pts',(38.3684258933253,61.0782788736024,12.));
#9656=CARTESIAN_POINT('Ctrl Pts',(38.363278118501,61.0228939036085,12.));
#9657=CARTESIAN_POINT('Ctrl Pts',(38.3581323580533,60.9675306063166,12.));
#9658=CARTESIAN_POINT('Ctrl Pts',(38.3496940648836,60.9124479589621,12.));
#9659=CARTESIAN_POINT('Ctrl Pts',(38.3380249089918,60.8579777150735,12.));
#9660=CARTESIAN_POINT('Ctrl Pts',(38.3309566697519,60.8249840076601,12.));
#9661=CARTESIAN_POINT('Ctrl Pts',(38.3227021146153,60.7922153602241,12.));
#9662=CARTESIAN_POINT('Ctrl Pts',(38.3132672161343,60.7597508750029,12.));
#9663=CARTESIAN_POINT('Ctrl Pts',(38.3083691800955,60.7428972523684,12.));
#9664=CARTESIAN_POINT('Ctrl Pts',(38.3031529430642,60.7261256827721,12.));
#9665=CARTESIAN_POINT('Ctrl Pts',(38.297618781103,60.7094478160791,12.));
#9666=CARTESIAN_POINT('Ctrl Pts',(38.2931418286532,60.695955978169,12.));
#9667=CARTESIAN_POINT('Ctrl Pts',(38.2884555408969,60.682522474535,12.));
#9668=CARTESIAN_POINT('Ctrl Pts',(38.2835691483438,60.6691775548151,12.));
#9669=CARTESIAN_POINT('Ctrl Pts',(38.2651246540536,60.6188049552136,12.));
#9670=CARTESIAN_POINT('Ctrl Pts',(38.2438103749989,60.5696218902247,12.));
#9671=CARTESIAN_POINT('Ctrl Pts',(38.2196736805654,60.5219417923354,12.));
#9672=CARTESIAN_POINT('Ctrl Pts',(38.2027561626283,60.4885225967821,12.));
#9673=CARTESIAN_POINT('Ctrl Pts',(38.1844512087422,60.4558422607284,12.));
#9674=CARTESIAN_POINT('Ctrl Pts',(38.1647645992855,60.4240198268023,12.));
#9675=CARTESIAN_POINT('Ctrl Pts',(38.1568082340768,60.4111587545744,12.));
#9676=CARTESIAN_POINT('Ctrl Pts',(38.1486247193956,60.3984362169079,12.));
#9677=CARTESIAN_POINT('Ctrl Pts',(38.1402273125037,60.3858793374464,12.));
#9678=CARTESIAN_POINT('Ctrl Pts',(38.1117607188582,60.3433124367721,12.));
#9679=CARTESIAN_POINT('Ctrl Pts',(38.0808089513278,60.302596341405,12.));
#9680=CARTESIAN_POINT('Ctrl Pts',(38.0473983152209,60.2640312972529,12.));
#9681=CARTESIAN_POINT('Ctrl Pts',(38.0268580056292,60.2403221423669,12.));
#9682=CARTESIAN_POINT('Ctrl Pts',(38.0053877095599,60.2174267034946,12.));
#9683=CARTESIAN_POINT('Ctrl Pts',(37.9829881816919,60.1954230486194,12.));
#9684=CARTESIAN_POINT('Ctrl Pts',(37.9754178676136,60.1879865267757,12.));
#9685=CARTESIAN_POINT('Ctrl Pts',(37.9677413813733,60.1806519277,12.));
#9686=CARTESIAN_POINT('Ctrl Pts',(37.9599612744701,60.1734202999498,12.));
#9687=CARTESIAN_POINT('Origin',(-30.5000004544854,61.0000009089708,13.1042117235887));
#9688=CARTESIAN_POINT('Ctrl Pts',(-28.9555478483729,60.998904555646,11.8542117235887));
#9689=CARTESIAN_POINT('Ctrl Pts',(-28.9549683234115,60.9279673044529,11.8505427646906));
#9690=CARTESIAN_POINT('Ctrl Pts',(-28.9916633700689,60.3459188121677,11.8204082055362));
#9691=CARTESIAN_POINT('Ctrl Pts',(-29.7317945371428,59.3456518975712,11.7638080461255));
#9692=CARTESIAN_POINT('Ctrl Pts',(-31.4734304143662,59.4576622462169,11.6844112453568));
#9693=CARTESIAN_POINT('Ctrl Pts',(-32.3237897025603,60.9815711985731,11.605014444588));
#9694=CARTESIAN_POINT('Ctrl Pts',(-31.5043420426642,62.5224688995475,11.5256176438193));
#9695=CARTESIAN_POINT('Ctrl Pts',(-29.7653355947949,62.6693724950502,11.4462208430505));
#9696=CARTESIAN_POINT('Ctrl Pts',(-28.9979639793271,61.6752163967683,11.389085536307));
#9697=CARTESIAN_POINT('Ctrl Pts',(-28.95512465531,61.0825681028789,11.3584158298197));
#9698=CARTESIAN_POINT('Ctrl Pts',(-28.9558310175942,61.0012275101006,11.3542117235887));
#9699=CARTESIAN_POINT('Ctrl Pts',(-28.9585595079704,61.0016981310381,11.8957882764113));
#9700=CARTESIAN_POINT('Ctrl Pts',(-28.9612298755554,60.648323232737,11.877594317095));
#9701=CARTESIAN_POINT('Ctrl Pts',(-29.2564293117112,59.7756635405519,11.8329347575225));
#9702=CARTESIAN_POINT('Ctrl Pts',(-30.7056985441377,59.1881155455272,11.7618095976937));
#9703=CARTESIAN_POINT('Ctrl Pts',(-32.1339334597978,60.189702858257,11.682412796925));
#9704=CARTESIAN_POINT('Ctrl Pts',(-32.0667947564276,61.9338993368959,11.6030159961562));
#9705=CARTESIAN_POINT('Ctrl Pts',(-30.5648280137456,62.8226831978452,11.5236191953874));
#9706=CARTESIAN_POINT('Ctrl Pts',(-29.2065973103977,62.144210646929,11.4545432888058));
#9707=CARTESIAN_POINT('Ctrl Pts',(-28.9606127181413,61.3131469695651,11.4119329824804));
#9708=CARTESIAN_POINT('Ctrl Pts',(-28.9590061309814,60.9991372717599,11.3957882764113));
#9709=CARTESIAN_POINT('Ctrl Pts',(-31.4581166072078,60.1747896100343,12.));
#9710=CARTESIAN_POINT('Ctrl Pts',(-31.7325625268923,60.4934365663198,11.9735343997437));
#9711=CARTESIAN_POINT('Ctrl Pts',(-31.9334916799992,61.4208825498456,11.9206031992312));
#9712=CARTESIAN_POINT('Ctrl Pts',(-30.9222701655777,62.4347054155654,11.8412063984625));
#9713=CARTESIAN_POINT('Ctrl Pts',(-29.5240966512065,62.1317340621968,11.7618095976937));
#9714=CARTESIAN_POINT('Ctrl Pts',(-29.0196118401734,60.7941339071551,11.682412796925));
#9715=CARTESIAN_POINT('Ctrl Pts',(-29.870449979774,59.6442495642431,11.6030159961562));
#9716=CARTESIAN_POINT('Ctrl Pts',(-31.2977335615945,59.736042879773,11.5236191953875));
#9717=CARTESIAN_POINT('Ctrl Pts',(-31.9946093360089,60.984897623943,11.4442223946187));
#9718=CARTESIAN_POINT('Ctrl Pts',(-31.3230658713695,62.2476747742231,11.3648255938499));
#9719=CARTESIAN_POINT('Ctrl Pts',(-29.8979371265018,62.368063365612,11.2854287930812));
#9720=CARTESIAN_POINT('Ctrl Pts',(-29.0240465052847,61.2359082626574,11.2060319923124));
#9721=CARTESIAN_POINT('Ctrl Pts',(-29.5015044610106,59.8877502435211,11.1266351915437));
#9722=CARTESIAN_POINT('Ctrl Pts',(-30.8931632952539,59.5579493568067,11.0472383907749));
#9723=CARTESIAN_POINT('Ctrl Pts',(-31.9248508497225,60.5484552540772,10.9678415900061));
#9724=CARTESIAN_POINT('Ctrl Pts',(-31.6519779347132,61.9523874931153,10.8884447892374));
#9725=CARTESIAN_POINT('Ctrl Pts',(-30.3243805492401,62.4843355300872,10.8090479884686));
#9726=CARTESIAN_POINT('Ctrl Pts',(-29.1575767956278,61.6572608795016,10.7296511876999));
#9727=CARTESIAN_POINT('Ctrl Pts',(-29.2198656054394,60.2284137705481,10.6502543869311));
#9728=CARTESIAN_POINT('Ctrl Pts',(-30.4542167896312,59.5060143892033,10.5708575861623));
#9729=CARTESIAN_POINT('Ctrl Pts',(-31.7304864517081,60.1514750582231,10.4914607853936));
#9730=CARTESIAN_POINT('Ctrl Pts',(-31.8801511114349,61.5738267264659,10.4120639846248));
#9731=CARTESIAN_POINT('Ctrl Pts',(-30.7661812053402,62.4707965113693,10.3326671838561));
#9732=CARTESIAN_POINT('Ctrl Pts',(-29.4085022558011,62.0211392855006,10.2532703830873));
#9733=CARTESIAN_POINT('Ctrl Pts',(-29.0501742421584,60.6365509744595,10.1738735823186));
#9734=CARTESIAN_POINT('Ctrl Pts',(-30.0192741477749,59.5847291619223,10.0944767815498));
#9735=CARTESIAN_POINT('Ctrl Pts',(-31.4285161307323,59.828697985034,10.015079980781));
#9736=CARTESIAN_POINT('Ctrl Pts',(-31.9876302697763,61.1450851367767,9.93568318001228));
#9737=CARTESIAN_POINT('Ctrl Pts',(-31.1847043702551,62.3286364677839,9.85628637924352));
#9738=CARTESIAN_POINT('Ctrl Pts',(-29.754879131779,62.295719286917,9.77688957847476));
#9739=CARTESIAN_POINT('Ctrl Pts',(-29.0072700365016,61.0764718165105,9.697492777706));
#9740=CARTESIAN_POINT('Ctrl Pts',(-29.6263709756404,59.7872093216982,9.61809597693724));
#9741=CARTESIAN_POINT('Ctrl Pts',(-31.0453472041895,59.6083512321252,9.53869917616848));
#9742=CARTESIAN_POINT('Ctrl Pts',(-31.9650163468267,60.7036559483929,9.45930237539973));
#9743=CARTESIAN_POINT('Ctrl Pts',(-31.5433502446561,62.0702873733452,9.37990557463096));
#9744=CARTESIAN_POINT('Ctrl Pts',(-30.1664167945084,62.4569888438123,9.30050877386222));
#9745=CARTESIAN_POINT('Ctrl Pts',(-29.0949049596229,61.5097052848431,9.22111197309344));
#9746=CARTESIAN_POINT('Ctrl Pts',(-29.3098666158607,60.0957479871428,9.14171517232469));
#9747=CARTESIAN_POINT('Ctrl Pts',(-30.6144877578078,59.5097041070293,9.06231837155593));
#9748=CARTESIAN_POINT('Ctrl Pts',(-31.814286927605,60.2881420978377,8.98292157078717));
#9749=CARTESIAN_POINT('Ctrl Pts',(-31.810755282145,61.7183418323962,8.90352477001841));
#9750=CARTESIAN_POINT('Ctrl Pts',(-30.6071263155684,62.4908449486163,8.82412796924966));
#9751=CARTESIAN_POINT('Ctrl Pts',(-29.3054153462294,61.8983651553043,8.74473116848089));
#9752=CARTESIAN_POINT('Ctrl Pts',(-29.0974393434502,60.4833634822796,8.66533436771214));
#9753=CARTESIAN_POINT('Ctrl Pts',(-30.1736164084215,59.541383290735,8.58593756694338));
#9754=CARTESIAN_POINT('Ctrl Pts',(-31.5486232841476,59.9348802316427,8.50654076617462));
#9755=CARTESIAN_POINT('Ctrl Pts',(-31.9635349402133,61.3035774459219,8.42714396540586));
#9756=CARTESIAN_POINT('Ctrl Pts',(-31.038467686846,62.3943268925278,8.3477471646371));
#9757=CARTESIAN_POINT('Ctrl Pts',(-29.6203920910319,62.2084631517229,8.26835036386835));
#9758=CARTESIAN_POINT('Ctrl Pts',(-29.0076658876651,60.9161588873213,8.18895356309959));
#9759=CARTESIAN_POINT('Ctrl Pts',(-29.7612873423824,59.7006184068838,8.10955676233082));
#9760=CARTESIAN_POINT('Ctrl Pts',(-31.1912576155117,59.6747631356287,8.03015996156207));
#9761=CARTESIAN_POINT('Ctrl Pts',(-31.9883287747311,60.8622651773506,7.95076316079331));
#9762=CARTESIAN_POINT('Ctrl Pts',(-31.42271990181,62.1758754553361,7.87136636002455));
#9763=CARTESIAN_POINT('Ctrl Pts',(-30.0122910040594,62.4128806598433,7.79196955925579));
#9764=CARTESIAN_POINT('Ctrl Pts',(-29.0483959298209,61.356287444995,7.71257275848703));
#9765=CARTESIAN_POINT('Ctrl Pts',(-29.4135607086101,59.9734820254295,7.63317595771828));
#9766=CARTESIAN_POINT('Ctrl Pts',(-30.7734374586131,59.5305427295906,7.55377915694951));
#9767=CARTESIAN_POINT('Ctrl Pts',(-31.8829767410026,60.4329882588164,7.47438235618076));
#9768=CARTESIAN_POINT('Ctrl Pts',(-31.7262636693236,61.8546133040846,7.39498555541199));
#9769=CARTESIAN_POINT('Ctrl Pts',(-30.4468737612165,62.4937028752995,7.31558875464325));
#9770=CARTESIAN_POINT('Ctrl Pts',(-29.2160007279719,61.7653375742715,7.23619195387448));
#9771=CARTESIAN_POINT('Ctrl Pts',(-29.1609800055816,60.3359557981246,7.15679515310573));
#9772=CARTESIAN_POINT('Ctrl Pts',(-30.3314293095686,59.5151467301147,7.07739835233696));
#9773=CARTESIAN_POINT('Ctrl Pts',(-31.6572409226063,60.0526449942841,6.99800155156821));
#9774=CARTESIAN_POINT('Ctrl Pts',(-31.9214261901007,61.459987134179,6.91860475079945));
#9775=CARTESIAN_POINT('Ctrl Pts',(-31.2328604609577,62.1129846943401,6.86567355028694));
#9776=CARTESIAN_POINT('Ctrl Pts',(-30.8265855180165,62.2215992252264,6.83920795003069));
#9777=CARTESIAN_POINT('Ctrl Pts',(-31.5284567544421,60.1142066795602,12.0535973499898));
#9778=CARTESIAN_POINT('Ctrl Pts',(-31.8230511356086,60.456247118731,12.0271317497335));
#9779=CARTESIAN_POINT('Ctrl Pts',(-32.0387315129518,61.4517815974228,11.974200549221));
#9780=CARTESIAN_POINT('Ctrl Pts',(-30.9532711184021,62.5400343216116,11.8948037484523));
#9781=CARTESIAN_POINT('Ctrl Pts',(-29.4524506226806,62.2148203105621,11.8154069476835));
#9782=CARTESIAN_POINT('Ctrl Pts',(-28.9109290329806,60.7790201704987,11.7360101469147));
#9783=CARTESIAN_POINT('Ctrl Pts',(-29.8242314988969,59.5447170086858,11.656613346146));
#9784=CARTESIAN_POINT('Ctrl Pts',(-31.3562991791851,59.6432493352542,11.5772165453772));
#9785=CARTESIAN_POINT('Ctrl Pts',(-32.1043361248594,60.9837888154864,11.4978197446084));
#9786=CARTESIAN_POINT('Ctrl Pts',(-31.3834912618011,62.3392728159979,11.4184229438397));
#9787=CARTESIAN_POINT('Ctrl Pts',(-29.8537366159328,62.4684997420914,11.3390261430709));
#9788=CARTESIAN_POINT('Ctrl Pts',(-28.9156892692619,61.2532274133103,11.2596293423022));
#9789=CARTESIAN_POINT('Ctrl Pts',(-29.4281998256653,59.8060943030103,11.1802325415334));
#9790=CARTESIAN_POINT('Ctrl Pts',(-30.922027365678,59.4520810670274,11.1008357407647));
#9791=CARTESIAN_POINT('Ctrl Pts',(-32.0294563156704,60.5153050063146,11.0214389399959));
#9792=CARTESIAN_POINT('Ctrl Pts',(-31.7365504213992,62.0223070037741,10.9420421392272));
#9793=CARTESIAN_POINT('Ctrl Pts',(-30.3114874047533,62.593308033575,10.8626453384584));
#9794=CARTESIAN_POINT('Ctrl Pts',(-29.0590226928225,61.7055136544568,10.7832485376896));
#9795=CARTESIAN_POINT('Ctrl Pts',(-29.1258844388494,60.1717676606099,10.7038517369209));
#9796=CARTESIAN_POINT('Ctrl Pts',(-30.4508555794923,59.3963332910735,10.6244549361521));
#9797=CARTESIAN_POINT('Ctrl Pts',(-31.8208226452567,60.089180488714,10.5450581353834));
#9798=CARTESIAN_POINT('Ctrl Pts',(-31.9814749437693,61.615954178732,10.4656613346146));
#9799=CARTESIAN_POINT('Ctrl Pts',(-30.7857228790223,62.5787750470932,10.3862645338458));
#9800=CARTESIAN_POINT('Ctrl Pts',(-29.3283698587183,62.0961062125767,10.3068677330771));
#9801=CARTESIAN_POINT('Ctrl Pts',(-28.9437351752985,60.6098682785952,10.2274709323083));
#9802=CARTESIAN_POINT('Ctrl Pts',(-29.9839816009398,59.4808269129298,10.1480741315396));
#9803=CARTESIAN_POINT('Ctrl Pts',(-31.496683157445,59.742706719892,10.0686773307708));
#9804=CARTESIAN_POINT('Ctrl Pts',(-32.096844690116,61.1557365029146,9.98928053000206));
#9805=CARTESIAN_POINT('Ctrl Pts',(-31.2349719438789,62.4261783165065,9.90988372923328));
#9806=CARTESIAN_POINT('Ctrl Pts',(-29.7001760110794,62.3908445190925,9.83048692846453));
#9807=CARTESIAN_POINT('Ctrl Pts',(-28.8976811551496,61.0820859321689,9.75109012769577));
#9808=CARTESIAN_POINT('Ctrl Pts',(-29.5622334219675,59.6981721641773,9.67169332692701));
#9809=CARTESIAN_POINT('Ctrl Pts',(-31.0853838642112,59.5061831986465,9.59229652615825));
#9810=CARTESIAN_POINT('Ctrl Pts',(-32.0725705648356,60.6818997676836,9.5128997253895));
#9811=CARTESIAN_POINT('Ctrl Pts',(-31.6199478238211,62.1488625098493,9.43350292462073));
#9812=CARTESIAN_POINT('Ctrl Pts',(-30.1419267327439,62.5639536889035,9.35410612385198));
#9813=CARTESIAN_POINT('Ctrl Pts',(-28.9917498007144,61.5471252581344,9.27470932308321));
#9814=CARTESIAN_POINT('Ctrl Pts',(-29.2224928781364,60.0293622118089,9.19531252231446));
#9815=CARTESIAN_POINT('Ctrl Pts',(-30.6228928491418,59.4002938897258,9.1159157215457));
#9816=CARTESIAN_POINT('Ctrl Pts',(-31.9107753374544,60.235880946157,9.03651892077695));
#9817=CARTESIAN_POINT('Ctrl Pts',(-31.9069844160591,61.7710788686882,8.95712212000818));
#9818=CARTESIAN_POINT('Ctrl Pts',(-30.614990966237,62.6002953414043,8.87772531923943));
#9819=CARTESIAN_POINT('Ctrl Pts',(-29.2177148183135,61.9643186132202,8.79832851847066));
#9820=CARTESIAN_POINT('Ctrl Pts',(-28.9944702464623,60.4454345187015,8.71893171770192));
#9821=CARTESIAN_POINT('Ctrl Pts',(-30.1496549066873,59.4342988023527,8.63953491693315));
#9822=CARTESIAN_POINT('Ctrl Pts',(-31.6256079837814,59.8566843416635,8.56013811616439));
#9823=CARTESIAN_POINT('Ctrl Pts',(-32.0709804006786,61.3258645331871,8.48074131539563));
#9824=CARTESIAN_POINT('Ctrl Pts',(-31.0779992867438,62.4966914072031,8.40134451462688));
#9825=CARTESIAN_POINT('Ctrl Pts',(-29.5558155972342,62.2971824701904,8.32194771385811));
#9826=CARTESIAN_POINT('Ctrl Pts',(-28.8981060677469,60.9100036209368,8.24255091308936));
#9827=CARTESIAN_POINT('Ctrl Pts',(-29.7070546807979,59.6052241728437,8.1631541123206));
#9828=CARTESIAN_POINT('Ctrl Pts',(-31.2420062959772,59.5774707355033,8.08375731155184));
#9829=CARTESIAN_POINT('Ctrl Pts',(-32.0975944758483,60.8521533014429,8.00436051078308));
#9830=CARTESIAN_POINT('Ctrl Pts',(-31.4904613980747,62.2622023463767,7.92496371001433));
#9831=CARTESIAN_POINT('Ctrl Pts',(-29.9764857893649,62.5166073003119,7.84556690924556));
#9832=CARTESIAN_POINT('Ctrl Pts',(-28.9418263080681,61.3824442395865,7.76617010847681));
#9833=CARTESIAN_POINT('Ctrl Pts',(-29.3337996781036,59.8981200881509,7.68677330770805));
#9834=CARTESIAN_POINT('Ctrl Pts',(-30.7935118505071,59.4226623808474,7.60737650693928));
#9835=CARTESIAN_POINT('Ctrl Pts',(-31.9845080170787,60.3913609955851,7.52797970617053));
#9836=CARTESIAN_POINT('Ctrl Pts',(-31.8162898470836,61.9173547175654,7.44858290540177));
#9837=CARTESIAN_POINT('Ctrl Pts',(-30.4429734622642,62.6033630829238,7.36918610463302));
#9838=CARTESIAN_POINT('Ctrl Pts',(-29.1217358212014,61.8215248054,7.28978930386425));
#9839=CARTESIAN_POINT('Ctrl Pts',(-29.0626757496122,60.2872048917399,7.2103925030955));
#9840=CARTESIAN_POINT('Ctrl Pts',(-30.3190536501883,59.4061360832683,7.13099570232673));
#9841=CARTESIAN_POINT('Ctrl Pts',(-31.7421997918225,59.9830948104855,7.05159890155798));
#9842=CARTESIAN_POINT('Ctrl Pts',(-32.0257802344842,61.4937570468508,6.97220210078922));
#9843=CARTESIAN_POINT('Ctrl Pts',(-31.2866634164875,62.194694456888,6.91927090027671));
#9844=CARTESIAN_POINT('Ctrl Pts',(-30.8505617774586,62.311282929214,6.89280530002046));
#9845=CARTESIAN_POINT('Ctrl Pts',(-31.5987969016763,60.053623749086,12.1071946999795));
#9846=CARTESIAN_POINT('Ctrl Pts',(-31.913539744325,60.4190576711421,12.0807290997233));
#9847=CARTESIAN_POINT('Ctrl Pts',(-32.1439713459044,61.4826806449998,12.0277978992108));
#9848=CARTESIAN_POINT('Ctrl Pts',(-30.9842720712264,62.645363227658,11.948401098442));
#9849=CARTESIAN_POINT('Ctrl Pts',(-29.3808045941547,62.2979065589272,11.8690042976732));
#9850=CARTESIAN_POINT('Ctrl Pts',(-28.8022462257878,60.7639064338425,11.7896074969045));
#9851=CARTESIAN_POINT('Ctrl Pts',(-29.7780130180198,59.4451844531285,11.7102106961357));
#9852=CARTESIAN_POINT('Ctrl Pts',(-31.4148647967757,59.5504557907356,11.630813895367));
#9853=CARTESIAN_POINT('Ctrl Pts',(-32.2140629137098,60.9826800070298,11.5514170945982));
#9854=CARTESIAN_POINT('Ctrl Pts',(-31.4439166522327,62.4308708577727,11.4720202938295));
#9855=CARTESIAN_POINT('Ctrl Pts',(-29.8095361053639,62.5689361185708,11.3926234930607));
#9856=CARTESIAN_POINT('Ctrl Pts',(-28.8073320332391,61.2705465639632,11.313226692292));
#9857=CARTESIAN_POINT('Ctrl Pts',(-29.3548951903199,59.7244383624994,11.2338298915232));
#9858=CARTESIAN_POINT('Ctrl Pts',(-30.9508914361021,59.3462127772481,11.1544330907544));
#9859=CARTESIAN_POINT('Ctrl Pts',(-32.1340617816184,60.4821547585518,11.0750362899857));
#9860=CARTESIAN_POINT('Ctrl Pts',(-31.8211229080852,62.092226514433,10.9956394892169));
#9861=CARTESIAN_POINT('Ctrl Pts',(-30.2985942602664,62.7022805370627,10.9162426884482));
#9862=CARTESIAN_POINT('Ctrl Pts',(-28.9604685900172,61.7537664294121,10.8368458876794));
#9863=CARTESIAN_POINT('Ctrl Pts',(-29.0319032722594,60.1151215506717,10.7574490869106));
#9864=CARTESIAN_POINT('Ctrl Pts',(-30.4474943693534,59.2866521929437,10.6780522861419));
#9865=CARTESIAN_POINT('Ctrl Pts',(-31.9111588388053,60.0268859192048,10.5986554853731));
#9866=CARTESIAN_POINT('Ctrl Pts',(-32.0827987761036,61.6580816309984,10.5192586846044));
#9867=CARTESIAN_POINT('Ctrl Pts',(-30.8052645527045,62.6867535828169,10.4398618838356));
#9868=CARTESIAN_POINT('Ctrl Pts',(-29.2482374616355,62.1710731396529,10.3604650830669));
#9869=CARTESIAN_POINT('Ctrl Pts',(-28.8372961084386,60.5831855827308,10.2810682822981));
#9870=CARTESIAN_POINT('Ctrl Pts',(-29.9486890541048,59.3769246639374,10.2016714815293));
#9871=CARTESIAN_POINT('Ctrl Pts',(-31.5648501841578,59.6567154547499,10.1222746807606));
#9872=CARTESIAN_POINT('Ctrl Pts',(-32.2060591104556,61.1663878690524,10.0428778799918));
#9873=CARTESIAN_POINT('Ctrl Pts',(-31.2852395175027,62.5237201652292,9.96348107922305));
#9874=CARTESIAN_POINT('Ctrl Pts',(-29.6454728903798,62.4859697512681,9.8840842784543));
#9875=CARTESIAN_POINT('Ctrl Pts',(-28.7880922737977,61.0877000478272,9.80468747768554));
#9876=CARTESIAN_POINT('Ctrl Pts',(-29.4980958682945,59.6091350066563,9.72529067691679));
#9877=CARTESIAN_POINT('Ctrl Pts',(-31.125420524233,59.4040151651678,9.64589387614802));
#9878=CARTESIAN_POINT('Ctrl Pts',(-32.1801247828446,60.6601435869742,9.56649707537927));
#9879=CARTESIAN_POINT('Ctrl Pts',(-31.6965454029862,62.2274376463535,9.4871002746105));
#9880=CARTESIAN_POINT('Ctrl Pts',(-30.1174366709794,62.6709185339946,9.40770347384176));
#9881=CARTESIAN_POINT('Ctrl Pts',(-28.888594641806,61.5845452314257,9.32830667307298));
#9882=CARTESIAN_POINT('Ctrl Pts',(-29.1351191404122,59.962976436475,9.24890987230424));
#9883=CARTESIAN_POINT('Ctrl Pts',(-30.6312979404757,59.2908836724224,9.16951307153546));
#9884=CARTESIAN_POINT('Ctrl Pts',(-32.0072637473038,60.1836197944763,9.09011627076672));
#9885=CARTESIAN_POINT('Ctrl Pts',(-32.0032135499732,61.8238159049804,9.01071946999795));
#9886=CARTESIAN_POINT('Ctrl Pts',(-30.6228556169057,62.7097457341922,8.9313226692292));
#9887=CARTESIAN_POINT('Ctrl Pts',(-29.1300142903975,62.0302720711362,8.85192586846043));
#9888=CARTESIAN_POINT('Ctrl Pts',(-28.8915011494745,60.4075055551233,8.77252906769168));
#9889=CARTESIAN_POINT('Ctrl Pts',(-30.1256934049531,59.3272143139703,8.69313226692292));
#9890=CARTESIAN_POINT('Ctrl Pts',(-31.7025926834152,59.7784884516844,8.61373546615416));
#9891=CARTESIAN_POINT('Ctrl Pts',(-32.178425861144,61.3481516204525,8.53433866538541));
#9892=CARTESIAN_POINT('Ctrl Pts',(-31.1175308866416,62.5990559218783,8.45494186461664));
#9893=CARTESIAN_POINT('Ctrl Pts',(-29.4912391034364,62.3859017886579,8.37554506384789));
#9894=CARTESIAN_POINT('Ctrl Pts',(-28.7885462478287,60.9038483545524,8.29614826307913));
#9895=CARTESIAN_POINT('Ctrl Pts',(-29.6528220192135,59.5098299388036,8.21675146231037));
#9896=CARTESIAN_POINT('Ctrl Pts',(-31.2927549764427,59.4801783353778,8.13735466154161));
#9897=CARTESIAN_POINT('Ctrl Pts',(-32.2068601769656,60.8420414255351,8.05795786077286));
#9898=CARTESIAN_POINT('Ctrl Pts',(-31.5582028943392,62.3485292374173,7.97856106000409));
#9899=CARTESIAN_POINT('Ctrl Pts',(-29.9406805746704,62.6203339407807,7.89916425923534));
#9900=CARTESIAN_POINT('Ctrl Pts',(-28.8352566863154,61.4086010341779,7.81976745846657));
#9901=CARTESIAN_POINT('Ctrl Pts',(-29.2540386475972,59.8227581508724,7.74037065769782));
#9902=CARTESIAN_POINT('Ctrl Pts',(-30.813586242401,59.3147820321042,7.66097385692905));
#9903=CARTESIAN_POINT('Ctrl Pts',(-32.086039293155,60.3497337323538,7.5815770561603));
#9904=CARTESIAN_POINT('Ctrl Pts',(-31.9063160248435,61.9800961310461,7.50218025539154));
#9905=CARTESIAN_POINT('Ctrl Pts',(-30.439073163312,62.713023290548,7.42278345462278));
#9906=CARTESIAN_POINT('Ctrl Pts',(-29.0274709144308,61.8777120365286,7.34338665385402));
#9907=CARTESIAN_POINT('Ctrl Pts',(-28.9643714936429,60.2384539853551,7.26398985308527));
#9908=CARTESIAN_POINT('Ctrl Pts',(-30.3066779908078,59.2971254364221,7.1845930523165));
#9909=CARTESIAN_POINT('Ctrl Pts',(-31.8271586610388,59.9135446266869,7.10519625154776));
#9910=CARTESIAN_POINT('Ctrl Pts',(-32.1301342788677,61.5275269595226,7.02579945077899));
#9911=CARTESIAN_POINT('Ctrl Pts',(-31.3404663720174,62.2764042194359,6.97286825026648));
#9912=CARTESIAN_POINT('Ctrl Pts',(-30.8745380369006,62.4009666332017,6.94640265001023));
#9913=CARTESIAN_POINT('Ctrl Pts',(-31.6691370489106,59.9930408186118,12.1607920499693));
#9914=CARTESIAN_POINT('Ctrl Pts',(-32.0040283530413,60.3818682235533,12.1343264497131));
#9915=CARTESIAN_POINT('Ctrl Pts',(-32.249211178857,61.513579692577,12.0813952492006));
#9916=CARTESIAN_POINT('Ctrl Pts',(-31.0152730240508,62.7506921337042,12.0019984484318));
#9917=CARTESIAN_POINT('Ctrl Pts',(-29.3091585656287,62.3809928072925,11.922601647663));
#9918=CARTESIAN_POINT('Ctrl Pts',(-28.6935634185949,60.7487926971862,11.8432048468943));
#9919=CARTESIAN_POINT('Ctrl Pts',(-29.7317945371428,59.3456518975712,11.7638080461255));
#9920=CARTESIAN_POINT('Ctrl Pts',(-31.4734304143662,59.4576622462169,11.6844112453568));
#9921=CARTESIAN_POINT('Ctrl Pts',(-32.3237897025603,60.9815711985731,11.605014444588));
#9922=CARTESIAN_POINT('Ctrl Pts',(-31.5043420426642,62.5224688995475,11.5256176438193));
#9923=CARTESIAN_POINT('Ctrl Pts',(-29.7653355947949,62.6693724950502,11.4462208430505));
#9924=CARTESIAN_POINT('Ctrl Pts',(-28.6989747972164,61.2878657146162,11.3668240422817));
#9925=CARTESIAN_POINT('Ctrl Pts',(-29.2815905549745,59.6427824219886,11.287427241513));
#9926=CARTESIAN_POINT('Ctrl Pts',(-30.9797555065263,59.2403444874688,11.2080304407442));
#9927=CARTESIAN_POINT('Ctrl Pts',(-32.2386672475663,60.4490045107891,11.1286336399754));
#9928=CARTESIAN_POINT('Ctrl Pts',(-31.9056953947712,62.1621460250917,11.0492368392067));
#9929=CARTESIAN_POINT('Ctrl Pts',(-30.2857011157796,62.8112530405505,10.9698400384379));
#9930=CARTESIAN_POINT('Ctrl Pts',(-28.8619144872119,61.8020192043673,10.8904432376692));
#9931=CARTESIAN_POINT('Ctrl Pts',(-28.9379221056694,60.0584754407334,10.8110464369004));
#9932=CARTESIAN_POINT('Ctrl Pts',(-30.4441331592145,59.176971094814,10.7316496361317));
#9933=CARTESIAN_POINT('Ctrl Pts',(-32.0014950323538,59.9645913496956,10.6522528353629));
#9934=CARTESIAN_POINT('Ctrl Pts',(-32.184122608438,61.7002090832647,10.5728560345941));
#9935=CARTESIAN_POINT('Ctrl Pts',(-30.8248062263866,62.7947321185406,10.4934592338254));
#9936=CARTESIAN_POINT('Ctrl Pts',(-29.1681050645527,62.2460400667291,10.4140624330566));
#9937=CARTESIAN_POINT('Ctrl Pts',(-28.7308570415787,60.5565028868665,10.3346656322879));
#9938=CARTESIAN_POINT('Ctrl Pts',(-29.9133965072697,59.2730224149448,10.2552688315191));
#9939=CARTESIAN_POINT('Ctrl Pts',(-31.6330172108705,59.5707241896079,10.1758720307503));
#9940=CARTESIAN_POINT('Ctrl Pts',(-32.3152735307953,61.1770392351902,10.0964752299816));
#9941=CARTESIAN_POINT('Ctrl Pts',(-31.3355070911265,62.621262013952,10.0170784292128));
#9942=CARTESIAN_POINT('Ctrl Pts',(-29.5907697696803,62.5810949834436,9.93768162844407));
#9943=CARTESIAN_POINT('Ctrl Pts',(-28.6785033924458,61.0933141634855,9.85828482767532));
#9944=CARTESIAN_POINT('Ctrl Pts',(-29.4339583146216,59.5200978491355,9.77888802690655));
#9945=CARTESIAN_POINT('Ctrl Pts',(-31.1654571842548,59.3018471316891,9.69949122613779));
#9946=CARTESIAN_POINT('Ctrl Pts',(-32.2876790008536,60.6383874062648,9.62009442536903));
#9947=CARTESIAN_POINT('Ctrl Pts',(-31.7731429821512,62.3060127828575,9.54069762460027));
#9948=CARTESIAN_POINT('Ctrl Pts',(-30.0929466092149,62.7778833790858,9.46130082383153));
#9949=CARTESIAN_POINT('Ctrl Pts',(-28.7854394828975,61.6219652047169,9.38190402306276));
#9950=CARTESIAN_POINT('Ctrl Pts',(-29.0477454026879,59.8965906611411,9.302507222294));
#9951=CARTESIAN_POINT('Ctrl Pts',(-30.6397030318096,59.1814734551189,9.22311042152524));
#9952=CARTESIAN_POINT('Ctrl Pts',(-32.1037521571533,60.1313586427957,9.14371362075649));
#9953=CARTESIAN_POINT('Ctrl Pts',(-32.0994426838873,61.8765529412724,9.06431681998773));
#9954=CARTESIAN_POINT('Ctrl Pts',(-30.6307202675744,62.8191961269803,8.98492001921896));
#9955=CARTESIAN_POINT('Ctrl Pts',(-29.0423137624815,62.096225529052,8.90552321845021));
#9956=CARTESIAN_POINT('Ctrl Pts',(-28.7885320524867,60.3695765915453,8.82612641768145));
#9957=CARTESIAN_POINT('Ctrl Pts',(-30.1017319032188,59.2201298255878,8.7467296169127));
#9958=CARTESIAN_POINT('Ctrl Pts',(-31.779577383049,59.7002925617053,8.66733281614393));
#9959=CARTESIAN_POINT('Ctrl Pts',(-32.2858713216092,61.3704387077177,8.58793601537518));
#9960=CARTESIAN_POINT('Ctrl Pts',(-31.1570624865395,62.7014204365536,8.50853921460641));
#9961=CARTESIAN_POINT('Ctrl Pts',(-29.4266626096386,62.4746211071253,8.42914241383766));
#9962=CARTESIAN_POINT('Ctrl Pts',(-28.6789864279106,60.8976930881679,8.3497456130689));
#9963=CARTESIAN_POINT('Ctrl Pts',(-29.598589357629,59.4144357047635,8.27034881230013));
#9964=CARTESIAN_POINT('Ctrl Pts',(-31.3435036569082,59.3828859352524,8.19095201153138));
#9965=CARTESIAN_POINT('Ctrl Pts',(-32.3161258780829,60.8319295496273,8.11155521076262));
#9966=CARTESIAN_POINT('Ctrl Pts',(-31.6259443906039,62.434856128458,8.03215840999387));
#9967=CARTESIAN_POINT('Ctrl Pts',(-29.9048753599759,62.7240605812493,7.95276160922511));
#9968=CARTESIAN_POINT('Ctrl Pts',(-28.7286870645626,61.4347578287694,7.87336480845635));
#9969=CARTESIAN_POINT('Ctrl Pts',(-29.1742776170907,59.7473962135938,7.79396800768759));
#9970=CARTESIAN_POINT('Ctrl Pts',(-30.8336606342949,59.2069016833609,7.71457120691883));
#9971=CARTESIAN_POINT('Ctrl Pts',(-32.1875705692311,60.3081064691224,7.63517440615007));
#9972=CARTESIAN_POINT('Ctrl Pts',(-31.9963422026035,62.0428375445269,7.55577760538131));
#9973=CARTESIAN_POINT('Ctrl Pts',(-30.4351728643597,62.8226834981722,7.47638080461256));
#9974=CARTESIAN_POINT('Ctrl Pts',(-28.9332060076603,61.9338992676572,7.3969840038438));
#9975=CARTESIAN_POINT('Ctrl Pts',(-28.8660672376735,60.1897030789704,7.31758720307504));
#9976=CARTESIAN_POINT('Ctrl Pts',(-30.2943023314275,59.1881147895758,7.23819040230628));
#9977=CARTESIAN_POINT('Ctrl Pts',(-31.912117530255,59.8439944428882,7.15879360153752));
#9978=CARTESIAN_POINT('Ctrl Pts',(-32.2344883232512,61.5612968721944,7.07939680076876));
#9979=CARTESIAN_POINT('Ctrl Pts',(-31.3942693275472,62.3581139819837,7.02646560025625));
#9980=CARTESIAN_POINT('Ctrl Pts',(-30.8985142963427,62.4906503371893,7.));
#9981=CARTESIAN_POINT('Ctrl Pts',(-30.8985142963427,62.4906503371893,7.));
#9982=CARTESIAN_POINT('Ctrl Pts',(-30.9564858800341,62.469467759113,7.));
#9983=CARTESIAN_POINT('Ctrl Pts',(-31.0129367971192,62.444571422953,7.));
#9984=CARTESIAN_POINT('Ctrl Pts',(-31.0676468647548,62.4162481947241,7.));
#9985=CARTESIAN_POINT('Ctrl Pts',(-31.1201480136775,62.3890685166963,7.));
#9986=CARTESIAN_POINT('Ctrl Pts',(-31.1710464719502,62.3587319599862,7.));
#9987=CARTESIAN_POINT('Ctrl Pts',(-31.2201152290908,62.3254570518,7.));
#9988=CARTESIAN_POINT('Ctrl Pts',(-31.2320090239056,62.3173915340753,7.));
#9989=CARTESIAN_POINT('Ctrl Pts',(-31.243788974948,62.3091573598599,7.));
#9990=CARTESIAN_POINT('Ctrl Pts',(-31.2554462305656,62.3007622396033,7.));
#9991=CARTESIAN_POINT('Ctrl Pts',(-31.3042838597831,62.265591202459,7.));
#9992=CARTESIAN_POINT('Ctrl Pts',(-31.351004346059,62.2275754723662,7.));
#9993=CARTESIAN_POINT('Ctrl Pts',(-31.3953770890746,62.1869599242213,7.));
#9994=CARTESIAN_POINT('Ctrl Pts',(-31.4239470320247,62.1608090979589,7.));
#9995=CARTESIAN_POINT('Ctrl Pts',(-31.4515429348598,62.1335797510254,7.));
#9996=CARTESIAN_POINT('Ctrl Pts',(-31.478093292874,62.105331526047,7.));
#9997=CARTESIAN_POINT('Ctrl Pts',(-31.489123483496,62.0935959665461,7.));
#9998=CARTESIAN_POINT('Ctrl Pts',(-31.4999767300769,62.0816801798856,7.));
#9999=CARTESIAN_POINT('Ctrl Pts',(-31.5106265413506,62.069612712104,7.));
#10000=CARTESIAN_POINT('Ctrl Pts',(-31.5509231662219,62.0239519759795,7.));
#10001=CARTESIAN_POINT('Ctrl Pts',(-31.588363348201,61.9760703103626,7.));
#10002=CARTESIAN_POINT('Ctrl Pts',(-31.6227118149399,61.926224979998,7.));
#10003=CARTESIAN_POINT('Ctrl Pts',(-31.6550616208668,61.8792800384401,7.));
#10004=CARTESIAN_POINT('Ctrl Pts',(-31.6846691641592,61.8305922273567,7.));
#10005=CARTESIAN_POINT('Ctrl Pts',(-31.7112916765866,61.7803577925314,7.));
#10006=CARTESIAN_POINT('Ctrl Pts',(-31.7262156682868,61.7521974793213,7.));
#10007=CARTESIAN_POINT('Ctrl Pts',(-31.7402007672184,61.7235508911698,7.));
#10008=CARTESIAN_POINT('Ctrl Pts',(-31.7531970546675,61.6944515674475,7.));
#10009=CARTESIAN_POINT('Ctrl Pts',(-31.7646701638364,61.6687627144487,7.));
#10010=CARTESIAN_POINT('Ctrl Pts',(-31.7753725965823,61.6427210017549,7.));
#10011=CARTESIAN_POINT('Ctrl Pts',(-31.7852663340277,61.6163495293439,7.));
#10012=CARTESIAN_POINT('Ctrl Pts',(-31.7886931081835,61.6072155614569,7.));
#10013=CARTESIAN_POINT('Ctrl Pts',(-31.7920212658957,61.5980460583104,7.));
#10014=CARTESIAN_POINT('Ctrl Pts',(-31.7952469213182,61.5888496418364,7.));
#10015=CARTESIAN_POINT('Ctrl Pts',(-31.8132846487367,61.5374236735095,7.));
#10016=CARTESIAN_POINT('Ctrl Pts',(-31.8281478983908,61.48508562488,7.));
#10017=CARTESIAN_POINT('Ctrl Pts',(-31.8396291113438,61.4320137695703,7.));
#10018=CARTESIAN_POINT('Ctrl Pts',(-31.85157906877,61.3767751450384,7.));
#10019=CARTESIAN_POINT('Ctrl Pts',(-31.85986524638,61.3207404753801,7.));
#10020=CARTESIAN_POINT('Ctrl Pts',(-31.8645800200301,61.2642464109126,7.));
#10021=CARTESIAN_POINT('Ctrl Pts',(-31.8686227264298,61.2158052909525,7.));
#10022=CARTESIAN_POINT('Ctrl Pts',(-31.8700385621213,61.1670259543789,7.));
#10023=CARTESIAN_POINT('Ctrl Pts',(-31.8688565577733,61.1181295393871,7.));
#10024=CARTESIAN_POINT('Ctrl Pts',(-31.868606626162,61.1077905251438,7.));
#10025=CARTESIAN_POINT('Ctrl Pts',(-31.8682404561029,61.0974463240524,7.));
#10026=CARTESIAN_POINT('Ctrl Pts',(-31.8677581818511,61.0870991122439,7.));
#10027=CARTESIAN_POINT('Ctrl Pts',(-31.8673011406198,61.0772932758173,7.));
#10028=CARTESIAN_POINT('Ctrl Pts',(-31.8667399936491,61.0674895221365,7.));
#10029=CARTESIAN_POINT('Ctrl Pts',(-31.8660758241674,61.0576976247384,7.));
#10030=CARTESIAN_POINT('Ctrl Pts',(-31.862319158482,61.002312838224,7.));
#10031=CARTESIAN_POINT('Ctrl Pts',(-31.8552672477466,60.9472282685123,7.));
#10032=CARTESIAN_POINT('Ctrl Pts',(-31.8450197527671,60.8927589607544,7.));
#10033=CARTESIAN_POINT('Ctrl Pts',(-31.8348336855303,60.838616164659,7.));
#10034=CARTESIAN_POINT('Ctrl Pts',(-31.821489722527,60.7850801875411,7.));
#10035=CARTESIAN_POINT('Ctrl Pts',(-31.8050391708323,60.7324810059822,7.));
#10036=CARTESIAN_POINT('Ctrl Pts',(-31.7965631057855,60.7053795389572,7.));
#10037=CARTESIAN_POINT('Ctrl Pts',(-31.7872615997922,60.678527205999,7.));
#10038=CARTESIAN_POINT('Ctrl Pts',(-31.777137455796,60.6519727136265,7.));
#10039=CARTESIAN_POINT('Ctrl Pts',(-31.770664623495,60.6349952016486,7.));
#10040=CARTESIAN_POINT('Ctrl Pts',(-31.763855471171,60.6181394899953,7.));
#10041=CARTESIAN_POINT('Ctrl Pts',(-31.7567101770918,60.6014189741001,7.));
#10042=CARTESIAN_POINT('Ctrl Pts',(-31.7527555722727,60.5921649067371,7.));
#10043=CARTESIAN_POINT('Ctrl Pts',(-31.7486969449158,60.5829499588588,7.));
#10044=CARTESIAN_POINT('Ctrl Pts',(-31.7445377056315,60.5737840089047,7.));
#10045=CARTESIAN_POINT('Ctrl Pts',(-31.7225168169364,60.5252553357689,7.));
#10046=CARTESIAN_POINT('Ctrl Pts',(-31.6977452271191,60.4782394860453,7.));
#10047=CARTESIAN_POINT('Ctrl Pts',(-31.6702854871755,60.4330301929684,7.));
#10048=CARTESIAN_POINT('Ctrl Pts',(-31.6438021547221,60.3894284421509,7.));
#10049=CARTESIAN_POINT('Ctrl Pts',(-31.6148178380645,60.3475064030762,7.));
#10050=CARTESIAN_POINT('Ctrl Pts',(-31.5833550493057,60.3075604860149,7.));
#10051=CARTESIAN_POINT('Ctrl Pts',(-31.552313399098,60.2681492566371,7.));
#10052=CARTESIAN_POINT('Ctrl Pts',(-31.5188587763518,60.2306609465334,7.));
#10053=CARTESIAN_POINT('Ctrl Pts',(-31.4829866573113,60.1954225510797,7.));
#10054=CARTESIAN_POINT('Ctrl Pts',(-31.475417900184,60.1879875050362,7.));
#10055=CARTESIAN_POINT('Ctrl Pts',(-31.4677414369918,60.1806527943367,7.));
#10056=CARTESIAN_POINT('Ctrl Pts',(-31.4599597162222,60.1734196203248,7.));
#10057=CARTESIAN_POINT('Ctrl Pts',(-31.4581166072078,60.1747896100343,12.));
#10058=CARTESIAN_POINT('Ctrl Pts',(-31.4949851905663,60.2092199670588,12.));
#10059=CARTESIAN_POINT('Ctrl Pts',(-31.5294717613886,60.2458898766052,12.));
#10060=CARTESIAN_POINT('Ctrl Pts',(-31.5615762469905,60.2844791100647,12.));
#10061=CARTESIAN_POINT('Ctrl Pts',(-31.595129623882,60.3248098946871,12.));
#10062=CARTESIAN_POINT('Ctrl Pts',(-31.6260816720849,60.3672376077815,12.));
#10063=CARTESIAN_POINT('Ctrl Pts',(-31.6544041623685,60.4114464330876,12.));
#10064=CARTESIAN_POINT('Ctrl Pts',(-31.6774730711611,60.4474548966304,12.));
#10065=CARTESIAN_POINT('Ctrl Pts',(-31.6987970415022,60.484646152021,12.));
#10066=CARTESIAN_POINT('Ctrl Pts',(-31.7183436461373,60.5228684552736,12.));
#10067=CARTESIAN_POINT('Ctrl Pts',(-31.7276106074113,60.5409894850206,12.));
#10068=CARTESIAN_POINT('Ctrl Pts',(-31.736477834484,60.5593424720105,12.));
#10069=CARTESIAN_POINT('Ctrl Pts',(-31.7449404830566,60.5779122327399,12.));
#10070=CARTESIAN_POINT('Ctrl Pts',(-31.7491032470824,60.58704666994,12.));
#10071=CARTESIAN_POINT('Ctrl Pts',(-31.7531644153406,60.5962255403361,12.));
#10072=CARTESIAN_POINT('Ctrl Pts',(-31.7571224375671,60.6054433254119,12.));
#10073=CARTESIAN_POINT('Ctrl Pts',(-31.778628691995,60.6555289539801,12.));
#10074=CARTESIAN_POINT('Ctrl Pts',(-31.7971068462561,60.7067916879524,12.));
#10075=CARTESIAN_POINT('Ctrl Pts',(-31.8125294806544,60.7589001568788,12.));
#10076=CARTESIAN_POINT('Ctrl Pts',(-31.8281884757439,60.8118072178881,12.));
#10077=CARTESIAN_POINT('Ctrl Pts',(-31.8406981482636,60.8655870785546,12.));
#10078=CARTESIAN_POINT('Ctrl Pts',(-31.8499888762959,60.9199264959208,12.));
#10079=CARTESIAN_POINT('Ctrl Pts',(-31.8567389608272,60.9594062502877,12.));
#10080=CARTESIAN_POINT('Ctrl Pts',(-31.8617890668486,60.9991821392245,12.));
#10081=CARTESIAN_POINT('Ctrl Pts',(-31.8650966338241,61.0391404122286,12.));
#10082=CARTESIAN_POINT('Ctrl Pts',(-31.8661215213843,61.0515219413796,12.));
#10083=CARTESIAN_POINT('Ctrl Pts',(-31.8669789967767,61.0639210051558,12.));
#10084=CARTESIAN_POINT('Ctrl Pts',(-31.8676675065042,61.0763342654603,12.));
#10085=CARTESIAN_POINT('Ctrl Pts',(-31.8681563540536,61.0851477820126,12.));
#10086=CARTESIAN_POINT('Ctrl Pts',(-31.8685598654199,61.0939667464427,12.));
#10087=CARTESIAN_POINT('Ctrl Pts',(-31.8688773853387,61.1027805832107,12.));
#10088=CARTESIAN_POINT('Ctrl Pts',(-31.8709244121328,61.1596027192625,12.));
#10089=CARTESIAN_POINT('Ctrl Pts',(-31.8694075105875,61.2163174899285,12.));
#10090=CARTESIAN_POINT('Ctrl Pts',(-31.8642706960282,61.2725909709456,12.));
#10091=CARTESIAN_POINT('Ctrl Pts',(-31.8604614677458,61.3143208276439,12.));
#10092=CARTESIAN_POINT('Ctrl Pts',(-31.8546607865095,61.3558087678345,12.));
#10093=CARTESIAN_POINT('Ctrl Pts',(-31.8468282164214,61.3969244040895,12.));
#10094=CARTESIAN_POINT('Ctrl Pts',(-31.8365330685743,61.450966889419,12.));
#10095=CARTESIAN_POINT('Ctrl Pts',(-31.8227296042415,61.5043668394437,12.));
#10096=CARTESIAN_POINT('Ctrl Pts',(-31.8056447682221,61.556922663824,12.));
#10097=CARTESIAN_POINT('Ctrl Pts',(-31.8007358815575,61.5720232234757,12.));
#10098=CARTESIAN_POINT('Ctrl Pts',(-31.795555773932,61.5870540572898,12.));
#10099=CARTESIAN_POINT('Ctrl Pts',(-31.790109063586,61.6020102458797,12.));
#10100=CARTESIAN_POINT('Ctrl Pts',(-31.7866316379065,61.6115589516063,12.));
#10101=CARTESIAN_POINT('Ctrl Pts',(-31.7830454554104,61.6210771403785,12.));
#10102=CARTESIAN_POINT('Ctrl Pts',(-31.7793571756239,61.6305501995407,12.));
#10103=CARTESIAN_POINT('Ctrl Pts',(-31.7587989644683,61.6833523625589,12.));
#10104=CARTESIAN_POINT('Ctrl Pts',(-31.7350359268235,61.7348570219589,12.));
#10105=CARTESIAN_POINT('Ctrl Pts',(-31.7083560917811,61.7848586575938,12.));
#10106=CARTESIAN_POINT('Ctrl Pts',(-31.6810339554081,61.836064053186,12.));
#10107=CARTESIAN_POINT('Ctrl Pts',(-31.6506525410801,61.8856940785754,12.));
#10108=CARTESIAN_POINT('Ctrl Pts',(-31.6174655882782,61.9335223378738,12.));
#10109=CARTESIAN_POINT('Ctrl Pts',(-31.596448053647,61.9638123166542,12.));
#10110=CARTESIAN_POINT('Ctrl Pts',(-31.5743041800353,61.9933794921481,12.));
#10111=CARTESIAN_POINT('Ctrl Pts',(-31.5510883709602,62.0221626596919,12.));
#10112=CARTESIAN_POINT('Ctrl Pts',(-31.5331001605477,62.044464603701,12.));
#10113=CARTESIAN_POINT('Ctrl Pts',(-31.5144682467297,62.0662958162725,12.));
#10114=CARTESIAN_POINT('Ctrl Pts',(-31.4952151372989,62.0876259868702,12.));
#10115=CARTESIAN_POINT('Ctrl Pts',(-31.4876627995433,62.0959930848353,12.));
#10116=CARTESIAN_POINT('Ctrl Pts',(-31.4800208220945,62.1042764246949,12.));
#10117=CARTESIAN_POINT('Ctrl Pts',(-31.4722926713684,62.112472689348,12.));
#10118=CARTESIAN_POINT('Ctrl Pts',(-31.4346532163245,62.1523920628011,12.));
#10119=CARTESIAN_POINT('Ctrl Pts',(-31.3949598800988,62.1902608033369,12.));
#10120=CARTESIAN_POINT('Ctrl Pts',(-31.3534077713754,62.2258928853101,12.));
#10121=CARTESIAN_POINT('Ctrl Pts',(-31.3219353689699,62.2528813404537,12.));
#10122=CARTESIAN_POINT('Ctrl Pts',(-31.2893958447746,62.2785865086237,12.));
#10123=CARTESIAN_POINT('Ctrl Pts',(-31.255862589462,62.3029202629097,12.));
#10124=CARTESIAN_POINT('Ctrl Pts',(-31.2444138481749,62.3112281606895,12.));
#10125=CARTESIAN_POINT('Ctrl Pts',(-31.2328478412917,62.3193770598306,12.));
#10126=CARTESIAN_POINT('Ctrl Pts',(-31.221171512843,62.3273603326372,12.));
#10127=CARTESIAN_POINT('Ctrl Pts',(-31.1708641224795,62.3617562151464,12.));
#10128=CARTESIAN_POINT('Ctrl Pts',(-31.1186433407794,62.3929912305284,12.));
#10129=CARTESIAN_POINT('Ctrl Pts',(-31.0647562738627,62.4208070742744,12.));
#10130=CARTESIAN_POINT('Ctrl Pts',(-31.0226858829157,62.4425232946566,12.));
#10131=CARTESIAN_POINT('Ctrl Pts',(-30.9795988536956,62.4621551552046,12.));
#10132=CARTESIAN_POINT('Ctrl Pts',(-30.9355976006867,62.4795636047332,12.));
#10133=CARTESIAN_POINT('Ctrl Pts',(-30.9236087790343,62.4843068059461,12.));
#10134=CARTESIAN_POINT('Ctrl Pts',(-30.9115520228793,62.4888848496641,12.));
#10135=CARTESIAN_POINT('Ctrl Pts',(-30.8994304181501,62.4932986540839,12.));
#10136=CARTESIAN_POINT('Ctrl Pts',(-29.2345420922372,61.0010061177385,11.1934196736194));
#10137=CARTESIAN_POINT('Ctrl Pts',(-29.2339632230808,61.0676653397529,11.1976237798504));
#10138=CARTESIAN_POINT('Ctrl Pts',(-29.2387755993724,61.1342407739869,11.2018278860814));
#10139=CARTESIAN_POINT('Ctrl Pts',(-29.2492712681086,61.1999077766271,11.2060319923124));
#10140=CARTESIAN_POINT('Ctrl Pts',(-29.3153433790238,61.6132932969756,11.2324975925687));
#10141=CARTESIAN_POINT('Ctrl Pts',(-29.6066402527628,61.9906783312938,11.2589631928249));
#10142=CARTESIAN_POINT('Ctrl Pts',(-29.9898101471102,62.1593060832214,11.2854287930812));
#10143=CARTESIAN_POINT('Ctrl Pts',(-30.3729800414577,62.327933835149,11.3118943933374));
#10144=CARTESIAN_POINT('Ctrl Pts',(-30.8480229564136,62.287804304686,11.3383599935937));
#10145=CARTESIAN_POINT('Ctrl Pts',(-31.1974683246648,62.0572766810746,11.3648255938499));
#10146=CARTESIAN_POINT('Ctrl Pts',(-31.546913692916,61.8267490574631,11.3912911941062));
#10147=CARTESIAN_POINT('Ctrl Pts',(-31.7707615144624,61.405823340703,11.4177567943624));
#10148=CARTESIAN_POINT('Ctrl Pts',(-31.7665394628333,60.9872180249614,11.4442223946187));
#10149=CARTESIAN_POINT('Ctrl Pts',(-31.7623174112041,60.5686127092197,11.4706879948749));
#10150=CARTESIAN_POINT('Ctrl Pts',(-31.5300254863993,60.1523277944963,11.4971535951312));
#10151=CARTESIAN_POINT('Ctrl Pts',(-31.1759989270268,59.928886451213,11.5236191953875));
#10152=CARTESIAN_POINT('Ctrl Pts',(-30.8219723676543,59.7054451079297,11.5500847956437));
#10153=CARTESIAN_POINT('Ctrl Pts',(-30.3462111737142,59.6748473360864,11.5765503959));
#10154=CARTESIAN_POINT('Ctrl Pts',(-29.966524220144,59.85119584065,11.6030159961562));
#10155=CARTESIAN_POINT('Ctrl Pts',(-29.5868372665738,60.0275443452137,11.6294815964125));
#10156=CARTESIAN_POINT('Ctrl Pts',(-29.3032245533736,60.4108391261844,11.6559471966687));
#10157=CARTESIAN_POINT('Ctrl Pts',(-29.2454989986123,60.8254198758434,11.682412796925));
#10158=CARTESIAN_POINT('Ctrl Pts',(-29.2374964335565,60.8828937179529,11.6860817558231));
#10159=CARTESIAN_POINT('Ctrl Pts',(-29.2338351079249,60.940968833201,11.6897507147213));
#10160=CARTESIAN_POINT('Ctrl Pts',(-29.23431003295,60.9991024392501,11.6934196736194));
#10161=CARTESIAN_POINT('Ctrl Pts',(-30.1014866126282,62.4906503371893,12.));
#10162=CARTESIAN_POINT('Ctrl Pts',(-29.6057315814236,62.3581139819837,11.9735343997437));
#10163=CARTESIAN_POINT('Ctrl Pts',(-28.7655122343764,61.5612991621235,11.9206031992312));
#10164=CARTESIAN_POINT('Ctrl Pts',(-29.0878836839071,59.8439935950861,11.8412063984625));
#10165=CARTESIAN_POINT('Ctrl Pts',(-30.7056985441377,59.1881155455272,11.7618095976937));
#10166=CARTESIAN_POINT('Ctrl Pts',(-32.1339334597978,60.189702858257,11.682412796925));
#10167=CARTESIAN_POINT('Ctrl Pts',(-32.0667947564276,61.9338993368959,11.6030159961562));
#10168=CARTESIAN_POINT('Ctrl Pts',(-30.5648280137456,62.8226831978452,11.5236191953874));
#10169=CARTESIAN_POINT('Ctrl Pts',(-29.0036588899751,62.0428374800262,11.4442223946187));
#10170=CARTESIAN_POINT('Ctrl Pts',(-28.8124305190361,60.3081065183031,11.3648255938499));
#10171=CARTESIAN_POINT('Ctrl Pts',(-30.1663403180208,59.2069018996711,11.2854287930812));
#10172=CARTESIAN_POINT('Ctrl Pts',(-31.8257231397922,59.7473963458692,11.2060319923124));
#10173=CARTESIAN_POINT('Ctrl Pts',(-32.2713136477746,61.4347577843676,11.1266351915436));
#10174=CARTESIAN_POINT('Ctrl Pts',(-31.0951254811723,62.7240603856518,11.0472383907749));
#10175=CARTESIAN_POINT('Ctrl Pts',(-29.3740566452125,62.4348559687972,10.9678415900061));
#10176=CARTESIAN_POINT('Ctrl Pts',(-28.6838752341768,60.8319295678339,10.8884447892374));
#10177=CARTESIAN_POINT('Ctrl Pts',(-29.6564973468145,59.3828861168942,10.8090479884686));
#10178=CARTESIAN_POINT('Ctrl Pts',(-31.4014114501805,59.4144358823596,10.7296511876999));
#10179=CARTESIAN_POINT('Ctrl Pts',(-32.3210142769433,60.8976930997294,10.6502543869311));
#10180=CARTESIAN_POINT('Ctrl Pts',(-31.5733381789639,62.4746209417463,10.5708575861623));
#10181=CARTESIAN_POINT('Ctrl Pts',(-29.8429384961145,62.7014202458182,10.4914607853936));
#10182=CARTESIAN_POINT('Ctrl Pts',(-28.7141297875824,61.3704386661721,10.4120639846248));
#10183=CARTESIAN_POINT('Ctrl Pts',(-29.2204236693897,59.7002927074328,10.3326671838561));
#10184=CARTESIAN_POINT('Ctrl Pts',(-30.8982689610968,59.2201300251403,10.2532703830873));
#10185=CARTESIAN_POINT('Ctrl Pts',(-32.2114686645986,60.369576662229,10.1738735823186));
#10186=CARTESIAN_POINT('Ctrl Pts',(-31.9576869830556,62.0962254061444,10.0944767815498));
#10187=CARTESIAN_POINT('Ctrl Pts',(-30.3692806560528,62.8191959230159,10.015079980781));
#10188=CARTESIAN_POINT('Ctrl Pts',(-28.9005584044099,61.8765528429947,9.93568318001227));
#10189=CARTESIAN_POINT('Ctrl Pts',(-28.8962489316273,60.1313587401864,9.85628637924352));
#10190=CARTESIAN_POINT('Ctrl Pts',(-30.3602978928244,59.1814736590088,9.77688957847475));
#10191=CARTESIAN_POINT('Ctrl Pts',(-31.9522553434588,59.8965907848534,9.697492777706));
#10192=CARTESIAN_POINT('Ctrl Pts',(-32.2145612338399,61.6219651349835,9.61809597693724));
#10193=CARTESIAN_POINT('Ctrl Pts',(-30.9070542541178,62.7778831797528,9.53869917616848));
#10194=CARTESIAN_POINT('Ctrl Pts',(-29.226858069562,62.3060126364299,9.45930237539973));
#10195=CARTESIAN_POINT('Ctrl Pts',(-28.7123221085485,60.6383874468082,9.37990557463096));
#10196=CARTESIAN_POINT('Ctrl Pts',(-29.8345437993258,59.3018473220829,9.30050877386221));
#10197=CARTESIAN_POINT('Ctrl Pts',(-31.5660424748265,59.5200980150596,9.22111197309345));
#10198=CARTESIAN_POINT('Ctrl Pts',(-32.3214973123021,61.0933141530233,9.14171517232469));
#10199=CARTESIAN_POINT('Ctrl Pts',(-31.4092310373493,62.5810948061743,9.06231837155593));
#10200=CARTESIAN_POINT('Ctrl Pts',(-29.6644939115197,62.621261832179,8.98292157078717));
#10201=CARTESIAN_POINT('Ctrl Pts',(-28.6847275817006,61.1770392153413,8.90352477001841));
#10202=CARTESIAN_POINT('Ctrl Pts',(-29.366983825132,59.5707243498552,8.82412796924966));
#10203=CARTESIAN_POINT('Ctrl Pts',(-31.0866043359322,59.2730226085715,8.74473116848089));
#10204=CARTESIAN_POINT('Ctrl Pts',(-32.2691436690389,60.5565029365886,8.66533436771214));
#10205=CARTESIAN_POINT('Ctrl Pts',(-31.8318956950886,62.2460399270295,8.58593756694337));
#10206=CARTESIAN_POINT('Ctrl Pts',(-30.1751947190006,62.794731917311,8.50654076617463));
#10207=CARTESIAN_POINT('Ctrl Pts',(-28.8158784893542,61.7002090047735,8.42714396540585));
#10208=CARTESIAN_POINT('Ctrl Pts',(-28.9985060449601,59.9645914657552,8.34774716463711));
#10209=CARTESIAN_POINT('Ctrl Pts',(-30.5558677434964,59.1769712992633,8.26835036386834));
#10210=CARTESIAN_POINT('Ctrl Pts',(-32.0620786281557,60.0584755461912,8.18895356309959));
#10211=CARTESIAN_POINT('Ctrl Pts',(-32.1380862381181,61.8020191146452,8.10955676233083));
#10212=CARTESIAN_POINT('Ctrl Pts',(-30.7142997691248,62.8112528370992,8.03015996156206));
#10213=CARTESIAN_POINT('Ctrl Pts',(-29.0943056718886,62.1621458955075,7.95076316079331));
#10214=CARTESIAN_POINT('Ctrl Pts',(-28.7613338561587,60.4490045712222,7.87136636002455));
#10215=CARTESIAN_POINT('Ctrl Pts',(-30.0202454566219,59.2403446872766,7.79196955925579));
#10216=CARTESIAN_POINT('Ctrl Pts',(-31.7184102165653,59.6427825694641,7.71257275848703));
#10217=CARTESIAN_POINT('Ctrl Pts',(-32.3010259115765,61.2878656910303,7.63317595771828));
#10218=CARTESIAN_POINT('Ctrl Pts',(-31.2346652281058,62.6693722919228,7.55377915694952));
#10219=CARTESIAN_POINT('Ctrl Pts',(-29.4956589867218,62.5224687578925,7.47438235618076));
#10220=CARTESIAN_POINT('Ctrl Pts',(-28.6762113944411,60.9815711484071,7.394985555412));
#10221=CARTESIAN_POINT('Ctrl Pts',(-29.5265706383237,59.4576625117234,7.31558875464324));
#10222=CARTESIAN_POINT('Ctrl Pts',(-31.2682062131204,59.3456519220037,7.23619195387449));
#10223=CARTESIAN_POINT('Ctrl Pts',(-32.3064374400058,60.7487929986977,7.15679515310572));
#10224=CARTESIAN_POINT('Ctrl Pts',(-31.6908418898046,62.3809922015847,7.07739835233697));
#10225=CARTESIAN_POINT('Ctrl Pts',(-29.9847286147467,62.7506926621574,6.99800155156821));
#10226=CARTESIAN_POINT('Ctrl Pts',(-28.7507881495946,61.5135779987128,6.91860475079945));
#10227=CARTESIAN_POINT('Ctrl Pts',(-28.9959725559296,60.3818682235533,6.86567355028694));
#10228=CARTESIAN_POINT('Ctrl Pts',(-29.3308638600602,59.9930408186118,6.83920795003069));
#10229=CARTESIAN_POINT('Ctrl Pts',(-30.1254628720702,62.4009666332017,12.0535973499898));
#10230=CARTESIAN_POINT('Ctrl Pts',(-29.6595345369534,62.2764042194359,12.0271317497335));
#10231=CARTESIAN_POINT('Ctrl Pts',(-28.8698662998982,61.5275291116801,11.974200549221));
#10232=CARTESIAN_POINT('Ctrl Pts',(-29.1728425347617,59.913543829892,11.8948037484523));
#10233=CARTESIAN_POINT('Ctrl Pts',(-30.6933228867672,59.2971261468923,11.8154069476835));
#10234=CARTESIAN_POINT('Ctrl Pts',(-32.0356292165531,60.2384537779207,11.7360101469147));
#10235=CARTESIAN_POINT('Ctrl Pts',(-31.9725298583738,61.8777121016016,11.656613346146));
#10236=CARTESIAN_POINT('Ctrl Pts',(-30.5609277166504,62.71302300829,11.5772165453772));
#10237=CARTESIAN_POINT('Ctrl Pts',(-29.0936850566884,61.980096070426,11.4978197446085));
#10238=CARTESIAN_POINT('Ctrl Pts',(-28.9139617843251,60.3497337785755,11.4184229438397));
#10239=CARTESIAN_POINT('Ctrl Pts',(-30.1864147073069,59.3147822354002,11.3390261430709));
#10240=CARTESIAN_POINT('Ctrl Pts',(-31.745962118436,59.8227582751895,11.2596293423022));
#10241=CARTESIAN_POINT('Ctrl Pts',(-32.1647440378521,61.4086009924475,11.1802325415334));
#10242=CARTESIAN_POINT('Ctrl Pts',(-31.0593202705583,62.620333756951,11.1008357407647));
#10243=CARTESIAN_POINT('Ctrl Pts',(-29.4417981338455,62.3485290873624,11.0214389399959));
#10244=CARTESIAN_POINT('Ctrl Pts',(-28.7931409230634,60.8420414426463,10.9420421392272));
#10245=CARTESIAN_POINT('Ctrl Pts',(-29.7072460215793,59.4801785060913,10.8626453384584));
#10246=CARTESIAN_POINT('Ctrl Pts',(-31.3471787946823,59.5098301057149,10.7832485376896));
#10247=CARTESIAN_POINT('Ctrl Pts',(-32.2114544693057,60.9038483654182,10.7038517369209));
#10248=CARTESIAN_POINT('Ctrl Pts',(-31.508761692408,62.3859016332288,10.6244549361521));
#10249=CARTESIAN_POINT('Ctrl Pts',(-29.8824700915793,62.5990557426183,10.5450581353834));
#10250=CARTESIAN_POINT('Ctrl Pts',(-28.8215752360016,61.3481515814065,10.4656613346146));
#10251=CARTESIAN_POINT('Ctrl Pts',(-29.2974083603919,59.7784885886444,10.3862645338458));
#10252=CARTESIAN_POINT('Ctrl Pts',(-30.8743074620492,59.3272145015167,10.3068677330771));
#10253=CARTESIAN_POINT('Ctrl Pts',(-32.1084995791554,60.4075056215545,10.2274709323083));
#10254=CARTESIAN_POINT('Ctrl Pts',(-31.8699864649724,62.0302719556231,10.1480741315396));
#10255=CARTESIAN_POINT('Ctrl Pts',(-30.3771453058397,62.7097455424993,10.0686773307708));
#10256=CARTESIAN_POINT('Ctrl Pts',(-28.996787527535,61.8238158126155,9.98928053000205));
#10257=CARTESIAN_POINT('Ctrl Pts',(-28.9927373306586,60.1836198860076,9.90988372923328));
#10258=CARTESIAN_POINT('Ctrl Pts',(-30.368702983216,59.2908838640454,9.83048692846453));
#10259=CARTESIAN_POINT('Ctrl Pts',(-31.8648816155307,59.9629765527443,9.75109012769577));
#10260=CARTESIAN_POINT('Ctrl Pts',(-32.111406086497,61.5845451658876,9.67169332692701));
#10261=CARTESIAN_POINT('Ctrl Pts',(-30.8825641950991,62.6709183466544,9.59229652615825));
#10262=CARTESIAN_POINT('Ctrl Pts',(-29.3034556401391,62.2274375087355,9.5128997253895));
#10263=CARTESIAN_POINT('Ctrl Pts',(-28.8198763144987,60.6601436250783,9.43350292462073));
#10264=CARTESIAN_POINT('Ctrl Pts',(-29.8745804548588,59.4040153441068,9.35410612385198));
#10265=CARTESIAN_POINT('Ctrl Pts',(-31.5019049283446,59.6091351625977,9.27470932308322));
#10266=CARTESIAN_POINT('Ctrl Pts',(-32.2119084432371,61.0877000379945,9.19531252231445));
#10267=CARTESIAN_POINT('Ctrl Pts',(-31.354527922783,62.485969584664,9.1159157215457));
#10268=CARTESIAN_POINT('Ctrl Pts',(-29.7147614795076,62.5237199943925,9.03651892077694));
#10269=CARTESIAN_POINT('Ctrl Pts',(-28.7939419897954,61.1663878503976,8.95712212000818));
#10270=CARTESIAN_POINT('Ctrl Pts',(-29.435150844202,59.6567156053561,8.87772531923943));
#10271=CARTESIAN_POINT('Ctrl Pts',(-31.0513117930541,59.3769248459146,8.79832851847066));
#10272=CARTESIAN_POINT('Ctrl Pts',(-32.1627046141128,60.5831856294615,8.71893171770191));
#10273=CARTESIAN_POINT('Ctrl Pts',(-31.7517633069901,62.1710730083582,8.63953491693314));
#10274=CARTESIAN_POINT('Ctrl Pts',(-30.1947363904917,62.686753393694,8.56013811616439));
#10275=CARTESIAN_POINT('Ctrl Pts',(-28.9172023103283,61.6580815572295,8.48074131539563));
#10276=CARTESIAN_POINT('Ctrl Pts',(-29.0888422283804,60.0268860282818,8.40134451462687));
#10277=CARTESIAN_POINT('Ctrl Pts',(-30.5525065337342,59.2866523850925,8.32194771385812));
#10278=CARTESIAN_POINT('Ctrl Pts',(-31.9680974721031,60.1151216497847,8.24255091308935));
#10279=CARTESIAN_POINT('Ctrl Pts',(-32.0395321463614,61.753766345088,8.1631541123206));
#10280=CARTESIAN_POINT('Ctrl Pts',(-30.7014066260859,62.7022803458518,8.08375731155183));
#10281=CARTESIAN_POINT('Ctrl Pts',(-29.1788781490873,62.0922263926451,8.00436051078308));
#10282=CARTESIAN_POINT('Ctrl Pts',(-28.8659393103894,60.482154815349,7.92496371001431));
#10283=CARTESIAN_POINT('Ctrl Pts',(-30.0491095237865,59.3462129650346,7.84556690924557));
#10284=CARTESIAN_POINT('Ctrl Pts',(-31.6451055894883,59.7244385011021,7.7661701084768));
#10285=CARTESIAN_POINT('Ctrl Pts',(-32.1926686875973,61.2705465417965,7.68677330770805));
#10286=CARTESIAN_POINT('Ctrl Pts',(-31.1904647227152,62.5689359276643,7.60737650693929));
#10287=CARTESIAN_POINT('Ctrl Pts',(-29.5560843699087,62.4308707246403,7.52797970617053));
#10288=CARTESIAN_POINT('Ctrl Pts',(-28.7859381719789,60.9826799598819,7.44858290540177));
#10289=CARTESIAN_POINT('Ctrl Pts',(-29.5851362472675,59.5504560402682,7.36918610463301));
#10290=CARTESIAN_POINT('Ctrl Pts',(-31.2219877417918,59.445184476091,7.28978930386425));
#10291=CARTESIAN_POINT('Ctrl Pts',(-32.1977546358435,60.7639067172138,7.21039250309549));
#10292=CARTESIAN_POINT('Ctrl Pts',(-31.6191958885654,62.2979059896614,7.13099570232673));
#10293=CARTESIAN_POINT('Ctrl Pts',(-30.0157295236617,62.6453637243172,7.05159890155798));
#10294=CARTESIAN_POINT('Ctrl Pts',(-28.8560280776378,61.4826790530457,6.97220210078922));
#10295=CARTESIAN_POINT('Ctrl Pts',(-29.0864611646459,60.4190576711421,6.91927090027671));
#10296=CARTESIAN_POINT('Ctrl Pts',(-29.4012040072945,60.053623749086,6.89280530002046));
#10297=CARTESIAN_POINT('Ctrl Pts',(-30.1494391315123,62.311282929214,12.1071946999795));
#10298=CARTESIAN_POINT('Ctrl Pts',(-29.7133374924833,62.194694456888,12.0807290997233));
#10299=CARTESIAN_POINT('Ctrl Pts',(-28.97422036542,61.4937590612365,12.0277978992108));
#10300=CARTESIAN_POINT('Ctrl Pts',(-29.2578013856163,59.983094064698,11.948401098442));
#10301=CARTESIAN_POINT('Ctrl Pts',(-30.6809472293967,59.4061367482574,11.8690042976733));
#10302=CARTESIAN_POINT('Ctrl Pts',(-31.9373249733085,60.2872046975846,11.7896074969045));
#10303=CARTESIAN_POINT('Ctrl Pts',(-31.87826496032,61.8215248663073,11.7102106961358));
#10304=CARTESIAN_POINT('Ctrl Pts',(-30.5570274195551,62.6033628187346,11.630813895367));
#10305=CARTESIAN_POINT('Ctrl Pts',(-29.1837112234018,61.917354660826,11.5514170945982));
#10306=CARTESIAN_POINT('Ctrl Pts',(-29.0154930496141,60.3913610388479,11.4720202938295));
#10307=CARTESIAN_POINT('Ctrl Pts',(-30.206489096593,59.4226625711293,11.3926234930607));
#10308=CARTESIAN_POINT('Ctrl Pts',(-31.6662010970798,59.8981202045099,11.313226692292));
#10309=CARTESIAN_POINT('Ctrl Pts',(-32.0581744279296,61.3824442005274,11.2338298915232));
#10310=CARTESIAN_POINT('Ctrl Pts',(-31.0235150599443,62.5166071282504,11.1544330907544));
#10311=CARTESIAN_POINT('Ctrl Pts',(-29.5095396224786,62.2622022059275,11.0750362899857));
#10312=CARTESIAN_POINT('Ctrl Pts',(-28.90240661195,60.8521533174588,10.9956394892169));
#10313=CARTESIAN_POINT('Ctrl Pts',(-29.7579946963442,59.5774708952883,10.9162426884482));
#10314=CARTESIAN_POINT('Ctrl Pts',(-31.2929461391841,59.6052243290701,10.8368458876794));
#10315=CARTESIAN_POINT('Ctrl Pts',(-32.101894661668,60.9100036311071,10.7574490869106));
#10316=CARTESIAN_POINT('Ctrl Pts',(-31.4441852058521,62.2971823247112,10.6780522861419));
#10317=CARTESIAN_POINT('Ctrl Pts',(-29.922001687044,62.4966912394185,10.5986554853731));
#10318=CARTESIAN_POINT('Ctrl Pts',(-28.9290206844208,61.3258644966407,10.5192586846044));
#10319=CARTESIAN_POINT('Ctrl Pts',(-29.3743930513941,59.8566844698559,10.4398618838356));
#10320=CARTESIAN_POINT('Ctrl Pts',(-30.8503459630016,59.4342989778933,10.3604650830669));
#10321=CARTESIAN_POINT('Ctrl Pts',(-32.0055304937122,60.44543458088,10.2810682822981));
#10322=CARTESIAN_POINT('Ctrl Pts',(-31.7822859468894,61.9643185051019,10.2016714815293));
#10323=CARTESIAN_POINT('Ctrl Pts',(-30.3850099556265,62.6002951619826,10.1222746807606));
#10324=CARTESIAN_POINT('Ctrl Pts',(-29.0930166506601,61.7710787822362,10.0428778799918));
#10325=CARTESIAN_POINT('Ctrl Pts',(-29.08922572969,60.2358810318288,9.96348107922306));
#10326=CARTESIAN_POINT('Ctrl Pts',(-30.3771080736075,59.400294069082,9.8840842784543));
#10327=CARTESIAN_POINT('Ctrl Pts',(-31.7775078876026,60.0293623206351,9.80468747768554));
#10328=CARTESIAN_POINT('Ctrl Pts',(-32.0082509391541,61.5471251967918,9.72529067691678));
#10329=CARTESIAN_POINT('Ctrl Pts',(-30.8580741360804,62.5639535135559,9.64589387614802));
#10330=CARTESIAN_POINT('Ctrl Pts',(-29.3800532107161,62.1488623810412,9.56649707537927));
#10331=CARTESIAN_POINT('Ctrl Pts',(-28.9274305204489,60.6818998033483,9.4871002746105));
#10332=CARTESIAN_POINT('Ctrl Pts',(-29.9146171103917,59.5061833661306,9.40770347384175));
#10333=CARTESIAN_POINT('Ctrl Pts',(-31.4377673818626,59.6981723101359,9.328306673073));
#10334=CARTESIAN_POINT('Ctrl Pts',(-32.1023195741721,61.0820859229656,9.24890987230422));
#10335=CARTESIAN_POINT('Ctrl Pts',(-31.2998248082166,62.3908443631538,9.16951307153548));
#10336=CARTESIAN_POINT('Ctrl Pts',(-29.7650290474955,62.426178156606,9.09011627076671));
#10337=CARTESIAN_POINT('Ctrl Pts',(-28.9031563978901,61.155736485454,9.01071946999796));
#10338=CARTESIAN_POINT('Ctrl Pts',(-29.503317863272,59.742706860857,8.93132266922919));
#10339=CARTESIAN_POINT('Ctrl Pts',(-31.0160192501759,59.4808270832577,8.85192586846044));
#10340=CARTESIAN_POINT('Ctrl Pts',(-32.0562655591866,60.6098683223344,8.77252906769168));
#10341=CARTESIAN_POINT('Ctrl Pts',(-31.6716309188916,62.0961060896869,8.69313226692292));
#10342=CARTESIAN_POINT('Ctrl Pts',(-30.2142780619829,62.5787748700771,8.61373546615417));
#10343=CARTESIAN_POINT('Ctrl Pts',(-29.0185261313024,61.6159541096856,8.5343386653854));
#10344=CARTESIAN_POINT('Ctrl Pts',(-29.1791784118007,60.0891805908084,8.45494186461664));
#10345=CARTESIAN_POINT('Ctrl Pts',(-30.5491453239719,59.3963334709218,8.37554506384788));
#10346=CARTESIAN_POINT('Ctrl Pts',(-31.8741163160506,60.1717677533781,8.29614826307913));
#10347=CARTESIAN_POINT('Ctrl Pts',(-31.9409780546047,61.7055135755308,8.21675146231037));
#10348=CARTESIAN_POINT('Ctrl Pts',(-30.688513483047,62.5933078546045,8.13735466154161));
#10349=CARTESIAN_POINT('Ctrl Pts',(-29.2634506262861,62.0223068897826,8.05795786077285));
#10350=CARTESIAN_POINT('Ctrl Pts',(-28.9705447646201,60.5153050594758,7.9785610600041));
#10351=CARTESIAN_POINT('Ctrl Pts',(-30.0779735909511,59.4520812427926,7.89916425923534));
#10352=CARTESIAN_POINT('Ctrl Pts',(-31.5718009624113,59.8060944327402,7.81976745846657));
#10353=CARTESIAN_POINT('Ctrl Pts',(-32.084311463618,61.2532273925626,7.74037065769782));
#10354=CARTESIAN_POINT('Ctrl Pts',(-31.1462642173246,62.4684995634059,7.66097385692905));
#10355=CARTESIAN_POINT('Ctrl Pts',(-29.6165097530956,62.3392726913881,7.5815770561603));
#10356=CARTESIAN_POINT('Ctrl Pts',(-28.8956649495167,60.9837887713567,7.50218025539155));
#10357=CARTESIAN_POINT('Ctrl Pts',(-29.6437018562113,59.6432495688129,7.42278345462278));
#10358=CARTESIAN_POINT('Ctrl Pts',(-31.1757692704633,59.5447170301783,7.34338665385403));
#10359=CARTESIAN_POINT('Ctrl Pts',(-32.0890718316812,60.77902043573,7.26398985308526));
#10360=CARTESIAN_POINT('Ctrl Pts',(-31.5475498873261,62.214819777738,7.18459305231651));
#10361=CARTESIAN_POINT('Ctrl Pts',(-30.0467304325766,62.540034786477,7.10519625154774));
#10362=CARTESIAN_POINT('Ctrl Pts',(-28.9612680056811,61.4517801073785,7.02579945077899));
#10363=CARTESIAN_POINT('Ctrl Pts',(-29.1769497733622,60.4562471187309,6.97286825026648));
#10364=CARTESIAN_POINT('Ctrl Pts',(-29.4715441545288,60.1142066795602,6.94640265001023));
#10365=CARTESIAN_POINT('Ctrl Pts',(-30.1734153909543,62.2215992252264,12.1607920499693));
#10366=CARTESIAN_POINT('Ctrl Pts',(-29.7671404480132,62.1129846943401,12.1343264497131));
#10367=CARTESIAN_POINT('Ctrl Pts',(-29.0785744309418,61.459989010793,12.0813952492006));
#10368=CARTESIAN_POINT('Ctrl Pts',(-29.342760236471,60.052644299504,12.0019984484318));
#10369=CARTESIAN_POINT('Ctrl Pts',(-30.6685715720262,59.5151473496225,11.922601647663));
#10370=CARTESIAN_POINT('Ctrl Pts',(-31.8390207300638,60.3359556172484,11.8432048468943));
#10371=CARTESIAN_POINT('Ctrl Pts',(-31.7840000622662,61.765337631013,11.7638080461255));
#10372=CARTESIAN_POINT('Ctrl Pts',(-30.5531271224599,62.4937026291794,11.6844112453568));
#10373=CARTESIAN_POINT('Ctrl Pts',(-29.2737373901151,61.8546132512258,11.605014444588));
#10374=CARTESIAN_POINT('Ctrl Pts',(-29.1170243149031,60.4329882991203,11.5256176438192));
#10375=CARTESIAN_POINT('Ctrl Pts',(-30.2265634858791,59.5305429068584,11.4462208430505));
#10376=CARTESIAN_POINT('Ctrl Pts',(-31.5864400757236,59.9734821338301,11.3668240422817));
#10377=CARTESIAN_POINT('Ctrl Pts',(-31.9516048180072,61.3562874086074,11.287427241513));
#10378=CARTESIAN_POINT('Ctrl Pts',(-30.9877098493302,62.4128804995495,11.2080304407442));
#10379=CARTESIAN_POINT('Ctrl Pts',(-29.5772811111117,62.1758753244929,11.1286336399754));
#10380=CARTESIAN_POINT('Ctrl Pts',(-29.0116723008366,60.8622651922711,11.0492368392067));
#10381=CARTESIAN_POINT('Ctrl Pts',(-29.8087433711089,59.6747632844855,10.9698400384379));
#10382=CARTESIAN_POINT('Ctrl Pts',(-31.238713483686,59.7006185524252,10.8904432376692));
#10383=CARTESIAN_POINT('Ctrl Pts',(-31.9923348540304,60.916158896796,10.8110464369004));
#10384=CARTESIAN_POINT('Ctrl Pts',(-31.3796087192962,62.2084630161936,10.7316496361316));
#10385=CARTESIAN_POINT('Ctrl Pts',(-29.9615332825088,62.3943267362187,10.6522528353629));
#10386=CARTESIAN_POINT('Ctrl Pts',(-29.03646613284,61.303577411875,10.5728560345941));
#10387=CARTESIAN_POINT('Ctrl Pts',(-29.4513777423963,59.9348803510675,10.4934592338254));
#10388=CARTESIAN_POINT('Ctrl Pts',(-30.826384463954,59.5413834542698,10.4140624330566));
#10389=CARTESIAN_POINT('Ctrl Pts',(-31.9025614082691,60.4833635402054,10.3346656322879));
#10390=CARTESIAN_POINT('Ctrl Pts',(-31.6945854288062,61.8983650545807,10.2552688315191));
#10391=CARTESIAN_POINT('Ctrl Pts',(-30.3928746054134,62.490844781466,10.1758720307503));
#10392=CARTESIAN_POINT('Ctrl Pts',(-29.1892457737852,61.7183417518569,10.0964752299816));
#10393=CARTESIAN_POINT('Ctrl Pts',(-29.1857141287213,60.2881421776501,10.0170784292128));
#10394=CARTESIAN_POINT('Ctrl Pts',(-30.3855131639991,59.5097042741186,9.93768162844407));
#10395=CARTESIAN_POINT('Ctrl Pts',(-31.6901341596745,60.095748088526,9.85828482767531));
#10396=CARTESIAN_POINT('Ctrl Pts',(-31.9050957918112,61.509705227696,9.77888802690655));
#10397=CARTESIAN_POINT('Ctrl Pts',(-30.8335840770617,62.4569886804575,9.69949122613779));
#10398=CARTESIAN_POINT('Ctrl Pts',(-29.4566507812932,62.0702872533467,9.62009442536904));
#10399=CARTESIAN_POINT('Ctrl Pts',(-29.034984726399,60.7036559816185,9.54069762460027));
#10400=CARTESIAN_POINT('Ctrl Pts',(-29.9546537659246,59.6083513881545,9.46130082383152));
#10401=CARTESIAN_POINT('Ctrl Pts',(-31.3736298353807,59.7872094576741,9.38190402306276));
#10402=CARTESIAN_POINT('Ctrl Pts',(-31.9927307051071,61.0764718079368,9.302507222294));
#10403=CARTESIAN_POINT('Ctrl Pts',(-31.2451216936503,62.2957191416434,9.22311042152524));
#10404=CARTESIAN_POINT('Ctrl Pts',(-29.8152966154834,62.3286363188196,9.14371362075648));
#10405=CARTESIAN_POINT('Ctrl Pts',(-29.0123708059849,61.1450851205103,9.06431681998773));
#10406=CARTESIAN_POINT('Ctrl Pts',(-29.571484882342,59.828698116358,8.98492001921896));
#10407=CARTESIAN_POINT('Ctrl Pts',(-30.9807267072978,59.5847293206008,8.90552321845021));
#10408=CARTESIAN_POINT('Ctrl Pts',(-31.9498265042605,60.6365510152072,8.82612641768145));
#10409=CARTESIAN_POINT('Ctrl Pts',(-31.5914985307931,62.0211391710157,8.74672961691269));
#10410=CARTESIAN_POINT('Ctrl Pts',(-30.233819733474,62.4707963464602,8.66733281614393));
#10411=CARTESIAN_POINT('Ctrl Pts',(-29.1198499522765,61.5738266621416,8.58793601537518));
#10412=CARTESIAN_POINT('Ctrl Pts',(-29.2695145952211,60.151475153335,8.50853921460641));
#10413=CARTESIAN_POINT('Ctrl Pts',(-30.5457841142096,59.506014556751,8.42914241383766));
#10414=CARTESIAN_POINT('Ctrl Pts',(-31.7801351599981,60.2284138569716,8.3497456130689));
#10415=CARTESIAN_POINT('Ctrl Pts',(-31.842423962848,61.6572608059736,8.27034881230014));
#10416=CARTESIAN_POINT('Ctrl Pts',(-30.6756203400081,62.4843353633573,8.19095201153138));
#10417=CARTESIAN_POINT('Ctrl Pts',(-29.3480231034849,61.95238738692,8.11155521076263));
#10418=CARTESIAN_POINT('Ctrl Pts',(-29.0751502188508,60.5484553036026,8.03215840999386));
#10419=CARTESIAN_POINT('Ctrl Pts',(-30.1068376581157,59.5579495205506,7.95276160922511));
#10420=CARTESIAN_POINT('Ctrl Pts',(-31.4984963353344,59.8877503643783,7.87336480845634));
#10421=CARTESIAN_POINT('Ctrl Pts',(-31.9759542396388,61.2359082433287,7.79396800768759));
#10422=CARTESIAN_POINT('Ctrl Pts',(-31.1020637119339,62.3680631991476,7.71457120691883));
#10423=CARTESIAN_POINT('Ctrl Pts',(-29.6769351362825,62.2476746581357,7.63517440615007));
#10424=CARTESIAN_POINT('Ctrl Pts',(-29.0053917270544,60.9848975828316,7.55577760538132));
#10425=CARTESIAN_POINT('Ctrl Pts',(-29.7022674651552,59.7360430973575,7.47638080461255));
#10426=CARTESIAN_POINT('Ctrl Pts',(-31.1295507991347,59.6442495842657,7.3969840038438));
#10427=CARTESIAN_POINT('Ctrl Pts',(-31.9803890275188,60.7941341542461,7.31758720307503));
#10428=CARTESIAN_POINT('Ctrl Pts',(-31.4759038860869,62.1317335658147,7.23819040230628));
#10429=CARTESIAN_POINT('Ctrl Pts',(-30.0777313414915,62.4347058486368,7.15879360153751));
#10430=CARTESIAN_POINT('Ctrl Pts',(-29.0665079337243,61.4208811617114,7.07939680076876));
#10431=CARTESIAN_POINT('Ctrl Pts',(-29.2674383820785,60.4934365663198,7.02646560025625));
#10432=CARTESIAN_POINT('Ctrl Pts',(-29.541884301763,60.1747896100343,7.));
#10433=CARTESIAN_POINT('Ctrl Pts',(-29.541884301763,60.1747896100344,7.));
#10434=CARTESIAN_POINT('Ctrl Pts',(-29.5047020598112,60.2095128824998,7.));
#10435=CARTESIAN_POINT('Ctrl Pts',(-29.4699059705124,60.2465480865038,7.));
#10436=CARTESIAN_POINT('Ctrl Pts',(-29.4375082855214,60.2855818275943,7.));
#10437=CARTESIAN_POINT('Ctrl Pts',(-29.4138499498225,60.3140861281502,7.));
#10438=CARTESIAN_POINT('Ctrl Pts',(-29.3914710154657,60.3436572937759,7.));
#10439=CARTESIAN_POINT('Ctrl Pts',(-29.370385304891,60.3741873674205,7.));
#10440=CARTESIAN_POINT('Ctrl Pts',(-29.3627774481466,60.385202809649,7.));
#10441=CARTESIAN_POINT('Ctrl Pts',(-29.3553380240399,60.3963431821233,7.));
#10442=CARTESIAN_POINT('Ctrl Pts',(-29.3480679616077,60.4076037258735,7.));
#10443=CARTESIAN_POINT('Ctrl Pts',(-29.341046578013,60.4184790928858,7.));
#10444=CARTESIAN_POINT('Ctrl Pts',(-29.3341876799889,60.4294596572756,7.));
#10445=CARTESIAN_POINT('Ctrl Pts',(-29.3274942107285,60.4405362935334,7.));
#10446=CARTESIAN_POINT('Ctrl Pts',(-29.2996914982551,60.4865453989866,7.));
#10447=CARTESIAN_POINT('Ctrl Pts',(-29.2747252438977,60.5342319745082,7.));
#10448=CARTESIAN_POINT('Ctrl Pts',(-29.2526319490236,60.5832709412236,7.));
#10449=CARTESIAN_POINT('Ctrl Pts',(-29.2437846099434,60.602908771124,7.));
#10450=CARTESIAN_POINT('Ctrl Pts',(-29.2353983824012,60.6227639299164,7.));
#10451=CARTESIAN_POINT('Ctrl Pts',(-29.2274772951095,60.6428171561952,7.));
#10452=CARTESIAN_POINT('Ctrl Pts',(-29.221484750597,60.6579880344687,7.));
#10453=CARTESIAN_POINT('Ctrl Pts',(-29.2157584435278,60.6732722929309,7.));
#10454=CARTESIAN_POINT('Ctrl Pts',(-29.2103005224334,60.6886618650942,7.));
#10455=CARTESIAN_POINT('Ctrl Pts',(-29.2065355493803,60.699277871352,7.));
#10456=CARTESIAN_POINT('Ctrl Pts',(-29.2029002758576,60.7099385941217,7.));
#10457=CARTESIAN_POINT('Ctrl Pts',(-29.1993973123844,60.7206339923292,7.));
#10458=CARTESIAN_POINT('Ctrl Pts',(-29.1815321374092,60.7751807102347,7.));
#10459=CARTESIAN_POINT('Ctrl Pts',(-29.1670847217523,60.8306822218166,7.));
#10460=CARTESIAN_POINT('Ctrl Pts',(-29.1560945018539,60.8867662323672,7.));
#10461=CARTESIAN_POINT('Ctrl Pts',(-29.1454047673936,60.9413168406163,7.));
#10462=CARTESIAN_POINT('Ctrl Pts',(-29.1379854731154,60.9964197957063,7.));
#10463=CARTESIAN_POINT('Ctrl Pts',(-29.133917374232,61.0517618477479,7.));
#10464=CARTESIAN_POINT('Ctrl Pts',(-29.1317975599511,61.0805996109423,7.));
#10465=CARTESIAN_POINT('Ctrl Pts',(-29.1305884524442,61.1095026708914,7.));
#10466=CARTESIAN_POINT('Ctrl Pts',(-29.1303068784962,61.1384282941881,7.));
#10467=CARTESIAN_POINT('Ctrl Pts',(-29.1300967930757,61.1600100199595,7.));
#10468=CARTESIAN_POINT('Ctrl Pts',(-29.1304031244564,61.1816043289749,7.00000000000001));
#10469=CARTESIAN_POINT('Ctrl Pts',(-29.1312343312396,61.2031935854181,7.00000000000001));
#10470=CARTESIAN_POINT('Ctrl Pts',(-29.1315757685917,61.2120618703048,7.00000000000001));
#10471=CARTESIAN_POINT('Ctrl Pts',(-29.1320057826353,61.2209275816777,7.));
#10472=CARTESIAN_POINT('Ctrl Pts',(-29.1325241809923,61.2297801027393,7.));
#10473=CARTESIAN_POINT('Ctrl Pts',(-29.1358181149051,61.2860295467176,7.));
#10474=CARTESIAN_POINT('Ctrl Pts',(-29.1426804355413,61.3418502182433,7.));
#10475=CARTESIAN_POINT('Ctrl Pts',(-29.1531719653423,61.3969235863098,7.));
#10476=CARTESIAN_POINT('Ctrl Pts',(-29.1633962675186,61.4505941918043,7.));
#10477=CARTESIAN_POINT('Ctrl Pts',(-29.177066522406,61.5035562429764,7.));
#10478=CARTESIAN_POINT('Ctrl Pts',(-29.1939313145928,61.5556149424093,7.));
#10479=CARTESIAN_POINT('Ctrl Pts',(-29.2106245842836,61.6071441815341,7.));
#10480=CARTESIAN_POINT('Ctrl Pts',(-29.2304482625405,61.6577890720566,7.));
#10481=CARTESIAN_POINT('Ctrl Pts',(-29.2532059330887,61.7073555149343,7.));
#10482=CARTESIAN_POINT('Ctrl Pts',(-29.257298967076,61.7162701854802,7.));
#10483=CARTESIAN_POINT('Ctrl Pts',(-29.2614872814818,61.72515048046,7.));
#10484=CARTESIAN_POINT('Ctrl Pts',(-29.2657690816035,61.7339935801422,7.));
#10485=CARTESIAN_POINT('Ctrl Pts',(-29.2907669302226,61.7856210407649,7.));
#10486=CARTESIAN_POINT('Ctrl Pts',(-29.3188166707209,61.8357131694009,7.));
#10487=CARTESIAN_POINT('Ctrl Pts',(-29.3496302828301,61.8840620525299,7.));
#10488=CARTESIAN_POINT('Ctrl Pts',(-29.3811689620819,61.9335486207315,7.));
#10489=CARTESIAN_POINT('Ctrl Pts',(-29.4156034968508,61.9812098595314,7.));
#10490=CARTESIAN_POINT('Ctrl Pts',(-29.4526795937455,62.0268145730284,7.));
#10491=CARTESIAN_POINT('Ctrl Pts',(-29.4899934505245,62.0727117383289,7.));
#10492=CARTESIAN_POINT('Ctrl Pts',(-29.5299834396055,62.1165269120002,7.));
#10493=CARTESIAN_POINT('Ctrl Pts',(-29.572437392092,62.1580016336873,7.));
#10494=CARTESIAN_POINT('Ctrl Pts',(-29.5809459685031,62.1663139536937,7.));
#10495=CARTESIAN_POINT('Ctrl Pts',(-29.5895536505817,62.1745321620296,7.));
#10496=CARTESIAN_POINT('Ctrl Pts',(-29.598258923016,62.1826540128806,7.));
#10497=CARTESIAN_POINT('Ctrl Pts',(-29.6057425525772,62.1896360945534,7.));
#10498=CARTESIAN_POINT('Ctrl Pts',(-29.6132962716663,62.196544971425,7.));
#10499=CARTESIAN_POINT('Ctrl Pts',(-29.6209109814907,62.2033723629848,7.));
#10500=CARTESIAN_POINT('Ctrl Pts',(-29.6662431274345,62.2440174194275,7.));
#10501=CARTESIAN_POINT('Ctrl Pts',(-29.7138109574004,62.281849507802,7.));
#10502=CARTESIAN_POINT('Ctrl Pts',(-29.763342764403,62.316629336414,7.));
#10503=CARTESIAN_POINT('Ctrl Pts',(-29.8123679660974,62.3510534411617,7.));
#10504=CARTESIAN_POINT('Ctrl Pts',(-29.8633179199089,62.3824883101205,7.));
#10505=CARTESIAN_POINT('Ctrl Pts',(-29.9159706978979,62.4106741875717,7.));
#10506=CARTESIAN_POINT('Ctrl Pts',(-29.964074847658,62.4364251112992,7.));
#10507=CARTESIAN_POINT('Ctrl Pts',(-30.0136011724046,62.4594643855284,7.));
#10508=CARTESIAN_POINT('Ctrl Pts',(-30.0644034554949,62.4795635738428,7.));
#10509=CARTESIAN_POINT('Ctrl Pts',(-30.0763890648062,62.4843055067631,7.));
#10510=CARTESIAN_POINT('Ctrl Pts',(-30.0884457753936,62.4888836378163,7.));
#10511=CARTESIAN_POINT('Ctrl Pts',(-30.1005706514525,62.4932986357698,7.));
#10512=CARTESIAN_POINT('Ctrl Pts',(-29.2371441213222,60.9992931518398,11.5565803263806));
#10513=CARTESIAN_POINT('Ctrl Pts',(-29.2363024464103,60.8347866181507,11.5462594321935));
#10514=CARTESIAN_POINT('Ctrl Pts',(-29.2661367994669,60.6705727007232,11.5359385380064));
#10515=CARTESIAN_POINT('Ctrl Pts',(-29.3280663559344,60.5195182257609,11.5256176438192));
#10516=CARTESIAN_POINT('Ctrl Pts',(-29.4868707052284,60.1321731683663,11.499152043563));
#10517=CARTESIAN_POINT('Ctrl Pts',(-29.8567170955538,59.8313580376124,11.4726864433067));
#10518=CARTESIAN_POINT('Ctrl Pts',(-30.2682863890238,59.7547736767307,11.4462208430505));
#10519=CARTESIAN_POINT('Ctrl Pts',(-30.6798556824939,59.6781893158489,11.4197552427942));
#10520=CARTESIAN_POINT('Ctrl Pts',(-31.1331478791087,59.8258357248395,11.393289642538));
#10521=CARTESIAN_POINT('Ctrl Pts',(-31.4206547677968,60.130126475131,11.3668240422817));
#10522=CARTESIAN_POINT('Ctrl Pts',(-31.7081616564848,60.4344172254225,11.3403584420255));
#10523=CARTESIAN_POINT('Ctrl Pts',(-31.829883237246,60.895352317015,11.3138928417692));
#10524=CARTESIAN_POINT('Ctrl Pts',(-31.7300948661804,61.3019187113016,11.287427241513));
#10525=CARTESIAN_POINT('Ctrl Pts',(-31.6303064951149,61.7084851055882,11.2609616412567));
#10526=CARTESIAN_POINT('Ctrl Pts',(-31.3090081722226,62.0606828025688,11.2344960410005));
#10527=CARTESIAN_POINT('Ctrl Pts',(-30.9132875544066,62.1972807885497,11.2080304407442));
#10528=CARTESIAN_POINT('Ctrl Pts',(-30.5175669365907,62.3338787745306,11.181564840488));
#10529=CARTESIAN_POINT('Ctrl Pts',(-30.0474240238512,62.2548770495118,11.1550992402317));
#10530=CARTESIAN_POINT('Ctrl Pts',(-29.7180844324356,61.9964411649653,11.1286336399754));
#10531=CARTESIAN_POINT('Ctrl Pts',(-29.4192057795213,61.7619082662454,11.1046158687772));
#10532=CARTESIAN_POINT('Ctrl Pts',(-29.2362888894246,61.3795983033705,11.0805980975789));
#10533=CARTESIAN_POINT('Ctrl Pts',(-29.2338418161919,60.9993291692497,11.0565803263806));
#10534=CARTESIAN_POINT('Ctrl Pts',(-30.1014866126282,62.4906503371893,12.));
#10535=CARTESIAN_POINT('Ctrl Pts',(-30.0434256416854,62.4694350973793,12.));
#10536=CARTESIAN_POINT('Ctrl Pts',(-29.9869652713747,62.4445226749076,12.));
#10537=CARTESIAN_POINT('Ctrl Pts',(-29.9323084563781,62.4162246419484,12.));
#10538=CARTESIAN_POINT('Ctrl Pts',(-29.8785411658148,62.3883871515901,12.));
#10539=CARTESIAN_POINT('Ctrl Pts',(-29.8265185646487,62.3572722234821,12.));
#10540=CARTESIAN_POINT('Ctrl Pts',(-29.7764660913352,62.3231315281732,12.));
#10541=CARTESIAN_POINT('Ctrl Pts',(-29.7382021780674,62.2970317868872,12.));
#10542=CARTESIAN_POINT('Ctrl Pts',(-29.7010902199387,62.2691627080128,12.));
#10543=CARTESIAN_POINT('Ctrl Pts',(-29.665247427767,62.2396244814606,12.));
#10544=CARTESIAN_POINT('Ctrl Pts',(-29.6458002994784,62.2235980045492,12.));
#10545=CARTESIAN_POINT('Ctrl Pts',(-29.6267270553435,62.207080009223,12.));
#10546=CARTESIAN_POINT('Ctrl Pts',(-29.6080484983671,62.1900856217859,12.));
#10547=CARTESIAN_POINT('Ctrl Pts',(-29.6012428381541,62.1838936002839,12.));
#10548=CARTESIAN_POINT('Ctrl Pts',(-29.5944905339798,62.1776391104156,12.));
#10549=CARTESIAN_POINT('Ctrl Pts',(-29.5877996061422,62.1713297637664,12.));
#10550=CARTESIAN_POINT('Ctrl Pts',(-29.5447077887989,62.1306954571412,12.));
#10551=CARTESIAN_POINT('Ctrl Pts',(-29.5040755078483,62.0877136448557,12.));
#10552=CARTESIAN_POINT('Ctrl Pts',(-29.4661086915379,62.0426264078061,12.));
#10553=CARTESIAN_POINT('Ctrl Pts',(-29.4289178389469,61.9984606612464,12.));
#10554=CARTESIAN_POINT('Ctrl Pts',(-29.3942841694382,61.9522737267644,12.));
#10555=CARTESIAN_POINT('Ctrl Pts',(-29.3624441739438,61.9042700392169,12.));
#10556=CARTESIAN_POINT('Ctrl Pts',(-29.3385773240674,61.8682870942942,12.));
#10557=CARTESIAN_POINT('Ctrl Pts',(-29.3162810078296,61.8312828122468,12.));
#10558=CARTESIAN_POINT('Ctrl Pts',(-29.2956734136847,61.7933391149515,12.));
#10559=CARTESIAN_POINT('Ctrl Pts',(-29.2852298109133,61.7741098493009,12.));
#10560=CARTESIAN_POINT('Ctrl Pts',(-29.2752201919802,61.7546392789924,12.));
#10561=CARTESIAN_POINT('Ctrl Pts',(-29.2656616888331,61.7349379831019,12.));
#10562=CARTESIAN_POINT('Ctrl Pts',(-29.2611707729268,61.7256816317959,12.));
#10563=CARTESIAN_POINT('Ctrl Pts',(-29.2567831921084,61.7163819901333,12.));
#10564=CARTESIAN_POINT('Ctrl Pts',(-29.2525016842183,61.7070435720659,12.));
#10565=CARTESIAN_POINT('Ctrl Pts',(-29.2292809358601,61.6563966827985,12.));
#10566=CARTESIAN_POINT('Ctrl Pts',(-29.2091613280525,61.604579320338,12.));
#10567=CARTESIAN_POINT('Ctrl Pts',(-29.1923547663815,61.5517827399012,12.));
#10568=CARTESIAN_POINT('Ctrl Pts',(-29.1798119261303,61.5123803274871,12.));
#10569=CARTESIAN_POINT('Ctrl Pts',(-29.1691152491685,61.4724320809354,12.));
#10570=CARTESIAN_POINT('Ctrl Pts',(-29.1603716572748,61.4320148576033,12.));
#10571=CARTESIAN_POINT('Ctrl Pts',(-29.1486481729737,61.3778230919094,12.));
#10572=CARTESIAN_POINT('Ctrl Pts',(-29.1404346634592,61.3227871448917,12.));
#10573=CARTESIAN_POINT('Ctrl Pts',(-29.1356727973714,61.2672272356217,12.));
#10574=CARTESIAN_POINT('Ctrl Pts',(-29.1343209917842,61.2514548064119,12.));
#10575=CARTESIAN_POINT('Ctrl Pts',(-29.1332476263235,61.2356402419842,12.));
#10576=CARTESIAN_POINT('Ctrl Pts',(-29.1324520053128,61.2197911363964,12.));
#10577=CARTESIAN_POINT('Ctrl Pts',(-29.1319470921334,61.2097330532328,12.));
#10578=CARTESIAN_POINT('Ctrl Pts',(-29.1315541545488,61.1996611908253,12.));
#10579=CARTESIAN_POINT('Ctrl Pts',(-29.1312731429148,61.1895918217669,12.));
#10580=CARTESIAN_POINT('Ctrl Pts',(-29.129720573884,61.1339592832292,12.));
#10581=CARTESIAN_POINT('Ctrl Pts',(-29.1315738455982,61.0782916872217,12.));
#10582=CARTESIAN_POINT('Ctrl Pts',(-29.1367217767148,61.0229060155895,12.));
#10583=CARTESIAN_POINT('Ctrl Pts',(-29.1418676890362,60.9675420638134,12.));
#10584=CARTESIAN_POINT('Ctrl Pts',(-29.1503061462019,60.9124586711072,12.));
#10585=CARTESIAN_POINT('Ctrl Pts',(-29.1619754706602,60.8579876301454,12.));
#10586=CARTESIAN_POINT('Ctrl Pts',(-29.1690438891151,60.8249930799834,12.));
#10587=CARTESIAN_POINT('Ctrl Pts',(-29.1772986510174,60.7922235757139,12.));
#10588=CARTESIAN_POINT('Ctrl Pts',(-29.186733781929,60.7597582309967,12.));
#10589=CARTESIAN_POINT('Ctrl Pts',(-29.191631802828,60.7429046294509,12.));
#10590=CARTESIAN_POINT('Ctrl Pts',(-29.1968480139964,60.726133075684,12.));
#10591=CARTESIAN_POINT('Ctrl Pts',(-29.2023821391437,60.7094552202341,12.));
#10592=CARTESIAN_POINT('Ctrl Pts',(-29.206859119531,60.695963217476,12.));
#10593=CARTESIAN_POINT('Ctrl Pts',(-29.2115454334412,60.6825295474864,12.));
#10594=CARTESIAN_POINT('Ctrl Pts',(-29.2164318502258,60.6691844607356,12.));
#10595=CARTESIAN_POINT('Ctrl Pts',(-29.2348764373127,60.6188112270134,12.));
#10596=CARTESIAN_POINT('Ctrl Pts',(-29.2561907821493,60.5696275183339,12.));
#10597=CARTESIAN_POINT('Ctrl Pts',(-29.2803275087248,60.5219468000606,12.));
#10598=CARTESIAN_POINT('Ctrl Pts',(-29.2972449971343,60.4885272725111,12.));
#10599=CARTESIAN_POINT('Ctrl Pts',(-29.3155498964159,60.4558466113648,12.));
#10600=CARTESIAN_POINT('Ctrl Pts',(-29.33523642368,60.4240238697134,12.));
#10601=CARTESIAN_POINT('Ctrl Pts',(-29.3431929662708,60.4111623326881,12.));
#10602=CARTESIAN_POINT('Ctrl Pts',(-29.3513766662229,60.3984393397818,12.));
#10603=CARTESIAN_POINT('Ctrl Pts',(-29.3597742652995,60.3858820174727,12.));
#10604=CARTESIAN_POINT('Ctrl Pts',(-29.3882407407445,60.3433147665351,12.));
#10605=CARTESIAN_POINT('Ctrl Pts',(-29.4191923348325,60.3025983623788,12.));
#10606=CARTESIAN_POINT('Ctrl Pts',(-29.4526027359592,60.2640330778878,12.));
#10607=CARTESIAN_POINT('Ctrl Pts',(-29.473143512917,60.2403230690184,12.));
#10608=CARTESIAN_POINT('Ctrl Pts',(-29.4946143084517,60.2174268504841,12.));
#10609=CARTESIAN_POINT('Ctrl Pts',(-29.517014366159,60.1954225037841,12.));
#10610=CARTESIAN_POINT('Ctrl Pts',(-29.5245846935957,60.1879859109089,12.));
#10611=CARTESIAN_POINT('Ctrl Pts',(-29.5322611920178,60.1806512463817,12.));
#10612=CARTESIAN_POINT('Ctrl Pts',(-29.5400413099588,60.1734195585523,12.));
#10613=CARTESIAN_POINT('Origin',(-155.00000230968,-66.5000009909272,13.1042117235887));
#10614=CARTESIAN_POINT('Ctrl Pts',(-153.455510248001,-66.5011050892731,
11.8542117235887));
#10615=CARTESIAN_POINT('Ctrl Pts',(-153.454932231082,-66.5720464105841,
11.8505427646906));
#10616=CARTESIAN_POINT('Ctrl Pts',(-153.491639096731,-67.1541250798723,
11.8204082055362));
#10617=CARTESIAN_POINT('Ctrl Pts',(-154.231765204658,-68.1543676365564,
11.7638080461255));
#10618=CARTESIAN_POINT('Ctrl Pts',(-155.973462961243,-68.0423950933354,
11.6844112453568));
#10619=CARTESIAN_POINT('Ctrl Pts',(-156.823837496613,-66.5184230686017,
11.605014444588));
#10620=CARTESIAN_POINT('Ctrl Pts',(-156.004371461868,-64.9774971951028,
11.5256176438192));
#10621=CARTESIAN_POINT('Ctrl Pts',(-154.265317575038,-64.8305828981483,
11.4462208430505));
#10622=CARTESIAN_POINT('Ctrl Pts',(-153.49792615877,-65.8247679085479,11.389085536307));
#10623=CARTESIAN_POINT('Ctrl Pts',(-153.455085744337,-66.4174320225431,
11.3584158298197));
#10624=CARTESIAN_POINT('Ctrl Pts',(-153.455792127889,-66.4987747686979,
11.3542117235887));
#10625=CARTESIAN_POINT('Ctrl Pts',(-153.458578108043,-66.4985184464554,
11.8957882764113));
#10626=CARTESIAN_POINT('Ctrl Pts',(-153.461234133778,-66.8518376475818,
11.877594317095));
#10627=CARTESIAN_POINT('Ctrl Pts',(-153.756379744334,-67.7242416453983,
11.8329347575225));
#10628=CARTESIAN_POINT('Ctrl Pts',(-155.205705879298,-68.3120280807948,
11.7618095976937));
#10629=CARTESIAN_POINT('Ctrl Pts',(-156.633984459031,-67.3102696415893,
11.682412796925));
#10630=CARTESIAN_POINT('Ctrl Pts',(-156.566832337069,-65.566105655936,11.6030159961562));
#10631=CARTESIAN_POINT('Ctrl Pts',(-155.064835765401,-64.6772554970413,
11.5236191953875));
#10632=CARTESIAN_POINT('Ctrl Pts',(-153.706563130126,-65.3557660113537,
11.4545432888058));
#10633=CARTESIAN_POINT('Ctrl Pts',(-153.460573199344,-66.1868487785243,
11.4119329824804));
#10634=CARTESIAN_POINT('Ctrl Pts',(-153.458967020138,-66.5008655431076,
11.3957882764113));
#10635=CARTESIAN_POINT('Ctrl Pts',(-155.958118462402,-67.3252122898637,
12.));
#10636=CARTESIAN_POINT('Ctrl Pts',(-156.232564382087,-67.0065653335783,
11.9735343997437));
#10637=CARTESIAN_POINT('Ctrl Pts',(-156.433234563867,-66.07883703634,11.9206031992312));
#10638=CARTESIAN_POINT('Ctrl Pts',(-155.422368381625,-65.0653535774117,
11.8412063984625));
#10639=CARTESIAN_POINT('Ctrl Pts',(-154.02402953926,-65.3681746579977,11.7618095976937));
#10640=CARTESIAN_POINT('Ctrl Pts',(-153.519593952714,-66.7059104454337,
11.682412796925));
#10641=CARTESIAN_POINT('Ctrl Pts',(-154.370426276433,-67.8557667870375,
11.6030159961562));
#10642=CARTESIAN_POINT('Ctrl Pts',(-155.797760568851,-67.764004453335,11.5236191953875));
#10643=CARTESIAN_POINT('Ctrl Pts',(-156.49464883844,-66.5150980208815,11.4442223946187));
#10644=CARTESIAN_POINT('Ctrl Pts',(-155.823090315475,-65.2522977830077,
11.3648255938499));
#10645=CARTESIAN_POINT('Ctrl Pts',(-154.397922694025,-65.1319004216992,
11.2854287930812));
#10646=CARTESIAN_POINT('Ctrl Pts',(-153.524009523455,-66.2640884500681,
11.2060319923124));
#10647=CARTESIAN_POINT('Ctrl Pts',(-154.001479854087,-67.6122804943136,
11.1266351915437));
#10648=CARTESIAN_POINT('Ctrl Pts',(-155.393175573411,-67.9420909456439,
11.0472383907749));
#10649=CARTESIAN_POINT('Ctrl Pts',(-156.424890345578,-66.9515584251757,
10.9678415900061));
#10650=CARTESIAN_POINT('Ctrl Pts',(-156.152010239558,-65.5475893181085,
10.8884447892374));
#10651=CARTESIAN_POINT('Ctrl Pts',(-154.824377760747,-65.0156271012015,
10.8090479884686));
#10652=CARTESIAN_POINT('Ctrl Pts',(-153.657543175304,-65.8427236724574,
10.7296511876999));
#10653=CARTESIAN_POINT('Ctrl Pts',(-153.719833629798,-67.2716085090977,
10.6502543869311));
#10654=CARTESIAN_POINT('Ctrl Pts',(-154.954217435039,-67.9940269983885,
10.5708575861624));
#10655=CARTESIAN_POINT('Ctrl Pts',(-156.230520825203,-67.3485492629156,
10.4914607853936));
#10656=CARTESIAN_POINT('Ctrl Pts',(-156.380189440215,-65.9261600103146,
10.4120639846248));
#10657=CARTESIAN_POINT('Ctrl Pts',(-155.266190094957,-65.0291665186853,
10.3326671838561));
#10658=CARTESIAN_POINT('Ctrl Pts',(-153.908475265708,-65.478835628924,10.2532703830873));
#10659=CARTESIAN_POINT('Ctrl Pts',(-153.55013778245,-66.8634605302156,10.1738735823186));
#10660=CARTESIAN_POINT('Ctrl Pts',(-154.519263298698,-67.9153101398045,
10.0944767815498));
#10661=CARTESIAN_POINT('Ctrl Pts',(-155.928542524035,-67.6713348691155,
10.015079980781));
#10662=CARTESIAN_POINT('Ctrl Pts',(-156.48767143892,-66.3549129289721,9.93568318001228));
#10663=CARTESIAN_POINT('Ctrl Pts',(-155.684724320285,-65.1713303199299,
9.85628637924351));
#10664=CARTESIAN_POINT('Ctrl Pts',(-154.254861295473,-65.2042483707272,
9.77688957847476));
#10665=CARTESIAN_POINT('Ctrl Pts',(-153.507232442951,-66.423528062469,9.697492777706));
#10666=CARTESIAN_POINT('Ctrl Pts',(-154.126349743219,-67.7128246289361,
9.61809597693724));
#10667=CARTESIAN_POINT('Ctrl Pts',(-155.545363471394,-67.8916874452319,
9.53869917616849));
#10668=CARTESIAN_POINT('Ctrl Pts',(-156.465056918348,-66.7963537830852,
9.45930237539972));
#10669=CARTESIAN_POINT('Ctrl Pts',(-156.043379672706,-65.4296862418349,
9.37990557463096));
#10670=CARTESIAN_POINT('Ctrl Pts',(-154.666409834008,-65.0429745519167,
9.30050877386221));
#10671=CARTESIAN_POINT('Ctrl Pts',(-153.59486968202,-65.9902831449735,9.22111197309345));
#10672=CARTESIAN_POINT('Ctrl Pts',(-153.809837019105,-67.4042778096671,
9.14171517232469));
#10673=CARTESIAN_POINT('Ctrl Pts',(-155.114492638582,-67.9903371772946,
9.06231837155594));
#10674=CARTESIAN_POINT('Ctrl Pts',(-156.314323515772,-67.2118786145349,
8.98292157078717));
#10675=CARTESIAN_POINT('Ctrl Pts',(-156.310791776956,-65.7816410837124,
8.90352477001842));
#10676=CARTESIAN_POINT('Ctrl Pts',(-155.107131001834,-65.0091175524308,
8.82412796924965));
#10677=CARTESIAN_POINT('Ctrl Pts',(-153.805385631777,-65.6016130032224,
8.7447311684809));
#10678=CARTESIAN_POINT('Ctrl Pts',(-153.597404132941,-67.0166520710849,
8.66533436771214));
#10679=CARTESIAN_POINT('Ctrl Pts',(-154.673609637962,-67.9586571560755,
8.58593756694338));
#10680=CARTESIAN_POINT('Ctrl Pts',(-156.048652851986,-67.5651498170956,
8.50654076617462));
#10681=CARTESIAN_POINT('Ctrl Pts',(-156.463575471742,-66.1964164300276,
8.42714396540586));
#10682=CARTESIAN_POINT('Ctrl Pts',(-155.538483773868,-65.1056381616522,
8.3477471646371));
#10683=CARTESIAN_POINT('Ctrl Pts',(-154.120370697486,-65.2915068070164,
8.26835036386835));
#10684=CARTESIAN_POINT('Ctrl Pts',(-153.507628310535,-66.5838452377467,
8.18895356309958));
#10685=CARTESIAN_POINT('Ctrl Pts',(-154.261269664096,-67.7994178136572,
8.10955676233083));
#10686=CARTESIAN_POINT('Ctrl Pts',(-155.691277760148,-67.8252738225615,
8.03015996156207));
#10687=CARTESIAN_POINT('Ctrl Pts',(-156.488369922115,-66.6377402927866,
7.95076316079331));
#10688=CARTESIAN_POINT('Ctrl Pts',(-155.92274621683,-65.3240955044667,7.87136636002455));
#10689=CARTESIAN_POINT('Ctrl Pts',(-154.512279832346,-65.0870836409344,
7.79196955925579));
#10690=CARTESIAN_POINT('Ctrl Pts',(-153.548359674616,-66.1437055404377,
7.71257275848704));
#10691=CARTESIAN_POINT('Ctrl Pts',(-153.913533401248,-67.5265460425125,
7.63317595771828));
#10692=CARTESIAN_POINT('Ctrl Pts',(-155.273447332198,-67.9694998343325,
7.55377915694952));
#10693=CARTESIAN_POINT('Ctrl Pts',(-156.383013791132,-67.0670251548828,
7.47438235618076));
#10694=CARTESIAN_POINT('Ctrl Pts',(-156.226300151243,-65.6453725511805,
7.394985555412));
#10695=CARTESIAN_POINT('Ctrl Pts',(-154.946870796557,-65.006247318005,7.31558875464324));
#10696=CARTESIAN_POINT('Ctrl Pts',(-153.715973325341,-65.7346667875105,
7.23619195387449));
#10697=CARTESIAN_POINT('Ctrl Pts',(-153.66094163046,-67.1640221533905,7.15679515310572));
#10698=CARTESIAN_POINT('Ctrl Pts',(-154.83142668941,-67.984971009737,7.07739835233697));
#10699=CARTESIAN_POINT('Ctrl Pts',(-156.157290217452,-67.4472554437339,
6.9980015515682));
#10700=CARTESIAN_POINT('Ctrl Pts',(-156.42137316496,-66.0403939165192,6.91860475079945));
#10701=CARTESIAN_POINT('Ctrl Pts',(-155.732862316152,-65.3870172055579,
6.86567355028694));
#10702=CARTESIAN_POINT('Ctrl Pts',(-155.326587373211,-65.2784026746717,
6.83920795003069));
#10703=CARTESIAN_POINT('Ctrl Pts',(-156.028458609637,-67.3857952203379,
12.0535973499898));
#10704=CARTESIAN_POINT('Ctrl Pts',(-156.323052990803,-67.0437547811671,
12.0271317497335));
#10705=CARTESIAN_POINT('Ctrl Pts',(-156.538455384426,-66.047917262687,11.974200549221));
#10706=CARTESIAN_POINT('Ctrl Pts',(-155.453376408786,-64.9600288628569,
11.8948037484523));
#10707=CARTESIAN_POINT('Ctrl Pts',(-153.952378447508,-65.2850815688396,
11.8154069476835));
#10708=CARTESIAN_POINT('Ctrl Pts',(-153.410909696113,-66.7210272987565,
11.7360101469148));
#10709=CARTESIAN_POINT('Ctrl Pts',(-154.324205919174,-67.9553004035438,
11.656613346146));
#10710=CARTESIAN_POINT('Ctrl Pts',(-155.856328032982,-67.8568013333351,
11.5772165453772));
#10711=CARTESIAN_POINT('Ctrl Pts',(-156.604378391164,-66.5162063701216,
11.4978197446085));
#10712=CARTESIAN_POINT('Ctrl Pts',(-155.883517364273,-65.1606975870394,
11.4184229438397));
#10713=CARTESIAN_POINT('Ctrl Pts',(-154.353720987696,-65.0314612471823,
11.3390261430709));
#10714=CARTESIAN_POINT('Ctrl Pts',(-153.41564943621,-66.2467689185987,11.2596293423022));
#10715=CARTESIAN_POINT('Ctrl Pts',(-153.928173276024,-67.693938551963,11.1802325415334));
#10716=CARTESIAN_POINT('Ctrl Pts',(-155.422040409037,-68.0479620547486,
11.1008357407647));
#10717=CARTESIAN_POINT('Ctrl Pts',(-156.529498574917,-66.9847095377203,
11.0214389399959));
#10718=CARTESIAN_POINT('Ctrl Pts',(-156.236584961706,-65.4776679655634,
10.9420421392271));
#10719=CARTESIAN_POINT('Ctrl Pts',(-154.811484275344,-64.9066517148067,
10.8626453384584));
#10720=CARTESIAN_POINT('Ctrl Pts',(-153.558986468061,-65.7944696239023,
10.7832485376896));
#10721=CARTESIAN_POINT('Ctrl Pts',(-153.625849979516,-67.3282561152162,
10.7038517369209));
#10722=CARTESIAN_POINT('Ctrl Pts',(-154.950856136083,-68.1037109955093,
10.6244549361521));
#10723=CARTESIAN_POINT('Ctrl Pts',(-156.320859406084,-67.4108454784813,
10.5450581353834));
#10724=CARTESIAN_POINT('Ctrl Pts',(-156.481515950259,-65.8840314448472,
10.4656613346146));
#10725=CARTESIAN_POINT('Ctrl Pts',(-155.285732285072,-64.92118512933,10.3862645338458));
#10726=CARTESIAN_POINT('Ctrl Pts',(-153.828340750947,-65.403866720708,10.3068677330771));
#10727=CARTESIAN_POINT('Ctrl Pts',(-153.4436959027,-66.8901439312151,10.2274709323083));
#10728=CARTESIAN_POINT('Ctrl Pts',(-154.483969819178,-68.0192151346542,
10.1480741315396));
#10729=CARTESIAN_POINT('Ctrl Pts',(-155.996711352214,-67.7573284067655,
10.0686773307708));
#10730=CARTESIAN_POINT('Ctrl Pts',(-156.596888745496,-66.34426128135,9.98928053000204));
#10731=CARTESIAN_POINT('Ctrl Pts',(-155.734993222342,-65.0737858934444,
9.90988372923329));
#10732=CARTESIAN_POINT('Ctrl Pts',(-154.200156729121,-65.1091206246548,
9.83048692846453));
#10733=CARTESIAN_POINT('Ctrl Pts',(-153.397640665468,-66.4179137984449,
9.75109012769578));
#10734=CARTESIAN_POINT('Ctrl Pts',(-154.062210494568,-67.8018641394634,
9.67169332692701));
#10735=CARTESIAN_POINT('Ctrl Pts',(-155.585401189474,-67.9938581787297,
9.59229652615826));
#10736=CARTESIAN_POINT('Ctrl Pts',(-156.572613978718,-66.8181105387505,
9.5128997253895));
#10737=CARTESIAN_POINT('Ctrl Pts',(-156.119979276133,-65.3511090288067,
9.43350292462074));
#10738=CARTESIAN_POINT('Ctrl Pts',(-154.641919125039,-64.9360068800399,
9.35410612385197));
#10739=CARTESIAN_POINT('Ctrl Pts',(-153.491711797006,-65.9528621827755,
9.27470932308322));
#10740=CARTESIAN_POINT('Ctrl Pts',(-153.722460972334,-67.470665339394,9.19531252231446));
#10741=CARTESIAN_POINT('Ctrl Pts',(-155.122897952039,-68.0997502860077,
9.1159157215457));
#10742=CARTESIAN_POINT('Ctrl Pts',(-156.410814475544,-67.2641411473344,
9.03651892077694));
#10743=CARTESIAN_POINT('Ctrl Pts',(-156.40702345394,-65.7289026537244,8.95712212000818));
#10744=CARTESIAN_POINT('Ctrl Pts',(-155.114995860346,-64.8996642671742,
8.87772531923943));
#10745=CARTESIAN_POINT('Ctrl Pts',(-153.717682786174,-65.5356578023325,
8.79832851847067));
#10746=CARTESIAN_POINT('Ctrl Pts',(-153.494432314773,-67.054582037033,8.71893171770191));
#10747=CARTESIAN_POINT('Ctrl Pts',(-154.649647502974,-68.0657444743815,
8.63953491693314));
#10748=CARTESIAN_POINT('Ctrl Pts',(-156.125639586145,-67.6433477736233,
8.56013811616439));
#10749=CARTESIAN_POINT('Ctrl Pts',(-156.571023771632,-66.1741287536837,
8.48074131539563));
#10750=CARTESIAN_POINT('Ctrl Pts',(-155.578016418596,-65.0032709419467,
8.40134451462687));
#10751=CARTESIAN_POINT('Ctrl Pts',(-154.055792496881,-65.202785143587,8.32194771385812));
#10752=CARTESIAN_POINT('Ctrl Pts',(-153.398065595691,-66.5900006674921,
8.24255091308936));
#10753=CARTESIAN_POINT('Ctrl Pts',(-154.20703556846,-67.8948145673491,8.1631541123206));
#10754=CARTESIAN_POINT('Ctrl Pts',(-155.742027783334,-67.9225687964933,
8.08375731155184));
#10755=CARTESIAN_POINT('Ctrl Pts',(-156.597638507871,-66.6478524308037,
8.00436051078308));
#10756=CARTESIAN_POINT('Ctrl Pts',(-155.990489508814,-65.2377663419573,
7.92496371001432));
#10757=CARTESIAN_POINT('Ctrl Pts',(-154.47647366128,-64.9833542401244,7.84556690924556));
#10758=CARTESIAN_POINT('Ctrl Pts',(-153.441787254986,-66.1175480913902,
7.76617010847681));
#10759=CARTESIAN_POINT('Ctrl Pts',(-153.833770229771,-67.6019099009194,
7.68677330770805));
#10760=CARTESIAN_POINT('Ctrl Pts',(-155.293522312762,-68.0773831684272,
7.60737650693929));
#10761=CARTESIAN_POINT('Ctrl Pts',(-156.484547651046,-67.1086532634004,
7.52797970617053));
#10762=CARTESIAN_POINT('Ctrl Pts',(-156.316328871126,-65.5826299597822,
7.44858290540177));
#10763=CARTESIAN_POINT('Ctrl Pts',(-154.942970143755,-64.8965833143385,
7.36918610463301));
#10764=CARTESIAN_POINT('Ctrl Pts',(-153.621706270606,-65.6784797371214,
7.28978930386426));
#10765=CARTESIAN_POINT('Ctrl Pts',(-153.56263442098,-67.2127713016034,7.21039250309549));
#10766=CARTESIAN_POINT('Ctrl Pts',(-154.819050701472,-68.0939901609796,
7.13099570232674));
#10767=CARTESIAN_POINT('Ctrl Pts',(-156.242252569452,-67.5167981787033,
7.05159890155798));
#10768=CARTESIAN_POINT('Ctrl Pts',(-156.525723180301,-66.0066518392232,
6.97220210078922));
#10769=CARTESIAN_POINT('Ctrl Pts',(-155.786665271682,-65.30530744301,6.91927090027671));
#10770=CARTESIAN_POINT('Ctrl Pts',(-155.350563632653,-65.188718970684,6.89280530002046));
#10771=CARTESIAN_POINT('Ctrl Pts',(-156.098798756871,-67.4463781508121,
12.1071946999795));
#10772=CARTESIAN_POINT('Ctrl Pts',(-156.41354159952,-67.080944228756,12.0807290997233));
#10773=CARTESIAN_POINT('Ctrl Pts',(-156.643676204985,-66.016997489034,12.0277978992108));
#10774=CARTESIAN_POINT('Ctrl Pts',(-155.484384435947,-64.854704148302,11.948401098442));
#10775=CARTESIAN_POINT('Ctrl Pts',(-153.880727355756,-65.2019884796816,
11.8690042976733));
#10776=CARTESIAN_POINT('Ctrl Pts',(-153.302225439512,-66.7361441520793,
11.7896074969045));
#10777=CARTESIAN_POINT('Ctrl Pts',(-154.277985561916,-68.0548340200501,
11.7102106961358));
#10778=CARTESIAN_POINT('Ctrl Pts',(-155.914895497113,-67.9495982133353,
11.630813895367));
#10779=CARTESIAN_POINT('Ctrl Pts',(-156.714107943888,-66.5173147193616,
11.5514170945982));
#10780=CARTESIAN_POINT('Ctrl Pts',(-155.94394441307,-65.0690973910711,11.4720202938295));
#10781=CARTESIAN_POINT('Ctrl Pts',(-154.309519281367,-64.9310220726653,
11.3926234930607));
#10782=CARTESIAN_POINT('Ctrl Pts',(-153.307289348965,-66.2294493871292,
11.313226692292));
#10783=CARTESIAN_POINT('Ctrl Pts',(-153.854866697961,-67.7755966096124,
11.2338298915232));
#10784=CARTESIAN_POINT('Ctrl Pts',(-155.450905244663,-68.1538331638533,
11.1544330907544));
#10785=CARTESIAN_POINT('Ctrl Pts',(-156.634106804256,-67.017860650265,11.0750362899857));
#10786=CARTESIAN_POINT('Ctrl Pts',(-156.321159683855,-65.4077466130182,
10.9956394892169));
#10787=CARTESIAN_POINT('Ctrl Pts',(-154.79859078994,-64.797676328412,10.9162426884482));
#10788=CARTESIAN_POINT('Ctrl Pts',(-153.460429760819,-65.7462155753471,
10.8368458876794));
#10789=CARTESIAN_POINT('Ctrl Pts',(-153.531866329233,-67.3849037213347,
10.7574490869106));
#10790=CARTESIAN_POINT('Ctrl Pts',(-154.947494837128,-68.2133949926303,
10.6780522861419));
#10791=CARTESIAN_POINT('Ctrl Pts',(-156.411197986965,-67.4731416940471,
10.5986554853731));
#10792=CARTESIAN_POINT('Ctrl Pts',(-156.582842460304,-65.8419028793798,
10.5192586846044));
#10793=CARTESIAN_POINT('Ctrl Pts',(-155.305274475186,-64.8132037399747,
10.4398618838356));
#10794=CARTESIAN_POINT('Ctrl Pts',(-153.748206236186,-65.3288978124918,
10.3604650830668));
#10795=CARTESIAN_POINT('Ctrl Pts',(-153.337254022949,-66.9168273322146,
10.2810682822981));
#10796=CARTESIAN_POINT('Ctrl Pts',(-154.448676339658,-68.123120129504,10.2016714815293));
#10797=CARTESIAN_POINT('Ctrl Pts',(-156.064880180393,-67.8433219444155,
10.1222746807606));
#10798=CARTESIAN_POINT('Ctrl Pts',(-156.706106052071,-66.3336096337279,
10.0428778799918));
#10799=CARTESIAN_POINT('Ctrl Pts',(-155.785262124399,-64.9762414669589,
9.96348107922306));
#10800=CARTESIAN_POINT('Ctrl Pts',(-154.145452162769,-65.0139928785825,
9.8840842784543));
#10801=CARTESIAN_POINT('Ctrl Pts',(-153.288048887984,-66.4122995344207,
9.80468747768554));
#10802=CARTESIAN_POINT('Ctrl Pts',(-153.998071245916,-67.8909036499908,
9.72529067691678));
#10803=CARTESIAN_POINT('Ctrl Pts',(-155.625438907554,-68.0960289122275,
9.64589387614803));
#10804=CARTESIAN_POINT('Ctrl Pts',(-156.680171039088,-66.8398672944157,
9.56649707537927));
#10805=CARTESIAN_POINT('Ctrl Pts',(-156.196578879561,-65.2725318157786,
9.48710027461051));
#10806=CARTESIAN_POINT('Ctrl Pts',(-154.61742841607,-64.8290392081632,9.40770347384175));
#10807=CARTESIAN_POINT('Ctrl Pts',(-153.388553911991,-65.9154412205775,
9.32830667307299));
#10808=CARTESIAN_POINT('Ctrl Pts',(-153.635084925563,-67.537052869121,9.24890987230423));
#10809=CARTESIAN_POINT('Ctrl Pts',(-155.131303265496,-68.2091633947209,
9.16951307153548));
#10810=CARTESIAN_POINT('Ctrl Pts',(-156.507305435316,-67.3164036801338,
9.09011627076671));
#10811=CARTESIAN_POINT('Ctrl Pts',(-156.503255130923,-65.6761642237365,
9.01071946999796));
#10812=CARTESIAN_POINT('Ctrl Pts',(-155.122860718858,-64.7902109819174,
8.9313226692292));
#10813=CARTESIAN_POINT('Ctrl Pts',(-153.629979940571,-65.4697026014426,
8.85192586846043));
#10814=CARTESIAN_POINT('Ctrl Pts',(-153.391460496605,-67.092512002981,8.77252906769169));
#10815=CARTESIAN_POINT('Ctrl Pts',(-154.625685367987,-68.1728317926876,
8.69313226692292));
#10816=CARTESIAN_POINT('Ctrl Pts',(-156.202626320304,-67.721545730151,8.61373546615417));
#10817=CARTESIAN_POINT('Ctrl Pts',(-156.678472071522,-66.1518410773398,
8.5343386653854));
#10818=CARTESIAN_POINT('Ctrl Pts',(-155.617549063325,-64.900903722241,8.45494186461664));
#10819=CARTESIAN_POINT('Ctrl Pts',(-153.991214296276,-65.1140634801578,
8.37554506384789));
#10820=CARTESIAN_POINT('Ctrl Pts',(-153.288502880847,-66.5961560972375,
8.29614826307912));
#10821=CARTESIAN_POINT('Ctrl Pts',(-154.152801472824,-67.990211321041,8.21675146231037));
#10822=CARTESIAN_POINT('Ctrl Pts',(-155.792777806519,-68.019863770425,8.13735466154161));
#10823=CARTESIAN_POINT('Ctrl Pts',(-156.706907093626,-66.6579645688207,
8.05795786077286));
#10824=CARTESIAN_POINT('Ctrl Pts',(-156.058232800798,-65.151437179448,7.97856106000409));
#10825=CARTESIAN_POINT('Ctrl Pts',(-154.440667490215,-64.8796248393143,
7.89916425923534));
#10826=CARTESIAN_POINT('Ctrl Pts',(-153.335214835356,-66.0913906423429,
7.81976745846657));
#10827=CARTESIAN_POINT('Ctrl Pts',(-153.754007058294,-67.6772737593262,
7.74037065769782));
#10828=CARTESIAN_POINT('Ctrl Pts',(-155.313597293326,-68.185266502522,7.66097385692905));
#10829=CARTESIAN_POINT('Ctrl Pts',(-156.58608151096,-67.150281371918,7.5815770561603));
#10830=CARTESIAN_POINT('Ctrl Pts',(-156.406357591009,-65.5198873683838,
7.50218025539154));
#10831=CARTESIAN_POINT('Ctrl Pts',(-154.939069490953,-64.7869193106721,
7.42278345462278));
#10832=CARTESIAN_POINT('Ctrl Pts',(-153.52743921587,-65.622292686732,7.34338665385403));
#10833=CARTESIAN_POINT('Ctrl Pts',(-153.4643272115,-67.2615204498165,7.26398985308526));
#10834=CARTESIAN_POINT('Ctrl Pts',(-154.806674713533,-68.2030093122221,
7.18459305231651));
#10835=CARTESIAN_POINT('Ctrl Pts',(-156.327214921453,-67.5863409136729,
7.10519625154775));
#10836=CARTESIAN_POINT('Ctrl Pts',(-156.630073195641,-65.9729097619271,
7.02579945077899));
#10837=CARTESIAN_POINT('Ctrl Pts',(-155.840468227212,-65.2235976804622,
6.97286825026648));
#10838=CARTESIAN_POINT('Ctrl Pts',(-155.374539892095,-65.0990352666963,
6.94640265001023));
#10839=CARTESIAN_POINT('Ctrl Pts',(-156.169138904105,-67.5069610812863,
12.1607920499693));
#10840=CARTESIAN_POINT('Ctrl Pts',(-156.504030208236,-67.1181336763448,
12.1343264497131));
#10841=CARTESIAN_POINT('Ctrl Pts',(-156.748897025544,-65.986077715381,12.0813952492006));
#10842=CARTESIAN_POINT('Ctrl Pts',(-155.515392463109,-64.749379433747,12.0019984484318));
#10843=CARTESIAN_POINT('Ctrl Pts',(-153.809076264004,-65.1188953905236,
11.922601647663));
#10844=CARTESIAN_POINT('Ctrl Pts',(-153.193541182911,-66.7512610054021,
11.8432048468943));
#10845=CARTESIAN_POINT('Ctrl Pts',(-154.231765204658,-68.1543676365564,
11.7638080461255));
#10846=CARTESIAN_POINT('Ctrl Pts',(-155.973462961243,-68.0423950933354,
11.6844112453568));
#10847=CARTESIAN_POINT('Ctrl Pts',(-156.823837496613,-66.5184230686017,
11.605014444588));
#10848=CARTESIAN_POINT('Ctrl Pts',(-156.004371461868,-64.9774971951028,
11.5256176438192));
#10849=CARTESIAN_POINT('Ctrl Pts',(-154.265317575038,-64.8305828981483,
11.4462208430505));
#10850=CARTESIAN_POINT('Ctrl Pts',(-153.19892926172,-66.2121298556599,11.3668240422817));
#10851=CARTESIAN_POINT('Ctrl Pts',(-153.781560119898,-67.8572546672618,
11.287427241513));
#10852=CARTESIAN_POINT('Ctrl Pts',(-155.47977008029,-68.259704272958,11.2080304407442));
#10853=CARTESIAN_POINT('Ctrl Pts',(-156.738715033595,-67.0510117628097,
11.1286336399755));
#10854=CARTESIAN_POINT('Ctrl Pts',(-156.405734406004,-65.337825260473,11.0492368392067));
#10855=CARTESIAN_POINT('Ctrl Pts',(-154.785697304537,-64.6887009420172,
10.969840038438));
#10856=CARTESIAN_POINT('Ctrl Pts',(-153.361873053577,-65.697961526792,10.8904432376692));
#10857=CARTESIAN_POINT('Ctrl Pts',(-153.437882678951,-67.4415513274532,
10.8110464369004));
#10858=CARTESIAN_POINT('Ctrl Pts',(-154.944133538173,-68.3230789897511,
10.7316496361317));
#10859=CARTESIAN_POINT('Ctrl Pts',(-156.501536567846,-67.5354379096129,
10.6522528353629));
#10860=CARTESIAN_POINT('Ctrl Pts',(-156.684168970348,-65.7997743139124,
10.5728560345941));
#10861=CARTESIAN_POINT('Ctrl Pts',(-155.324816665301,-64.7052223506193,
10.4934592338254));
#10862=CARTESIAN_POINT('Ctrl Pts',(-153.668071721425,-65.2539289042758,
10.4140624330566));
#10863=CARTESIAN_POINT('Ctrl Pts',(-153.230812143199,-66.9435107332141,
10.3346656322879));
#10864=CARTESIAN_POINT('Ctrl Pts',(-154.413382860138,-68.2270251243537,
10.2552688315191));
#10865=CARTESIAN_POINT('Ctrl Pts',(-156.133049008572,-67.9293154820655,
10.1758720307504));
#10866=CARTESIAN_POINT('Ctrl Pts',(-156.815323358646,-66.3229579861058,
10.0964752299816));
#10867=CARTESIAN_POINT('Ctrl Pts',(-155.835531026456,-64.8786970404733,
10.0170784292128));
#10868=CARTESIAN_POINT('Ctrl Pts',(-154.090747596417,-64.91886513251,9.93768162844407));
#10869=CARTESIAN_POINT('Ctrl Pts',(-153.1784571105,-66.4066852703966,9.85828482767531));
#10870=CARTESIAN_POINT('Ctrl Pts',(-153.933931997265,-67.9799431605181,
9.77888802690656));
#10871=CARTESIAN_POINT('Ctrl Pts',(-155.665476625634,-68.1981996457253,
9.69949122613779));
#10872=CARTESIAN_POINT('Ctrl Pts',(-156.787728099458,-66.8616240500809,
9.62009442536904));
#10873=CARTESIAN_POINT('Ctrl Pts',(-156.273178482989,-65.1939546027505,
9.54069762460028));
#10874=CARTESIAN_POINT('Ctrl Pts',(-154.5929377071,-64.7220715362864,9.46130082383152));
#10875=CARTESIAN_POINT('Ctrl Pts',(-153.285396026977,-65.8780202583795,
9.38190402306276));
#10876=CARTESIAN_POINT('Ctrl Pts',(-153.547708878792,-67.6034403988479,
9.302507222294));
#10877=CARTESIAN_POINT('Ctrl Pts',(-155.139708578953,-68.318576503434,9.22311042152525));
#10878=CARTESIAN_POINT('Ctrl Pts',(-156.603796395089,-67.3686662129333,
9.14371362075648));
#10879=CARTESIAN_POINT('Ctrl Pts',(-156.599486807907,-65.6234257937484,
9.06431681998773));
#10880=CARTESIAN_POINT('Ctrl Pts',(-155.13072557737,-64.6807576966608,8.98492001921897));
#10881=CARTESIAN_POINT('Ctrl Pts',(-153.542277094967,-65.4037474005527,
8.90552321845021));
#10882=CARTESIAN_POINT('Ctrl Pts',(-153.288488678436,-67.1304419689291,
8.82612641768145));
#10883=CARTESIAN_POINT('Ctrl Pts',(-154.601723233,-68.2799191109935,8.74672961691269));
#10884=CARTESIAN_POINT('Ctrl Pts',(-156.279613054463,-67.7997436866788,
8.66733281614394));
#10885=CARTESIAN_POINT('Ctrl Pts',(-156.785920371413,-66.1295534009959,
8.58793601537517));
#10886=CARTESIAN_POINT('Ctrl Pts',(-155.657081708053,-64.7985365025355,
8.50853921460642));
#10887=CARTESIAN_POINT('Ctrl Pts',(-153.926636095671,-65.0253418167284,
8.42914241383765));
#10888=CARTESIAN_POINT('Ctrl Pts',(-153.178940166003,-66.602311526983,8.3497456130689));
#10889=CARTESIAN_POINT('Ctrl Pts',(-154.098567377188,-68.0856080747329,
8.27034881230013));
#10890=CARTESIAN_POINT('Ctrl Pts',(-155.843527829705,-68.1171587443568,
8.19095201153139));
#10891=CARTESIAN_POINT('Ctrl Pts',(-156.816175679381,-66.6680767068378,
8.11155521076261));
#10892=CARTESIAN_POINT('Ctrl Pts',(-156.125976092782,-65.0651080169386,
8.03215840999387));
#10893=CARTESIAN_POINT('Ctrl Pts',(-154.404861319149,-64.7758954385042,
7.9527616092251));
#10894=CARTESIAN_POINT('Ctrl Pts',(-153.228642415726,-66.0652331932955,
7.87336480845636));
#10895=CARTESIAN_POINT('Ctrl Pts',(-153.674243886817,-67.752637617733,7.79396800768759));
#10896=CARTESIAN_POINT('Ctrl Pts',(-155.333672273891,-68.2931498366168,
7.71457120691883));
#10897=CARTESIAN_POINT('Ctrl Pts',(-156.687615370874,-67.1919094804356,
7.63517440615007));
#10898=CARTESIAN_POINT('Ctrl Pts',(-156.496386310892,-65.4571447769856,
7.55577760538132));
#10899=CARTESIAN_POINT('Ctrl Pts',(-154.935168838151,-64.6772553070055,
7.47638080461254));
#10900=CARTESIAN_POINT('Ctrl Pts',(-153.433172161135,-65.5661056363429,
7.39698400384381));
#10901=CARTESIAN_POINT('Ctrl Pts',(-153.36602000202,-67.3102695980295,7.31758720307503));
#10902=CARTESIAN_POINT('Ctrl Pts',(-154.794298725595,-68.3120284634646,
7.23819040230629));
#10903=CARTESIAN_POINT('Ctrl Pts',(-156.412177273454,-67.6558836486423,
7.15879360153752));
#10904=CARTESIAN_POINT('Ctrl Pts',(-156.734423210982,-65.9391676846311,
7.07939680076876));
#10905=CARTESIAN_POINT('Ctrl Pts',(-155.894271182742,-65.1418879179143,
7.02646560025625));
#10906=CARTESIAN_POINT('Ctrl Pts',(-155.398516151537,-65.0093515627087,
7.));
#10907=CARTESIAN_POINT('Ctrl Pts',(-155.398516151537,-65.0093515627087,
7.));
#10908=CARTESIAN_POINT('Ctrl Pts',(-155.456487735229,-65.030534140785,7.));
#10909=CARTESIAN_POINT('Ctrl Pts',(-155.512938172235,-65.0554337935663,
7.));
#10910=CARTESIAN_POINT('Ctrl Pts',(-155.567647404468,-65.0837628726498,
7.));
#10911=CARTESIAN_POINT('Ctrl Pts',(-155.620143112375,-65.1109457629991,
7.));
#10912=CARTESIAN_POINT('Ctrl Pts',(-155.671036084865,-65.1412873097773,
7.));
#10913=CARTESIAN_POINT('Ctrl Pts',(-155.720099481326,-65.1745683687185,
7.));
#10914=CARTESIAN_POINT('Ctrl Pts',(-155.731996492395,-65.182638440405,7.));
#10915=CARTESIAN_POINT('Ctrl Pts',(-155.743779593108,-65.1908773723765,
7.));
#10916=CARTESIAN_POINT('Ctrl Pts',(-155.755439911545,-65.1992774266565,
7.));
#10917=CARTESIAN_POINT('Ctrl Pts',(-155.804276704874,-65.2344592887159,
7.));
#10918=CARTESIAN_POINT('Ctrl Pts',(-155.850996117337,-65.2724874154892,
7.));
#10919=CARTESIAN_POINT('Ctrl Pts',(-155.895367658155,-65.3131161925914,
7.));
#10920=CARTESIAN_POINT('Ctrl Pts',(-155.923934720991,-65.3392736080666,
7.));
#10921=CARTESIAN_POINT('Ctrl Pts',(-155.951527833927,-65.3665097305629,
7.));
#10922=CARTESIAN_POINT('Ctrl Pts',(-155.978075537566,-65.3947647319291,
7.));
#10923=CARTESIAN_POINT('Ctrl Pts',(-155.989106936984,-65.4065055668379,
7.));
#10924=CARTESIAN_POINT('Ctrl Pts',(-155.999961342312,-65.4184267066935,
7.));
#10925=CARTESIAN_POINT('Ctrl Pts',(-156.010612257041,-65.4304995751873,
7.));
#10926=CARTESIAN_POINT('Ctrl Pts',(-156.05090718913,-65.4761740950214,7.));
#10927=CARTESIAN_POINT('Ctrl Pts',(-156.088345712107,-65.5240695841924,
7.));
#10928=CARTESIAN_POINT('Ctrl Pts',(-156.122692676585,-65.5739280027809,
7.));
#10929=CARTESIAN_POINT('Ctrl Pts',(-156.155042913188,-65.6208879499709,
7.));
#10930=CARTESIAN_POINT('Ctrl Pts',(-156.184650713526,-65.669590314737,7.));
#10931=CARTESIAN_POINT('Ctrl Pts',(-156.211273372289,-65.7198381526491,
7.));
#10932=CARTESIAN_POINT('Ctrl Pts',(-156.226196349844,-65.7480039103974,
7.));
#10933=CARTESIAN_POINT('Ctrl Pts',(-156.240180537577,-65.7766555097381,
7.));
#10934=CARTESIAN_POINT('Ctrl Pts',(-156.253176038244,-65.8057592905041,
7.));
#10935=CARTESIAN_POINT('Ctrl Pts',(-156.264649145927,-65.8314536303552,
7.));
#10936=CARTESIAN_POINT('Ctrl Pts',(-156.275351581082,-65.8575004405994,
7.));
#10937=CARTESIAN_POINT('Ctrl Pts',(-156.285245333389,-65.8838765304317,
7.));
#10938=CARTESIAN_POINT('Ctrl Pts',(-156.288673296255,-65.8930152529006,
7.));
#10939=CARTESIAN_POINT('Ctrl Pts',(-156.292002571224,-65.902189463612,7.));
#10940=CARTESIAN_POINT('Ctrl Pts',(-156.295229276255,-65.9113905465224,
7.));
#10941=CARTESIAN_POINT('Ctrl Pts',(-156.313263283,-65.9628152629666,7.));
#10942=CARTESIAN_POINT('Ctrl Pts',(-156.328124040931,-66.0151497351804,
7.));
#10943=CARTESIAN_POINT('Ctrl Pts',(-156.339604171907,-66.0682151646307,
7.));
#10944=CARTESIAN_POINT('Ctrl Pts',(-156.351554550118,-66.1234542514686,
7.));
#10945=CARTESIAN_POINT('Ctrl Pts',(-156.359841728695,-66.1794865003938,
7.));
#10946=CARTESIAN_POINT('Ctrl Pts',(-156.364557969518,-66.2359758518087,
7.));
#10947=CARTESIAN_POINT('Ctrl Pts',(-156.368601985744,-66.2844135508645,
7.));
#10948=CARTESIAN_POINT('Ctrl Pts',(-156.370019407073,-66.33318778858,7.));
#10949=CARTESIAN_POINT('Ctrl Pts',(-156.368839195528,-66.3820777832816,
7.));
#10950=CARTESIAN_POINT('Ctrl Pts',(-156.368589617938,-66.3924164781559,
7.));
#10951=CARTESIAN_POINT('Ctrl Pts',(-156.368223787815,-66.4027603018278,
7.));
#10952=CARTESIAN_POINT('Ctrl Pts',(-156.367741838796,-66.4131070808924,
7.));
#10953=CARTESIAN_POINT('Ctrl Pts',(-156.367285109677,-66.4229124235902,
7.));
#10954=CARTESIAN_POINT('Ctrl Pts',(-156.366724263366,-66.4327156315009,
7.));
#10955=CARTESIAN_POINT('Ctrl Pts',(-156.366060382341,-66.442506936245,7.));
#10956=CARTESIAN_POINT('Ctrl Pts',(-156.362305742085,-66.4978825616936,
7.));
#10957=CARTESIAN_POINT('Ctrl Pts',(-156.35525616126,-66.5529565154284,7.));
#10958=CARTESIAN_POINT('Ctrl Pts',(-156.34501118902,-66.6074143229845,7.));
#10959=CARTESIAN_POINT('Ctrl Pts',(-156.33482736536,-66.6615470913385,7.));
#10960=CARTESIAN_POINT('Ctrl Pts',(-156.321485673221,-66.7150721340373,
7.));
#10961=CARTESIAN_POINT('Ctrl Pts',(-156.305037315822,-66.7676600044334,
7.));
#10962=CARTESIAN_POINT('Ctrl Pts',(-156.296562256206,-66.7947560436191,
7.));
#10963=CARTESIAN_POINT('Ctrl Pts',(-156.287261710876,-66.8216028413967,
7.));
#10964=CARTESIAN_POINT('Ctrl Pts',(-156.277138468068,-66.848151762807,7.));
#10965=CARTESIAN_POINT('Ctrl Pts',(-156.270664479596,-66.8651302562027,
7.));
#10966=CARTESIAN_POINT('Ctrl Pts',(-156.263853966722,-66.8819868694756,
7.));
#10967=CARTESIAN_POINT('Ctrl Pts',(-156.2567071038,-66.8987082154097,7.));
#10968=CARTESIAN_POINT('Ctrl Pts',(-156.252750707904,-66.9079649011969,
7.));
#10969=CARTESIAN_POINT('Ctrl Pts',(-156.248690169829,-66.9171824425922,
7.));
#10970=CARTESIAN_POINT('Ctrl Pts',(-156.244528927896,-66.9263509003991,
7.));
#10971=CARTESIAN_POINT('Ctrl Pts',(-156.222508543589,-66.9748683785099,
7.));
#10972=CARTESIAN_POINT('Ctrl Pts',(-156.197737228944,-67.0218731785783,
7.));
#10973=CARTESIAN_POINT('Ctrl Pts',(-156.17027743114,-67.0670720457755,7.));
#10974=CARTESIAN_POINT('Ctrl Pts',(-156.143791691488,-67.110667611836,7.));
#10975=CARTESIAN_POINT('Ctrl Pts',(-156.114804214264,-67.1525837476951,
7.));
#10976=CARTESIAN_POINT('Ctrl Pts',(-156.083337417262,-67.1925244016581,
7.));
#10977=CARTESIAN_POINT('Ctrl Pts',(-156.05230788687,-67.2319100352193,7.));
#10978=CARTESIAN_POINT('Ctrl Pts',(-156.018867055724,-67.2693753578743,
7.));
#10979=CARTESIAN_POINT('Ctrl Pts',(-155.983010305819,-67.3045942466938,
7.));
#10980=CARTESIAN_POINT('Ctrl Pts',(-155.975441740533,-67.3120281736398,
7.));
#10981=CARTESIAN_POINT('Ctrl Pts',(-155.967765452689,-67.3193618398171,
7.));
#10982=CARTESIAN_POINT('Ctrl Pts',(-155.959983891188,-67.3265940412379,
7.));
#10983=CARTESIAN_POINT('Ctrl Pts',(-155.958118462402,-67.3252122898637,
12.));
#10984=CARTESIAN_POINT('Ctrl Pts',(-155.994977268086,-67.2907910638879,
12.));
#10985=CARTESIAN_POINT('Ctrl Pts',(-156.029453486718,-67.2541294686065,
12.));
#10986=CARTESIAN_POINT('Ctrl Pts',(-156.06154748504,-67.2155479467201,12.));
#10987=CARTESIAN_POINT('Ctrl Pts',(-156.095092684717,-67.1752218757058,
12.));
#10988=CARTESIAN_POINT('Ctrl Pts',(-156.126035975326,-67.1327978703269,
12.));
#10989=CARTESIAN_POINT('Ctrl Pts',(-156.154349613284,-67.0885920751713,
12.));
#10990=CARTESIAN_POINT('Ctrl Pts',(-156.177417058793,-67.0525771069624,
12.));
#10991=CARTESIAN_POINT('Ctrl Pts',(-156.198738633193,-67.0153783078936,
12.));
#10992=CARTESIAN_POINT('Ctrl Pts',(-156.218282147295,-66.9771477089309,
12.));
#10993=CARTESIAN_POINT('Ctrl Pts',(-156.227517728533,-66.9590812649601,
12.));
#10994=CARTESIAN_POINT('Ctrl Pts',(-156.236355996806,-66.9407841906947,
12.));
#10995=CARTESIAN_POINT('Ctrl Pts',(-156.244792180542,-66.9222715532523,
12.));
#10996=CARTESIAN_POINT('Ctrl Pts',(-156.248983741281,-66.9130734553086,
12.));
#10997=CARTESIAN_POINT('Ctrl Pts',(-156.253072423007,-66.9038299669787,
12.));
#10998=CARTESIAN_POINT('Ctrl Pts',(-156.257056456503,-66.8945471405346,
12.));
#10999=CARTESIAN_POINT('Ctrl Pts',(-156.278552361772,-66.8444615280419,
12.));
#11000=CARTESIAN_POINT('Ctrl Pts',(-156.297020767948,-66.7931985769805,
12.));
#11001=CARTESIAN_POINT('Ctrl Pts',(-156.312434757694,-66.7410900033809,
12.));
#11002=CARTESIAN_POINT('Ctrl Pts',(-156.328084871628,-66.6881831877412,
12.));
#11003=CARTESIAN_POINT('Ctrl Pts',(-156.340586840578,-66.6344036994594,
12.));
#11004=CARTESIAN_POINT('Ctrl Pts',(-156.349871584298,-66.5800651339226,
12.));
#11005=CARTESIAN_POINT('Ctrl Pts',(-156.356619994065,-66.540570354367,12.));
#11006=CARTESIAN_POINT('Ctrl Pts',(-156.361667987194,-66.5007794589094,
12.));
#11007=CARTESIAN_POINT('Ctrl Pts',(-156.36497317088,-66.4608064692807,12.));
#11008=CARTESIAN_POINT('Ctrl Pts',(-156.366097563394,-66.4472080328259,
12.));
#11009=CARTESIAN_POINT('Ctrl Pts',(-156.367020138901,-66.4335884949057,
12.));
#11010=CARTESIAN_POINT('Ctrl Pts',(-156.367738838846,-66.4199522829546,
12.));
#11011=CARTESIAN_POINT('Ctrl Pts',(-156.368285774842,-66.4095750243781,
12.));
#11012=CARTESIAN_POINT('Ctrl Pts',(-156.368714185698,-66.3991957751234,
12.));
#11013=CARTESIAN_POINT('Ctrl Pts',(-156.369023569264,-66.3888224770094,
12.));
#11014=CARTESIAN_POINT('Ctrl Pts',(-156.370718023882,-66.3320092367765,
12.));
#11015=CARTESIAN_POINT('Ctrl Pts',(-156.368848829861,-66.2753212267894,
12.));
#11016=CARTESIAN_POINT('Ctrl Pts',(-156.363358252962,-66.2190916735932,
12.));
#11017=CARTESIAN_POINT('Ctrl Pts',(-156.359551632539,-66.1801076889315,
12.));
#11018=CARTESIAN_POINT('Ctrl Pts',(-156.354003438859,-66.1413434090679,
12.));
#11019=CARTESIAN_POINT('Ctrl Pts',(-156.346680382672,-66.1029054532553,
12.));
#11020=CARTESIAN_POINT('Ctrl Pts',(-156.336382799932,-66.0488545187444,
12.));
#11021=CARTESIAN_POINT('Ctrl Pts',(-156.322578044318,-65.9954482184547,
12.));
#11022=CARTESIAN_POINT('Ctrl Pts',(-156.305492767108,-65.9428878460801,
12.));
#11023=CARTESIAN_POINT('Ctrl Pts',(-156.300582904198,-65.927783366374,12.));
#11024=CARTESIAN_POINT('Ctrl Pts',(-156.295401796689,-65.9127487856661,
12.));
#11025=CARTESIAN_POINT('Ctrl Pts',(-156.289954058256,-65.8977890193083,
12.));
#11026=CARTESIAN_POINT('Ctrl Pts',(-156.286478983502,-65.8882462875767,
12.));
#11027=CARTESIAN_POINT('Ctrl Pts',(-156.282895334975,-65.8787341063593,
12.));
#11028=CARTESIAN_POINT('Ctrl Pts',(-156.279209754516,-65.8692670499915,
12.));
#11029=CARTESIAN_POINT('Ctrl Pts',(-156.25865203843,-65.8164609698804,12.));
#11030=CARTESIAN_POINT('Ctrl Pts',(-156.23489013648,-65.764954213909,12.));
#11031=CARTESIAN_POINT('Ctrl Pts',(-156.208211776544,-65.7149519793777,
12.));
#11032=CARTESIAN_POINT('Ctrl Pts',(-156.180892983852,-65.6637494061095,
12.));
#11033=CARTESIAN_POINT('Ctrl Pts',(-156.150515679614,-65.6141235624864,
12.));
#11034=CARTESIAN_POINT('Ctrl Pts',(-156.117333233268,-65.5663004868927,
12.));
#11035=CARTESIAN_POINT('Ctrl Pts',(-156.096320884627,-65.5360171519333,
12.));
#11036=CARTESIAN_POINT('Ctrl Pts',(-156.074182606104,-65.5064568623392,
12.));
#11037=CARTESIAN_POINT('Ctrl Pts',(-156.050972691026,-65.4776807165612,
12.));
#11038=CARTESIAN_POINT('Ctrl Pts',(-156.032997878761,-65.4553951624626,
12.));
#11039=CARTESIAN_POINT('Ctrl Pts',(-156.014380174342,-65.4335799592948,
12.));
#11040=CARTESIAN_POINT('Ctrl Pts',(-155.995142002895,-65.412265323444,12.));
#11041=CARTESIAN_POINT('Ctrl Pts',(-155.987589525455,-65.4038976723476,
12.));
#11042=CARTESIAN_POINT('Ctrl Pts',(-155.979947365392,-65.3956138257192,
12.));
#11043=CARTESIAN_POINT('Ctrl Pts',(-155.972218995103,-65.3874171073047,
12.));
#11044=CARTESIAN_POINT('Ctrl Pts',(-155.934588060103,-65.3475056943736,
12.));
#11045=CARTESIAN_POINT('Ctrl Pts',(-155.894903358879,-65.3096450623243,
12.));
#11046=CARTESIAN_POINT('Ctrl Pts',(-155.853359680425,-65.2740209197872,
12.));
#11047=CARTESIAN_POINT('Ctrl Pts',(-155.821892483649,-65.2470374665914,
12.));
#11048=CARTESIAN_POINT('Ctrl Pts',(-155.789357968033,-65.2213372999158,
12.));
#11049=CARTESIAN_POINT('Ctrl Pts',(-155.755829395274,-65.1970084208404,
12.));
#11050=CARTESIAN_POINT('Ctrl Pts',(-155.744383574447,-65.1887031466242,
12.));
#11051=CARTESIAN_POINT('Ctrl Pts',(-155.732820476263,-65.1805568191245,
12.));
#11052=CARTESIAN_POINT('Ctrl Pts',(-155.72114704043,-65.1725760607652,12.));
#11053=CARTESIAN_POINT('Ctrl Pts',(-155.670848192802,-65.1381883316992,
12.));
#11054=CARTESIAN_POINT('Ctrl Pts',(-155.618635272513,-65.1069608369112,
12.));
#11055=CARTESIAN_POINT('Ctrl Pts',(-155.564754961941,-65.0791514609406,
12.));
#11056=CARTESIAN_POINT('Ctrl Pts',(-155.522690239248,-65.0574404931289,
12.));
#11057=CARTESIAN_POINT('Ctrl Pts',(-155.479608224137,-65.0378132048816,
12.));
#11058=CARTESIAN_POINT('Ctrl Pts',(-155.435611124667,-65.020408441651,12.));
#11059=CARTESIAN_POINT('Ctrl Pts',(-155.423623282966,-65.0156661847984,
12.));
#11060=CARTESIAN_POINT('Ctrl Pts',(-155.411567441128,-65.0110890238141,
12.));
#11061=CARTESIAN_POINT('Ctrl Pts',(-155.399446687392,-65.0066760429482,
12.));
#11062=CARTESIAN_POINT('Ctrl Pts',(-153.734510556683,-66.4989960926712,
11.1934196736194));
#11063=CARTESIAN_POINT('Ctrl Pts',(-153.733931670097,-66.4323351059487,
11.1976237798504));
#11064=CARTESIAN_POINT('Ctrl Pts',(-153.738744168881,-66.3657578945554,
11.2018278860814));
#11065=CARTESIAN_POINT('Ctrl Pts',(-153.749240106989,-66.3000891193808,
11.2060319923124));
#11066=CARTESIAN_POINT('Ctrl Pts',(-153.815313913645,-65.8866924406118,
11.2324975925687));
#11067=CARTESIAN_POINT('Ctrl Pts',(-154.106618303835,-65.5092964311555,
11.2589631928249));
#11068=CARTESIAN_POINT('Ctrl Pts',(-154.489798435838,-65.3406646533121,
11.2854287930812));
#11069=CARTESIAN_POINT('Ctrl Pts',(-154.872978567842,-65.1720328754687,
11.3118943933374));
#11070=CARTESIAN_POINT('Ctrl Pts',(-155.348034441658,-65.2121653292382,
11.3383599935937));
#11071=CARTESIAN_POINT('Ctrl Pts',(-155.697488799061,-65.4426982624352,
11.3648255938499));
#11072=CARTESIAN_POINT('Ctrl Pts',(-156.046943156463,-65.6732311956323,
11.3912911941062));
#11073=CARTESIAN_POINT('Ctrl Pts',(-156.270795997452,-66.0941646082569,
11.4177567943624));
#11074=CARTESIAN_POINT('Ctrl Pts',(-156.266574373014,-66.5127823866447,
11.4442223946187));
#11075=CARTESIAN_POINT('Ctrl Pts',(-156.262352748577,-66.9314001650326,
11.4706879948749));
#11076=CARTESIAN_POINT('Ctrl Pts',(-156.030056658714,-67.3477023091838,
11.4971535951312));
#11077=CARTESIAN_POINT('Ctrl Pts',(-155.676019565046,-67.5711471035431,
11.5236191953875));
#11078=CARTESIAN_POINT('Ctrl Pts',(-155.321982471378,-67.7945918979025,
11.5500847956437));
#11079=CARTESIAN_POINT('Ctrl Pts',(-154.846204373905,-67.82517934247,11.5765503959));
#11080=CARTESIAN_POINT('Ctrl Pts',(-154.466509937883,-67.6488303411531,
11.6030159961562));
#11081=CARTESIAN_POINT('Ctrl Pts',(-154.08681550186,-67.4724813398362,11.6294815964125));
#11082=CARTESIAN_POINT('Ctrl Pts',(-153.803204727287,-67.0891958926349,
11.6559471966687));
#11083=CARTESIAN_POINT('Ctrl Pts',(-153.745471937758,-66.6745972044616,
11.682412796925));
#11084=CARTESIAN_POINT('Ctrl Pts',(-153.737468369737,-66.6171208755136,
11.6860817558231));
#11085=CARTESIAN_POINT('Ctrl Pts',(-153.733805864841,-66.5590427492915,
11.6897507147213));
#11086=CARTESIAN_POINT('Ctrl Pts',(-153.734279554014,-66.5009058077506,
11.6934196736194));
#11087=CARTESIAN_POINT('Ctrl Pts',(-154.601488467823,-65.0093515627087,
12.));
#11088=CARTESIAN_POINT('Ctrl Pts',(-154.105733436618,-65.1418879179143,
11.9735343997437));
#11089=CARTESIAN_POINT('Ctrl Pts',(-153.265581230427,-65.9391663672893,
11.9206031992312));
#11090=CARTESIAN_POINT('Ctrl Pts',(-153.587827498937,-67.6558838609701,
11.8412063984625));
#11091=CARTESIAN_POINT('Ctrl Pts',(-155.205705879298,-68.3120280807948,
11.7618095976937));
#11092=CARTESIAN_POINT('Ctrl Pts',(-156.633984459031,-67.3102696415893,
11.682412796925));
#11093=CARTESIAN_POINT('Ctrl Pts',(-156.566832337069,-65.566105655936,11.6030159961562));
#11094=CARTESIAN_POINT('Ctrl Pts',(-155.064835765401,-64.6772554970413,
11.5236191953875));
#11095=CARTESIAN_POINT('Ctrl Pts',(-153.503618444494,-65.4571448505121,
11.4442223946187));
#11096=CARTESIAN_POINT('Ctrl Pts',(-153.312389390847,-67.1919094292176,
11.3648255938499));
#11097=CARTESIAN_POINT('Ctrl Pts',(-154.666332376549,-68.2931496768108,
11.2854287930812));
#11098=CARTESIAN_POINT('Ctrl Pts',(-156.325760616499,-67.7526375115408,
11.2060319923124));
#11099=CARTESIAN_POINT('Ctrl Pts',(-156.77136205087,-66.0652332297754,11.1266351915436));
#11100=CARTESIAN_POINT('Ctrl Pts',(-155.595143248306,-64.7758955884371,
11.0472383907749));
#11101=CARTESIAN_POINT('Ctrl Pts',(-153.874028624294,-65.0651081409179,
10.9678415900061));
#11102=CARTESIAN_POINT('Ctrl Pts',(-153.183829097187,-66.6680766924336,
10.8884447892374));
#11103=CARTESIAN_POINT('Ctrl Pts',(-154.156476862769,-68.1171586042091,
10.8090479884686));
#11104=CARTESIAN_POINT('Ctrl Pts',(-155.901437164067,-68.0856079374345,
10.7296511876998));
#11105=CARTESIAN_POINT('Ctrl Pts',(-156.82106429564,-66.6023115181017,10.6502543869311));
#11106=CARTESIAN_POINT('Ctrl Pts',(-156.073368430712,-65.0253419444659,
10.5708575861623));
#11107=CARTESIAN_POINT('Ctrl Pts',(-154.342922968224,-64.798536649903,10.4914607853936));
#11108=CARTESIAN_POINT('Ctrl Pts',(-153.214084402633,-66.1295534330847,
10.4120639846248));
#11109=CARTESIAN_POINT('Ctrl Pts',(-153.720391675732,-67.7997435741003,
10.3326671838561));
#11110=CARTESIAN_POINT('Ctrl Pts',(-155.398281351862,-68.2799189568264,
10.2532703830873));
#11111=CARTESIAN_POINT('Ctrl Pts',(-156.711515792681,-67.1304419143232,
10.1738735823186));
#11112=CARTESIAN_POINT('Ctrl Pts',(-156.457727398131,-65.4037474955049,
10.0944767815498));
#11113=CARTESIAN_POINT('Ctrl Pts',(-154.869279053313,-64.6807578542345,
10.015079980781));
#11114=CARTESIAN_POINT('Ctrl Pts',(-153.400517949993,-65.6234258696731,
9.93568318001227));
#11115=CARTESIAN_POINT('Ctrl Pts',(-153.396208363184,-67.3686661376937,
9.85628637924352));
#11116=CARTESIAN_POINT('Ctrl Pts',(-154.860296052508,-68.3185763459181,
9.77688957847476));
#11117=CARTESIAN_POINT('Ctrl Pts',(-156.452295614777,-67.6034403032734,
9.697492777706));
#11118=CARTESIAN_POINT('Ctrl Pts',(-156.714608443873,-65.8780203122525,
9.61809597693724));
#11119=CARTESIAN_POINT('Ctrl Pts',(-155.407066877002,-64.7220716902819,
9.53869917616849));
#11120=CARTESIAN_POINT('Ctrl Pts',(-153.726826246647,-65.1939547158737,
9.45930237539972));
#11121=CARTESIAN_POINT('Ctrl Pts',(-153.212276674746,-66.8616240187589,
9.37990557463097));
#11122=CARTESIAN_POINT('Ctrl Pts',(-154.334528051366,-68.1981994986357,
9.30050877386221));
#11123=CARTESIAN_POINT('Ctrl Pts',(-156.066072529758,-67.9799430323329,
9.22111197309344));
#11124=CARTESIAN_POINT('Ctrl Pts',(-156.821547351087,-66.4066852784791,
9.1417151723247));
#11125=CARTESIAN_POINT('Ctrl Pts',(-155.909256944188,-64.9188652694602,
9.06231837155593));
#11126=CARTESIAN_POINT('Ctrl Pts',(-154.164473665273,-64.8786971809027,
8.98292157078717));
#11127=CARTESIAN_POINT('Ctrl Pts',(-153.184681417948,-66.3229580014403,
8.90352477001841));
#11128=CARTESIAN_POINT('Ctrl Pts',(-153.866955708927,-67.9293153582655,
8.82412796924966));
#11129=CARTESIAN_POINT('Ctrl Pts',(-155.586621708411,-68.2270249747672,
8.7447311684809));
#11130=CARTESIAN_POINT('Ctrl Pts',(-156.769192322923,-66.9435106948,8.66533436771214));
#11131=CARTESIAN_POINT('Ctrl Pts',(-156.33193278257,-65.2539290122036,8.58593756694338));
#11132=CARTESIAN_POINT('Ctrl Pts',(-154.675187982193,-64.7052225060758,
8.50654076617462));
#11133=CARTESIAN_POINT('Ctrl Pts',(-153.315835794886,-65.7997743745595,
8.42714396540586));
#11134=CARTESIAN_POINT('Ctrl Pts',(-153.498468181569,-67.5354378199346,
8.34774716463711));
#11135=CARTESIAN_POINT('Ctrl Pts',(-155.055871076348,-68.3230788318329,
8.26835036386834));
#11136=CARTESIAN_POINT('Ctrl Pts',(-156.562121805107,-67.4415512459248,
8.18895356309959));
#11137=CARTESIAN_POINT('Ctrl Pts',(-156.638131423896,-65.6979615962133,
8.10955676233083));
#11138=CARTESIAN_POINT('Ctrl Pts',(-155.214307296261,-64.6887010989964,
8.03015996156207));
#11139=CARTESIAN_POINT('Ctrl Pts',(-153.594270335118,-65.3378253609518,
7.95076316079331));
#11140=CARTESIAN_POINT('Ctrl Pts',(-153.261289736349,-67.0510117154418,
7.87136636002456));
#11141=CARTESIAN_POINT('Ctrl Pts',(-154.520234580668,-68.2597041198451,
7.79196955925579));
#11142=CARTESIAN_POINT('Ctrl Pts',(-156.218444393811,-67.8572545510496,
7.71257275848703));
#11143=CARTESIAN_POINT('Ctrl Pts',(-156.801075201936,-66.2121298780057,
7.63317595771828));
#11144=CARTESIAN_POINT('Ctrl Pts',(-155.734686979957,-64.8305830476844,
7.55377915694952));
#11145=CARTESIAN_POINT('Ctrl Pts',(-153.995633246245,-64.9774973176301,
7.47438235618076));
#11146=CARTESIAN_POINT('Ctrl Pts',(-153.176167276554,-66.5184230845012,
7.394985555412));
#11147=CARTESIAN_POINT('Ctrl Pts',(-154.026541752133,-68.0423949274307,
7.31558875464325));
#11148=CARTESIAN_POINT('Ctrl Pts',(-155.768239325649,-68.1543675521046,
7.23619195387448));
#11149=CARTESIAN_POINT('Ctrl Pts',(-156.806463330205,-66.7512608802161,
7.15679515310572));
#11150=CARTESIAN_POINT('Ctrl Pts',(-156.19092812779,-65.1188956985154,7.07739835233697));
#11151=CARTESIAN_POINT('Ctrl Pts',(-154.484612402313,-64.7493793445568,
6.9980015515682));
#11152=CARTESIAN_POINT('Ctrl Pts',(-153.251106704548,-65.9860787034386,
6.91860475079945));
#11153=CARTESIAN_POINT('Ctrl Pts',(-153.495974411124,-67.1181336763448,
6.86567355028694));
#11154=CARTESIAN_POINT('Ctrl Pts',(-153.830865715255,-67.5069610812863,
6.83920795003069));
#11155=CARTESIAN_POINT('Ctrl Pts',(-154.625464727265,-65.0990352666963,
12.0535973499898));
#11156=CARTESIAN_POINT('Ctrl Pts',(-154.159536392148,-65.2235976804622,
12.0271317497335));
#11157=CARTESIAN_POINT('Ctrl Pts',(-153.369931256474,-65.9729085238422,
11.974200549221));
#11158=CARTESIAN_POINT('Ctrl Pts',(-153.672789841731,-67.5863411132261,
11.8948037484523));
#11159=CARTESIAN_POINT('Ctrl Pts',(-155.19332989223,-68.2030089525754,11.8154069476835));
#11160=CARTESIAN_POINT('Ctrl Pts',(-156.535677259075,-67.2615204907555,
11.7360101469147));
#11161=CARTESIAN_POINT('Ctrl Pts',(-156.472565289623,-65.6222927051464,
11.656613346146));
#11162=CARTESIAN_POINT('Ctrl Pts',(-155.06093511355,-64.7869194892744,11.5772165453772));
#11163=CARTESIAN_POINT('Ctrl Pts',(-153.593647156193,-65.5198874374867,
11.4978197446085));
#11164=CARTESIAN_POINT('Ctrl Pts',(-153.413923242196,-67.1502813237815,
11.4184229438397));
#11165=CARTESIAN_POINT('Ctrl Pts',(-154.686407355244,-68.1852663523306,
11.3390261430709));
#11166=CARTESIAN_POINT('Ctrl Pts',(-156.245997452003,-67.677273659523,11.2596293423022));
#11167=CARTESIAN_POINT('Ctrl Pts',(-156.664789640431,-66.091390676628,11.1802325415334));
#11168=CARTESIAN_POINT('Ctrl Pts',(-155.559337080363,-64.8796249802266,
11.1008357407647));
#11169=CARTESIAN_POINT('Ctrl Pts',(-153.941771910399,-65.1514372959682,
11.0214389399959));
#11170=CARTESIAN_POINT('Ctrl Pts',(-153.293097673484,-66.6579645552832,
10.9420421392271));
#11171=CARTESIAN_POINT('Ctrl Pts',(-154.207226881556,-68.0198636387092,
10.8626453384584));
#11172=CARTESIAN_POINT('Ctrl Pts',(-155.84720307313,-67.9902111920031,10.7832485376896));
#11173=CARTESIAN_POINT('Ctrl Pts',(-156.711501590284,-66.5961560888907,
10.7038517369209));
#11174=CARTESIAN_POINT('Ctrl Pts',(-156.008790235701,-65.11406360021,10.6244549361521));
#11175=CARTESIAN_POINT('Ctrl Pts',(-154.382455609528,-64.9009038607424,
10.5450581353834));
#11176=CARTESIAN_POINT('Ctrl Pts',(-153.321532693216,-66.151841107498,10.4656613346146));
#11177=CARTESIAN_POINT('Ctrl Pts',(-153.797378403223,-67.7215456243458,
10.3862645338458));
#11178=CARTESIAN_POINT('Ctrl Pts',(-155.374319218951,-68.1728316477958,
10.3068677330771));
#11179=CARTESIAN_POINT('Ctrl Pts',(-156.608543983432,-67.0925119516604,
10.2274709323083));
#11180=CARTESIAN_POINT('Ctrl Pts',(-156.370024560125,-65.4697026906821,
10.1480741315396));
#11181=CARTESIAN_POINT('Ctrl Pts',(-154.877143911143,-64.790211130011,10.0686773307708));
#11182=CARTESIAN_POINT('Ctrl Pts',(-153.496749618641,-65.6761642950931,
9.98928053000205));
#11183=CARTESIAN_POINT('Ctrl Pts',(-153.492699314599,-67.3164036094211,
9.90988372923329));
#11184=CARTESIAN_POINT('Ctrl Pts',(-154.868701365237,-68.2091632466817,
9.83048692846453));
#11185=CARTESIAN_POINT('Ctrl Pts',(-156.364919575575,-67.5370527792966,
9.75109012769577));
#11186=CARTESIAN_POINT('Ctrl Pts',(-156.611450567793,-65.9154412712093,
9.67169332692702));
#11187=CARTESIAN_POINT('Ctrl Pts',(-155.382576170154,-64.8290393528936,
9.59229652615825));
#11188=CARTESIAN_POINT('Ctrl Pts',(-153.80342584344,-65.2725319220959,9.5128997253895));
#11189=CARTESIAN_POINT('Ctrl Pts',(-153.3198337258,-66.8398672649781,9.43350292462074));
#11190=CARTESIAN_POINT('Ctrl Pts',(-154.374565765978,-68.0960287739875,
9.35410612385198));
#11191=CARTESIAN_POINT('Ctrl Pts',(-156.001933286662,-67.8909035295177,
9.27470932308322));
#11192=CARTESIAN_POINT('Ctrl Pts',(-156.711955583095,-66.412299542017,9.19531252231446));
#11193=CARTESIAN_POINT('Ctrl Pts',(-155.854552382574,-65.0139930072931,
9.1159157215457));
#11194=CARTESIAN_POINT('Ctrl Pts',(-154.214742562976,-64.9762415989394,
9.03651892077695));
#11195=CARTESIAN_POINT('Ctrl Pts',(-153.293898715063,-66.3336096481398,
8.95712212000819));
#11196=CARTESIAN_POINT('Ctrl Pts',(-153.935124531201,-67.8433218280638,
8.87772531923943));
#11197=CARTESIAN_POINT('Ctrl Pts',(-155.551328231948,-68.1231199889172,
8.79832851847067));
#11198=CARTESIAN_POINT('Ctrl Pts',(-156.662750452392,-66.9168272961115,
8.71893171770191));
#11199=CARTESIAN_POINT('Ctrl Pts',(-156.251798274749,-65.3288979139263,
8.63953491693315));
#11200=CARTESIAN_POINT('Ctrl Pts',(-154.694730170615,-64.8132038860781,
8.56013811616439));
#11201=CARTESIAN_POINT('Ctrl Pts',(-153.417162296154,-65.8419029363781,
8.48074131539563));
#11202=CARTESIAN_POINT('Ctrl Pts',(-153.588806754626,-67.4731416097643,
8.40134451462687));
#11203=CARTESIAN_POINT('Ctrl Pts',(-155.052509777684,-68.2133948442131,
8.32194771385811));
#11204=CARTESIAN_POINT('Ctrl Pts',(-156.468138162965,-67.3849036447115,
8.24255091308936));
#11205=CARTESIAN_POINT('Ctrl Pts',(-156.53957472519,-65.7462156405917,8.1631541123206));
#11206=CARTESIAN_POINT('Ctrl Pts',(-155.201413811974,-64.7976764759466,
8.08375731155184));
#11207=CARTESIAN_POINT('Ctrl Pts',(-153.678845049941,-65.4077467074517,
8.00436051078308));
#11208=CARTESIAN_POINT('Ctrl Pts',(-153.365897956628,-67.017860605747,7.92496371001432));
#11209=CARTESIAN_POINT('Ctrl Pts',(-154.549099413792,-68.1538330199524,
7.84556690924556));
#11210=CARTESIAN_POINT('Ctrl Pts',(-156.145137822104,-67.775596500392,7.76617010847681));
#11211=CARTESIAN_POINT('Ctrl Pts',(-156.692715124059,-66.2294494081307,
7.68677330770804));
#11212=CARTESIAN_POINT('Ctrl Pts',(-155.6904852775,-64.9310222132045,7.60737650693929));
#11213=CARTESIAN_POINT('Ctrl Pts',(-154.056060289703,-65.0690975062266,
7.52797970617053));
#11214=CARTESIAN_POINT('Ctrl Pts',(-153.285896820024,-66.5173147343046,
7.44858290540177));
#11215=CARTESIAN_POINT('Ctrl Pts',(-154.085109210607,-67.949598057412,7.36918610463301));
#11216=CARTESIAN_POINT('Ctrl Pts',(-155.722018973749,-68.0548339406793,
7.28978930386426));
#11217=CARTESIAN_POINT('Ctrl Pts',(-156.697779079996,-66.736144034425,7.2103925030955));
#11218=CARTESIAN_POINT('Ctrl Pts',(-156.119277049729,-65.2019887691433,
7.13099570232673));
#11219=CARTESIAN_POINT('Ctrl Pts',(-154.51562041467,-64.8547040644778,7.05159890155798));
#11220=CARTESIAN_POINT('Ctrl Pts',(-153.356327578609,-66.0169984176459,
6.97220210078922));
#11221=CARTESIAN_POINT('Ctrl Pts',(-153.58646301984,-67.080944228756,6.91927090027671));
#11222=CARTESIAN_POINT('Ctrl Pts',(-153.901205862489,-67.4463781508121,
6.89280530002046));
#11223=CARTESIAN_POINT('Ctrl Pts',(-154.649440986707,-65.188718970684,12.1071946999795));
#11224=CARTESIAN_POINT('Ctrl Pts',(-154.213339347678,-65.30530744301,12.0807290997233));
#11225=CARTESIAN_POINT('Ctrl Pts',(-153.474281282521,-66.006650680395,12.0277978992108));
#11226=CARTESIAN_POINT('Ctrl Pts',(-153.757752184524,-67.5167983654822,
11.948401098442));
#11227=CARTESIAN_POINT('Ctrl Pts',(-155.180953905162,-68.0939898243557,
11.8690042976733));
#11228=CARTESIAN_POINT('Ctrl Pts',(-156.437370059119,-67.2127713399218,
11.7896074969045));
#11229=CARTESIAN_POINT('Ctrl Pts',(-156.378298242177,-65.6784797543568,
11.7102106961357));
#11230=CARTESIAN_POINT('Ctrl Pts',(-155.057034461699,-64.8965834815076,
11.630813895367));
#11231=CARTESIAN_POINT('Ctrl Pts',(-153.683675867892,-65.5826300244614,
11.5514170945982));
#11232=CARTESIAN_POINT('Ctrl Pts',(-153.515457093546,-67.1086532183453,
11.4720202938295));
#11233=CARTESIAN_POINT('Ctrl Pts',(-154.706482333938,-68.0773830278505,
11.3926234930607));
#11234=CARTESIAN_POINT('Ctrl Pts',(-156.166234287508,-67.601909807505,11.3132266922919));
#11235=CARTESIAN_POINT('Ctrl Pts',(-156.558217229992,-66.1175481234806,
11.2338298915232));
#11236=CARTESIAN_POINT('Ctrl Pts',(-155.52353091242,-64.983354372016,11.1544330907544));
#11237=CARTESIAN_POINT('Ctrl Pts',(-154.009515196504,-65.2377664510185,
11.0750362899857));
#11238=CARTESIAN_POINT('Ctrl Pts',(-153.402366249781,-66.6478524181327,
10.9956394892169));
#11239=CARTESIAN_POINT('Ctrl Pts',(-154.257976900343,-67.9225686732093,
10.9162426884482));
#11240=CARTESIAN_POINT('Ctrl Pts',(-155.792968982193,-67.8948144465716,
10.8368458876794));
#11241=CARTESIAN_POINT('Ctrl Pts',(-156.601938884929,-66.5900006596796,
10.7574490869106));
#11242=CARTESIAN_POINT('Ctrl Pts',(-155.94421204069,-65.2027852559541,10.6780522861419));
#11243=CARTESIAN_POINT('Ctrl Pts',(-154.421988250831,-65.0032710715817,
10.5986554853731));
#11244=CARTESIAN_POINT('Ctrl Pts',(-153.4289809838,-66.1741287819112,10.5192586846044));
#11245=CARTESIAN_POINT('Ctrl Pts',(-153.874365130713,-67.6433476745912,
10.4398618838356));
#11246=CARTESIAN_POINT('Ctrl Pts',(-155.350357086039,-68.0657443387651,
10.3604650830668));
#11247=CARTESIAN_POINT('Ctrl Pts',(-156.505572174182,-67.0545819889976,
10.2810682822981));
#11248=CARTESIAN_POINT('Ctrl Pts',(-156.282321722118,-65.5356578858593,
10.2016714815293));
#11249=CARTESIAN_POINT('Ctrl Pts',(-154.885008768974,-64.8996644057873,
10.1222746807606));
#11250=CARTESIAN_POINT('Ctrl Pts',(-153.592981287289,-65.7289027205132,
10.0428778799918));
#11251=CARTESIAN_POINT('Ctrl Pts',(-153.589190266014,-67.2641410811483,
9.96348107922306));
#11252=CARTESIAN_POINT('Ctrl Pts',(-154.877106677966,-68.0997501474454,
9.8840842784543));
#11253=CARTESIAN_POINT('Ctrl Pts',(-156.277543536372,-67.4706652553199,
9.80468747768555));
#11254=CARTESIAN_POINT('Ctrl Pts',(-156.508292691714,-65.9528622301661,
9.72529067691679));
#11255=CARTESIAN_POINT('Ctrl Pts',(-155.358085463306,-64.9360070155054,
9.64589387614803));
#11256=CARTESIAN_POINT('Ctrl Pts',(-153.880025440233,-65.3511091283181,
9.56649707537927));
#11257=CARTESIAN_POINT('Ctrl Pts',(-153.427390776854,-66.8181105111973,
9.48710027461051));
#11258=CARTESIAN_POINT('Ctrl Pts',(-154.414603480591,-67.9938580493392,
9.40770347384175));
#11259=CARTESIAN_POINT('Ctrl Pts',(-155.937794043566,-67.8018640267025,
9.32830667307299));
#11260=CARTESIAN_POINT('Ctrl Pts',(-156.602363815104,-66.4179138055549,
9.24890987230423));
#11261=CARTESIAN_POINT('Ctrl Pts',(-155.79984782096,-65.109120745126,9.16951307153547));
#11262=CARTESIAN_POINT('Ctrl Pts',(-154.265011460679,-65.073786016976,9.09011627076672));
#11263=CARTESIAN_POINT('Ctrl Pts',(-153.403116012179,-66.3442612948394,
9.01071946999795));
#11264=CARTESIAN_POINT('Ctrl Pts',(-154.003293353476,-67.7573282978621,
8.9313226692292));
#11265=CARTESIAN_POINT('Ctrl Pts',(-155.516034755486,-68.0192150030673,
8.85192586846043));
#11266=CARTESIAN_POINT('Ctrl Pts',(-156.556308581861,-66.8901438974232,
8.77252906769169));
#11267=CARTESIAN_POINT('Ctrl Pts',(-156.171663766929,-65.4038668156491,
8.69313226692292));
#11268=CARTESIAN_POINT('Ctrl Pts',(-154.714272359037,-64.9211852660806,
8.61373546615417));
#11269=CARTESIAN_POINT('Ctrl Pts',(-153.518488797422,-65.8840314981968,
8.5343386653854));
#11270=CARTESIAN_POINT('Ctrl Pts',(-153.679145327682,-67.4108453995939,
8.45494186461665));
#11271=CARTESIAN_POINT('Ctrl Pts',(-155.04914847902,-68.1037108565933,8.37554506384788));
#11272=CARTESIAN_POINT('Ctrl Pts',(-156.374154520822,-67.328256043498,8.29614826307913));
#11273=CARTESIAN_POINT('Ctrl Pts',(-156.441018026485,-65.7944696849702,
8.21675146231037));
#11274=CARTESIAN_POINT('Ctrl Pts',(-155.188520327687,-64.9066518528969,
8.13735466154161));
#11275=CARTESIAN_POINT('Ctrl Pts',(-153.763419764764,-65.4776680539516,
8.05795786077285));
#11276=CARTESIAN_POINT('Ctrl Pts',(-153.470506176908,-66.9847094960522,
7.9785610600041));
#11277=CARTESIAN_POINT('Ctrl Pts',(-154.577964246916,-68.0479619200596,
7.89916425923533));
#11278=CARTESIAN_POINT('Ctrl Pts',(-156.071831250397,-67.6939384497344,
7.81976745846658));
#11279=CARTESIAN_POINT('Ctrl Pts',(-156.584355046182,-66.2467689382557,
7.74037065769782));
#11280=CARTESIAN_POINT('Ctrl Pts',(-155.646283575044,-65.0314613787248,
7.66097385692906));
#11281=CARTESIAN_POINT('Ctrl Pts',(-154.116487333161,-65.1606976948231,
7.5815770561603));
#11282=CARTESIAN_POINT('Ctrl Pts',(-153.395626363495,-66.5162063841079,
7.50218025539154));
#11283=CARTESIAN_POINT('Ctrl Pts',(-154.143676669081,-67.8568011873934,
7.42278345462279));
#11284=CARTESIAN_POINT('Ctrl Pts',(-155.675798621848,-67.955300329254,7.34338665385402));
#11285=CARTESIAN_POINT('Ctrl Pts',(-156.589094829788,-66.7210271886338,
7.26398985308526));
#11286=CARTESIAN_POINT('Ctrl Pts',(-156.047625971668,-65.2850818397713,
7.18459305231651));
#11287=CARTESIAN_POINT('Ctrl Pts',(-154.546628427028,-64.9600287843987,
7.10519625154775));
#11288=CARTESIAN_POINT('Ctrl Pts',(-153.46154845267,-66.0479181318532,7.02579945077899));
#11289=CARTESIAN_POINT('Ctrl Pts',(-153.676951628557,-67.0437547811671,
6.97286825026648));
#11290=CARTESIAN_POINT('Ctrl Pts',(-153.971546009723,-67.3857952203379,
6.94640265001023));
#11291=CARTESIAN_POINT('Ctrl Pts',(-154.673417246149,-65.2784026746717,
12.1607920499693));
#11292=CARTESIAN_POINT('Ctrl Pts',(-154.267142303208,-65.3870172055579,
12.1343264497131));
#11293=CARTESIAN_POINT('Ctrl Pts',(-153.578631308568,-66.0403928369479,
12.0813952492006));
#11294=CARTESIAN_POINT('Ctrl Pts',(-153.842714527318,-67.4472556177381,
12.0019984484318));
#11295=CARTESIAN_POINT('Ctrl Pts',(-155.168577918094,-67.9849706961363,
11.922601647663));
#11296=CARTESIAN_POINT('Ctrl Pts',(-156.339062859164,-67.164022189088,11.8432048468943));
#11297=CARTESIAN_POINT('Ctrl Pts',(-156.284031194731,-65.7346668035673,
11.7638080461255));
#11298=CARTESIAN_POINT('Ctrl Pts',(-155.053133809848,-65.0062474737407,
11.6844112453568));
#11299=CARTESIAN_POINT('Ctrl Pts',(-153.773704579591,-65.645372611436,11.605014444588));
#11300=CARTESIAN_POINT('Ctrl Pts',(-153.616990944895,-67.0670251129091,
11.5256176438193));
#11301=CARTESIAN_POINT('Ctrl Pts',(-154.726557312633,-67.9694997033705,
11.4462208430505));
#11302=CARTESIAN_POINT('Ctrl Pts',(-156.086471123013,-67.526545955487,11.3668240422817));
#11303=CARTESIAN_POINT('Ctrl Pts',(-156.451644819554,-66.1437055703332,
11.287427241513));
#11304=CARTESIAN_POINT('Ctrl Pts',(-155.487724744478,-65.0870837638055,
11.2080304407442));
#11305=CARTESIAN_POINT('Ctrl Pts',(-154.077258482609,-65.3240956060687,
11.1286336399754));
#11306=CARTESIAN_POINT('Ctrl Pts',(-153.511634826078,-66.6377402809822,
11.0492368392067));
#11307=CARTESIAN_POINT('Ctrl Pts',(-154.30872691913,-67.8252737077094,10.9698400384379));
#11308=CARTESIAN_POINT('Ctrl Pts',(-155.738734891257,-67.7994177011401,
10.8904432376692));
#11309=CARTESIAN_POINT('Ctrl Pts',(-156.492376179574,-66.5838452304685,
10.8110464369004));
#11310=CARTESIAN_POINT('Ctrl Pts',(-155.879633845679,-65.2915069116982,
10.7316496361317));
#11311=CARTESIAN_POINT('Ctrl Pts',(-154.461520892135,-65.105638282421,10.6522528353629));
#11312=CARTESIAN_POINT('Ctrl Pts',(-153.536429274384,-66.1964164563246,
10.5728560345941));
#11313=CARTESIAN_POINT('Ctrl Pts',(-153.951351858204,-67.5651497248367,
10.4934592338254));
#11314=CARTESIAN_POINT('Ctrl Pts',(-155.326394953128,-67.9586570297344,
10.4140624330566));
#11315=CARTESIAN_POINT('Ctrl Pts',(-156.402600364933,-67.016652026335,10.3346656322879));
#11316=CARTESIAN_POINT('Ctrl Pts',(-156.194618884111,-65.6016130810364,
10.2552688315191));
#11317=CARTESIAN_POINT('Ctrl Pts',(-154.892873626805,-65.0091176815638,
10.1758720307504));
#11318=CARTESIAN_POINT('Ctrl Pts',(-153.689212955938,-65.7816411459332,
10.0964752299816));
#11319=CARTESIAN_POINT('Ctrl Pts',(-153.685681217428,-67.2118785528756,
10.0170784292128));
#11320=CARTESIAN_POINT('Ctrl Pts',(-154.885511990695,-67.990337048209,9.93768162844407));
#11321=CARTESIAN_POINT('Ctrl Pts',(-156.190167497169,-67.4042777313432,
9.85828482767531));
#11322=CARTESIAN_POINT('Ctrl Pts',(-156.405134815634,-65.9902831891228,
9.77888802690656));
#11323=CARTESIAN_POINT('Ctrl Pts',(-155.333594756458,-65.0429746781171,
9.6994912261378));
#11324=CARTESIAN_POINT('Ctrl Pts',(-153.956625037026,-65.4296863345402,
9.62009442536904));
#11325=CARTESIAN_POINT('Ctrl Pts',(-153.534947827908,-66.7963537574166,
9.54069762460028));
#11326=CARTESIAN_POINT('Ctrl Pts',(-154.454641195203,-67.891687324691,9.46130082383153));
#11327=CARTESIAN_POINT('Ctrl Pts',(-155.873654800469,-67.7128245238873,
9.38190402306276));
#11328=CARTESIAN_POINT('Ctrl Pts',(-156.492772047113,-66.4235280690928,
9.30250722229401));
#11329=CARTESIAN_POINT('Ctrl Pts',(-155.745143259346,-65.2042484829589,
9.22311042152524));
#11330=CARTESIAN_POINT('Ctrl Pts',(-154.315280358382,-65.1713304350128,
9.14371362075648));
#11331=CARTESIAN_POINT('Ctrl Pts',(-153.512333309294,-66.3549129415389,
9.06431681998772));
#11332=CARTESIAN_POINT('Ctrl Pts',(-154.071462175751,-67.6713347676604,
8.98492001921897));
#11333=CARTESIAN_POINT('Ctrl Pts',(-155.480741279023,-67.9153100172174,
8.90552321845021));
#11334=CARTESIAN_POINT('Ctrl Pts',(-156.44986671133,-66.8634604987348,8.82612641768145));
#11335=CARTESIAN_POINT('Ctrl Pts',(-156.091529259109,-65.4788357173718,
8.74672961691269));
#11336=CARTESIAN_POINT('Ctrl Pts',(-154.733814547459,-65.029166646083,8.66733281614393));
#11337=CARTESIAN_POINT('Ctrl Pts',(-153.61981529869,-65.9261600600154,8.58793601537517));
#11338=CARTESIAN_POINT('Ctrl Pts',(-153.769483900739,-67.3485491894235,
8.50853921460642));
#11339=CARTESIAN_POINT('Ctrl Pts',(-155.045787180355,-67.9940268689734,
8.42914241383766));
#11340=CARTESIAN_POINT('Ctrl Pts',(-156.28017087868,-67.2716084422846,8.3497456130689));
#11341=CARTESIAN_POINT('Ctrl Pts',(-156.342461327779,-65.8427237293486,
8.27034881230014));
#11342=CARTESIAN_POINT('Ctrl Pts',(-155.175626843401,-65.0156272298472,
8.19095201153138));
#11343=CARTESIAN_POINT('Ctrl Pts',(-153.847994479587,-65.5475894004515,
8.11155521076262));
#11344=CARTESIAN_POINT('Ctrl Pts',(-153.575114397187,-66.9515583863574,
8.03215840999387));
#11345=CARTESIAN_POINT('Ctrl Pts',(-154.606829080039,-67.9420908201668,
7.9527616092251));
#11346=CARTESIAN_POINT('Ctrl Pts',(-155.998524678691,-67.6122803990768,
7.87336480845635));
#11347=CARTESIAN_POINT('Ctrl Pts',(-156.475994968304,-66.2640884683807,
7.79396800768759));
#11348=CARTESIAN_POINT('Ctrl Pts',(-155.602081872587,-65.131900544245,7.71457120691883));
#11349=CARTESIAN_POINT('Ctrl Pts',(-154.176914376619,-65.2522978834197,
7.63517440615007));
#11350=CARTESIAN_POINT('Ctrl Pts',(-153.505355906966,-66.5150980339112,
7.55577760538131));
#11351=CARTESIAN_POINT('Ctrl Pts',(-154.202244127555,-67.7640043173748,
7.47638080461256));
#11352=CARTESIAN_POINT('Ctrl Pts',(-155.629578269948,-67.8557667178286,
7.39698400384379));
#11353=CARTESIAN_POINT('Ctrl Pts',(-156.480410579579,-66.7059103428428,
7.31758720307504));
#11354=CARTESIAN_POINT('Ctrl Pts',(-155.975974893607,-65.3681749103992,
7.23819040230627));
#11355=CARTESIAN_POINT('Ctrl Pts',(-154.577636439385,-65.0653535043197,
7.15879360153752));
#11356=CARTESIAN_POINT('Ctrl Pts',(-153.566769326732,-66.0788378460605,
7.07939680076876));
#11357=CARTESIAN_POINT('Ctrl Pts',(-153.767440237273,-67.0065653335783,
7.02646560025625));
#11358=CARTESIAN_POINT('Ctrl Pts',(-154.041886156958,-67.3252122898637,
7.));
#11359=CARTESIAN_POINT('Ctrl Pts',(-154.041886156958,-67.3252122898637,
7.));
#11360=CARTESIAN_POINT('Ctrl Pts',(-154.004713262372,-67.2904977465963,
7.));
#11361=CARTESIAN_POINT('Ctrl Pts',(-153.969927194553,-67.2534703909694,
7.));
#11362=CARTESIAN_POINT('Ctrl Pts',(-153.937539753064,-67.2144438524461,
7.));
#11363=CARTESIAN_POINT('Ctrl Pts',(-153.913907847788,-67.1859676462614,
7.));
#11364=CARTESIAN_POINT('Ctrl Pts',(-153.891553414342,-67.1564259388538,
7.));
#11365=CARTESIAN_POINT('Ctrl Pts',(-153.870490064045,-67.1259265251088,
7.));
#11366=CARTESIAN_POINT('Ctrl Pts',(-153.862901620537,-67.114938573289,7.));
#11367=CARTESIAN_POINT('Ctrl Pts',(-153.855480829071,-67.1038262202071,
7.));
#11368=CARTESIAN_POINT('Ctrl Pts',(-153.848228603523,-67.0925941970751,
7.));
#11369=CARTESIAN_POINT('Ctrl Pts',(-153.84116682937,-67.0816571391879,7.));
#11370=CARTESIAN_POINT('Ctrl Pts',(-153.834269311445,-67.0706133679847,
7.));
#11371=CARTESIAN_POINT('Ctrl Pts',(-153.827539219551,-67.0594724552278,
7.));
#11372=CARTESIAN_POINT('Ctrl Pts',(-153.799746233156,-67.0134642815529,
7.));
#11373=CARTESIAN_POINT('Ctrl Pts',(-153.774789794938,-66.9657779645742,
7.));
#11374=CARTESIAN_POINT('Ctrl Pts',(-153.752705902635,-66.9167389412023,
7.));
#11375=CARTESIAN_POINT('Ctrl Pts',(-153.743870934043,-66.8971201971272,
7.));
#11376=CARTESIAN_POINT('Ctrl Pts',(-153.735496114061,-66.8772844962365,
7.));
#11377=CARTESIAN_POINT('Ctrl Pts',(-153.727585426646,-66.8572510668199,
7.));
#11378=CARTESIAN_POINT('Ctrl Pts',(-153.721754823604,-66.8424853494608,
7.));
#11379=CARTESIAN_POINT('Ctrl Pts',(-153.716176380009,-66.827612198007,7.00000000000001));
#11380=CARTESIAN_POINT('Ctrl Pts',(-153.71085205885,-66.8126390619942,7.00000000000001));
#11381=CARTESIAN_POINT('Ctrl Pts',(-153.707450803065,-66.803073999338,7.00000000000001));
#11382=CARTESIAN_POINT('Ctrl Pts',(-153.704154320374,-66.7934709377008,
7.));
#11383=CARTESIAN_POINT('Ctrl Pts',(-153.700965477542,-66.7838398947833,
7.));
#11384=CARTESIAN_POINT('Ctrl Pts',(-153.682793908659,-66.7289575537493,
7.));
#11385=CARTESIAN_POINT('Ctrl Pts',(-153.668087354769,-66.6730958603898,
7.));
#11386=CARTESIAN_POINT('Ctrl Pts',(-153.656884416592,-66.6166365531661,
7.));
#11387=CARTESIAN_POINT('Ctrl Pts',(-153.646061115522,-66.5620904983112,
7.));
#11388=CARTESIAN_POINT('Ctrl Pts',(-153.638507753069,-66.5069853308049,
7.));
#11389=CARTESIAN_POINT('Ctrl Pts',(-153.634303626009,-66.4516354227276,
7.));
#11390=CARTESIAN_POINT('Ctrl Pts',(-153.632090964801,-66.4225043825016,
7.));
#11391=CARTESIAN_POINT('Ctrl Pts',(-153.630806812664,-66.3933051609966,
7.));
#11392=CARTESIAN_POINT('Ctrl Pts',(-153.630468300818,-66.3640819109175,
7.));
#11393=CARTESIAN_POINT('Ctrl Pts',(-153.630238546022,-66.3442475035509,
7.));
#11394=CARTESIAN_POINT('Ctrl Pts',(-153.630444492105,-66.3244020071718,
7.));
#11395=CARTESIAN_POINT('Ctrl Pts',(-153.631092598338,-66.3045591322138,
7.));
#11396=CARTESIAN_POINT('Ctrl Pts',(-153.631484816806,-66.292550696521,7.));
#11397=CARTESIAN_POINT('Ctrl Pts',(-153.63203925299,-66.2805413590842,7.));
#11398=CARTESIAN_POINT('Ctrl Pts',(-153.632755707205,-66.268556569286,7.));
#11399=CARTESIAN_POINT('Ctrl Pts',(-153.636088212155,-66.2128106884108,
7.));
#11400=CARTESIAN_POINT('Ctrl Pts',(-153.642924596896,-66.1574903247257,
7.));
#11401=CARTESIAN_POINT('Ctrl Pts',(-153.653323802607,-66.1029059634539,
7.));
#11402=CARTESIAN_POINT('Ctrl Pts',(-153.663550884082,-66.0492250645978,
7.));
#11403=CARTESIAN_POINT('Ctrl Pts',(-153.677223025045,-65.9962548648292,
7.));
#11404=CARTESIAN_POINT('Ctrl Pts',(-153.694089076522,-65.9441898759675,
7.));
#11405=CARTESIAN_POINT('Ctrl Pts',(-153.710780856771,-65.8926628570976,
7.));
#11406=CARTESIAN_POINT('Ctrl Pts',(-153.730601406477,-65.8420217185326,
7.));
#11407=CARTESIAN_POINT('Ctrl Pts',(-153.75335466278,-65.7924602156986,7.));
#11408=CARTESIAN_POINT('Ctrl Pts',(-153.757443410508,-65.7835540407119,
7.));
#11409=CARTESIAN_POINT('Ctrl Pts',(-153.761627233449,-65.7746822232152,
7.));
#11410=CARTESIAN_POINT('Ctrl Pts',(-153.765904346131,-65.7658475685,7.));
#11411=CARTESIAN_POINT('Ctrl Pts',(-153.790899508599,-65.7142184330593,
7.));
#11412=CARTESIAN_POINT('Ctrl Pts',(-153.818946100634,-65.6641262134544,
7.));
#11413=CARTESIAN_POINT('Ctrl Pts',(-153.849756409056,-65.6157784917569,
7.));
#11414=CARTESIAN_POINT('Ctrl Pts',(-153.881289609496,-65.5662964035472,
7.));
#11415=CARTESIAN_POINT('Ctrl Pts',(-153.915718117604,-65.5186407143032,
7.));
#11416=CARTESIAN_POINT('Ctrl Pts',(-153.952788016048,-65.4730422502381,
7.));
#11417=CARTESIAN_POINT('Ctrl Pts',(-153.990093802491,-65.4271536280952,
7.));
#11418=CARTESIAN_POINT('Ctrl Pts',(-154.030075283863,-65.3833475029431,
7.));
#11419=CARTESIAN_POINT('Ctrl Pts',(-154.072520700658,-65.341881938915,7.));
#11420=CARTESIAN_POINT('Ctrl Pts',(-154.081090326111,-65.3335101433307,
7.));
#11421=CARTESIAN_POINT('Ctrl Pts',(-154.08976052371,-65.3252338575524,7.));
#11422=CARTESIAN_POINT('Ctrl Pts',(-154.098529747942,-65.3170553744635,
7.));
#11423=CARTESIAN_POINT('Ctrl Pts',(-154.105292988434,-65.310747741482,7.));
#11424=CARTESIAN_POINT('Ctrl Pts',(-154.11211367841,-65.304499715773,7.));
#11425=CARTESIAN_POINT('Ctrl Pts',(-154.118984238479,-65.2983182145425,
7.));
#11426=CARTESIAN_POINT('Ctrl Pts',(-154.164237057291,-65.2576038692237,
7.));
#11427=CARTESIAN_POINT('Ctrl Pts',(-154.211729645257,-65.2196984644868,
7.));
#11428=CARTESIAN_POINT('Ctrl Pts',(-154.261190094188,-65.1848404864659,
7.));
#11429=CARTESIAN_POINT('Ctrl Pts',(-154.310159147708,-65.1503288265808,
7.));
#11430=CARTESIAN_POINT('Ctrl Pts',(-154.361057896285,-65.1188034333622,
7.));
#11431=CARTESIAN_POINT('Ctrl Pts',(-154.413664151066,-65.0905233015572,
7.));
#11432=CARTESIAN_POINT('Ctrl Pts',(-154.462486770357,-65.0642771809325,
7.));
#11433=CARTESIAN_POINT('Ctrl Pts',(-154.512780941491,-65.0408259482241,
7.));
#11434=CARTESIAN_POINT('Ctrl Pts',(-154.564393472645,-65.0204085978479,
7.));
#11435=CARTESIAN_POINT('Ctrl Pts',(-154.576378100193,-65.0156676108375,
7.));
#11436=CARTESIAN_POINT('Ctrl Pts',(-154.58843389455,-65.0110903641568,7.));
#11437=CARTESIAN_POINT('Ctrl Pts',(-154.600557917694,-65.0066761913984,
7.));
#11438=CARTESIAN_POINT('Ctrl Pts',(-153.737112404544,-66.5007094978825,
11.5565803263806));
#11439=CARTESIAN_POINT('Ctrl Pts',(-153.736270943355,-66.6652197337858,
11.5462594321935));
#11440=CARTESIAN_POINT('Ctrl Pts',(-153.766106324192,-66.8294372977662,
11.5359385380064));
#11441=CARTESIAN_POINT('Ctrl Pts',(-153.828037611967,-66.9804954610738,
11.5256176438192));
#11442=CARTESIAN_POINT('Ctrl Pts',(-153.986846400807,-67.3678499763962,
11.499152043563));
#11443=CARTESIAN_POINT('Ctrl Pts',(-154.35670185672,-67.6686748398834,11.4726864433067));
#11444=CARTESIAN_POINT('Ctrl Pts',(-154.768281886406,-67.7452616469797,
11.4462208430505));
#11445=CARTESIAN_POINT('Ctrl Pts',(-155.179861916093,-67.821848454076,11.4197552427942));
#11446=CARTESIAN_POINT('Ctrl Pts',(-155.633166519553,-67.6741972047815,
11.393289642538));
#11447=CARTESIAN_POINT('Ctrl Pts',(-155.920681104039,-67.3698981826087,
11.3668240422817));
#11448=CARTESIAN_POINT('Ctrl Pts',(-156.208195688526,-67.0655991604358,
11.3403584420255));
#11449=CARTESIAN_POINT('Ctrl Pts',(-156.32992025404,-66.6046523653845,11.3138928417692));
#11450=CARTESIAN_POINT('Ctrl Pts',(-156.230129190951,-66.1980753334376,
11.287427241513));
#11451=CARTESIAN_POINT('Ctrl Pts',(-156.130338127862,-65.7914983014907,
11.2609616412567));
#11452=CARTESIAN_POINT('Ctrl Pts',(-155.80903143617,-65.4392910326481,11.2344960410005));
#11453=CARTESIAN_POINT('Ctrl Pts',(-155.413300380012,-65.3026893719373,
11.2080304407442));
#11454=CARTESIAN_POINT('Ctrl Pts',(-155.017569323855,-65.1660877112266,
11.181564840488));
#11455=CARTESIAN_POINT('Ctrl Pts',(-154.547413903232,-65.2450916586476,
11.1550992402317));
#11456=CARTESIAN_POINT('Ctrl Pts',(-154.218065583499,-65.5035344115104,
11.1286336399754));
#11457=CARTESIAN_POINT('Ctrl Pts',(-153.919179009557,-65.7380735432895,
11.1046158687772));
#11458=CARTESIAN_POINT('Ctrl Pts',(-153.73625731118,-66.1203935654713,11.0805980975789));
#11459=CARTESIAN_POINT('Ctrl Pts',(-153.733810185652,-66.5006727361341,
11.0565803263806));
#11460=CARTESIAN_POINT('Ctrl Pts',(-154.601488467823,-65.0093515627087,
12.));
#11461=CARTESIAN_POINT('Ctrl Pts',(-154.54342749688,-65.0305668025187,12.));
#11462=CARTESIAN_POINT('Ctrl Pts',(-154.486967609191,-65.0554825576623,
12.));
#11463=CARTESIAN_POINT('Ctrl Pts',(-154.432311631158,-65.0837864494748,
12.));
#11464=CARTESIAN_POINT('Ctrl Pts',(-154.378545850971,-65.1116293475505,
12.));
#11465=CARTESIAN_POINT('Ctrl Pts',(-154.326525058911,-65.1427520464277,
12.));
#11466=CARTESIAN_POINT('Ctrl Pts',(-154.276474566745,-65.1769021486634,
12.));
#11467=CARTESIAN_POINT('Ctrl Pts',(-154.238211599143,-65.2030094694684,
12.));
#11468=CARTESIAN_POINT('Ctrl Pts',(-154.201100721537,-65.2308871374914,
12.));
#11469=CARTESIAN_POINT('Ctrl Pts',(-154.165259092538,-65.2604346343163,
12.));
#11470=CARTESIAN_POINT('Ctrl Pts',(-154.145813845719,-65.2764651101815,
12.));
#11471=CARTESIAN_POINT('Ctrl Pts',(-154.12674245931,-65.2929872417073,12.));
#11472=CARTESIAN_POINT('Ctrl Pts',(-154.10806572378,-65.30998585228,12.));
#11473=CARTESIAN_POINT('Ctrl Pts',(-154.101260779091,-65.3161793653034,
12.));
#11474=CARTESIAN_POINT('Ctrl Pts',(-154.09450918077,-65.322435360708,12.));
#11475=CARTESIAN_POINT('Ctrl Pts',(-154.087818951874,-65.3287462191863,
12.));
#11476=CARTESIAN_POINT('Ctrl Pts',(-154.044728715206,-65.3693930176196,
12.));
#11477=CARTESIAN_POINT('Ctrl Pts',(-154.004098049182,-65.4123879374078,
12.));
#11478=CARTESIAN_POINT('Ctrl Pts',(-153.966132765774,-65.4574881911733,
12.));
#11479=CARTESIAN_POINT('Ctrl Pts',(-153.928941055964,-65.5016694905027,
12.));
#11480=CARTESIAN_POINT('Ctrl Pts',(-153.894306774684,-65.5478721485802,
12.));
#11481=CARTESIAN_POINT('Ctrl Pts',(-153.862466347281,-65.5958910196849,
12.));
#11482=CARTESIAN_POINT('Ctrl Pts',(-153.838600713521,-65.6318830237118,
12.));
#11483=CARTESIAN_POINT('Ctrl Pts',(-153.816305512155,-65.6688959298092,
12.));
#11484=CARTESIAN_POINT('Ctrl Pts',(-153.795698883084,-65.7068475217996,
12.));
#11485=CARTESIAN_POINT('Ctrl Pts',(-153.785255924083,-65.7260805034691,
12.));
#11486=CARTESIAN_POINT('Ctrl Pts',(-153.775246897556,-65.7455545951261,
12.));
#11487=CARTESIAN_POINT('Ctrl Pts',(-153.765688928082,-65.7652591783273,
12.));
#11488=CARTESIAN_POINT('Ctrl Pts',(-153.7611984758,-65.7745166352422,12.));
#11489=CARTESIAN_POINT('Ctrl Pts',(-153.756811335521,-65.7838173256675,
12.));
#11490=CARTESIAN_POINT('Ctrl Pts',(-153.752530244031,-65.7931567317256,
12.));
#11491=CARTESIAN_POINT('Ctrl Pts',(-153.729308885031,-65.8438152381939,
12.));
#11492=CARTESIAN_POINT('Ctrl Pts',(-153.709188725208,-65.8956427241695,
12.));
#11493=CARTESIAN_POINT('Ctrl Pts',(-153.692381606649,-65.9484472704102,
12.));
#11494=CARTESIAN_POINT('Ctrl Pts',(-153.679839860517,-65.9878508844955,
12.));
#11495=CARTESIAN_POINT('Ctrl Pts',(-153.669143831073,-66.0277989997127,
12.));
#11496=CARTESIAN_POINT('Ctrl Pts',(-153.660400376132,-66.0682144969032,
12.));
#11497=CARTESIAN_POINT('Ctrl Pts',(-153.64867634653,-66.122407317552,12.));
#11498=CARTESIAN_POINT('Ctrl Pts',(-153.640461809823,-66.1774415557542,
12.));
#11499=CARTESIAN_POINT('Ctrl Pts',(-153.635698536936,-66.2329975230391,
12.));
#11500=CARTESIAN_POINT('Ctrl Pts',(-153.634346257388,-66.2487697032473,
12.));
#11501=CARTESIAN_POINT('Ctrl Pts',(-153.633272418083,-66.2645838432687,
12.));
#11502=CARTESIAN_POINT('Ctrl Pts',(-153.632476325572,-66.28043235984,12.));
#11503=CARTESIAN_POINT('Ctrl Pts',(-153.631971143978,-66.2904894559072,
12.));
#11504=CARTESIAN_POINT('Ctrl Pts',(-153.631577925354,-66.3005602613117,
12.));
#11505=CARTESIAN_POINT('Ctrl Pts',(-153.631296620975,-66.3106285103551,
12.));
#11506=CARTESIAN_POINT('Ctrl Pts',(-153.629742437566,-66.3662547528472,
12.));
#11507=CARTESIAN_POINT('Ctrl Pts',(-153.631593722456,-66.4219141194547,
12.));
#11508=CARTESIAN_POINT('Ctrl Pts',(-153.636739406421,-66.4772902056773,
12.));
#11509=CARTESIAN_POINT('Ctrl Pts',(-153.641883124485,-66.5326451355479,
12.));
#11510=CARTESIAN_POINT('Ctrl Pts',(-153.650319193449,-66.5877181440742,
12.));
#11511=CARTESIAN_POINT('Ctrl Pts',(-153.661986042863,-66.6421779922156,
12.));
#11512=CARTESIAN_POINT('Ctrl Pts',(-153.669051986773,-66.6751612097603,
12.));
#11513=CARTESIAN_POINT('Ctrl Pts',(-153.677303914951,-66.707919146647,12.));
#11514=CARTESIAN_POINT('Ctrl Pts',(-153.68673587934,-66.7403728466462,12.));
#11515=CARTESIAN_POINT('Ctrl Pts',(-153.691634090666,-66.7572267144476,
12.));
#11516=CARTESIAN_POINT('Ctrl Pts',(-153.696850640887,-66.7739984522362,
12.));
#11517=CARTESIAN_POINT('Ctrl Pts',(-153.702385256941,-66.7906764189991,
12.));
#11518=CARTESIAN_POINT('Ctrl Pts',(-153.706861846765,-66.8041661381696,
12.));
#11519=CARTESIAN_POINT('Ctrl Pts',(-153.711547796018,-66.8175974974109,
12.));
#11520=CARTESIAN_POINT('Ctrl Pts',(-153.716433875982,-66.8309402577763,
12.));
#11521=CARTESIAN_POINT('Ctrl Pts',(-153.734877056884,-66.8813043420681,
12.));
#11522=CARTESIAN_POINT('Ctrl Pts',(-153.756190350642,-66.9304786942921,
12.));
#11523=CARTESIAN_POINT('Ctrl Pts',(-153.780326475445,-66.9781503149689,
12.));
#11524=CARTESIAN_POINT('Ctrl Pts',(-153.797244321343,-67.0115650051452,
12.));
#11525=CARTESIAN_POINT('Ctrl Pts',(-153.815549926841,-67.0442408880266,
12.));
#11526=CARTESIAN_POINT('Ctrl Pts',(-153.835237544519,-67.0760590577525,
12.));
#11527=CARTESIAN_POINT('Ctrl Pts',(-153.84319169015,-67.0889141608868,12.));
#11528=CARTESIAN_POINT('Ctrl Pts',(-153.851372888829,-67.1016308440018,
12.));
#11529=CARTESIAN_POINT('Ctrl Pts',(-153.859767895568,-67.1141820195116,
12.));
#11530=CARTESIAN_POINT('Ctrl Pts',(-153.888235882987,-67.1567438324613,
12.));
#11531=CARTESIAN_POINT('Ctrl Pts',(-153.919189745335,-67.1974553213451,
12.));
#11532=CARTESIAN_POINT('Ctrl Pts',(-153.952603260276,-67.2360165956948,
12.));
#11533=CARTESIAN_POINT('Ctrl Pts',(-153.973137623296,-67.2597145277275,
12.));
#11534=CARTESIAN_POINT('Ctrl Pts',(-153.994601570907,-67.2825996705916,
12.));
#11535=CARTESIAN_POINT('Ctrl Pts',(-154.016994371023,-67.3045941301832,
12.));
#11536=CARTESIAN_POINT('Ctrl Pts',(-154.024564506099,-67.3120296018152,
12.));
#11537=CARTESIAN_POINT('Ctrl Pts',(-154.032240828743,-67.3193632201668,
12.));
#11538=CARTESIAN_POINT('Ctrl Pts',(-154.040020787055,-67.3265939341406,
12.));
#11539=CARTESIAN_POINT('Origin',(-155.00000230968,-66.5000009909272,11.5));
#11540=CARTESIAN_POINT('',(-153.00000230968,-66.5000009909272,12.));
#11541=CARTESIAN_POINT('Origin',(-155.00000230968,-66.5000009909272,12.));
#11542=CARTESIAN_POINT('',(-152.00000230968,-66.5000009909272,11.));
#11543=CARTESIAN_POINT('',(-152.50000230968,-66.5000009909272,11.5));
#11544=CARTESIAN_POINT('Origin',(-155.00000230968,-66.5000009909272,11.));
#11545=CARTESIAN_POINT('Origin',(-155.00000230968,-66.5000009909272,5.));
#11546=CARTESIAN_POINT('',(-152.00000230968,-66.5000009909272,5.));
#11547=CARTESIAN_POINT('Origin',(-155.00000230968,-66.5000009909272,12.));
#11548=CARTESIAN_POINT('Origin',(-155.00000230968,-66.5000009909272,12.));
#11549=CARTESIAN_POINT('Origin',(-155.00000230968,-66.5000009909272,7.));
#11550=CARTESIAN_POINT('Origin',(37.000000551343,61.0000009089708,11.5));
#11551=CARTESIAN_POINT('',(39.000000551343,61.0000009089708,12.));
#11552=CARTESIAN_POINT('Origin',(37.000000551343,61.0000009089708,12.));
#11553=CARTESIAN_POINT('',(40.0000005513429,61.0000009089708,11.));
#11554=CARTESIAN_POINT('',(39.500000551343,61.0000009089708,11.5));
#11555=CARTESIAN_POINT('Origin',(37.000000551343,61.0000009089708,11.));
#11556=CARTESIAN_POINT('Origin',(37.000000551343,61.0000009089708,5.));
#11557=CARTESIAN_POINT('',(40.000000551343,61.0000009089708,5.));
#11558=CARTESIAN_POINT('Origin',(37.000000551343,61.0000009089708,12.));
#11559=CARTESIAN_POINT('Origin',(37.000000551343,61.0000009089708,12.));
#11560=CARTESIAN_POINT('Origin',(37.000000551343,61.0000009089708,7.));
#11561=CARTESIAN_POINT('Origin',(-30.5000004544854,61.0000009089708,11.5));
#11562=CARTESIAN_POINT('',(-28.5000004544854,61.0000009089708,12.));
#11563=CARTESIAN_POINT('Origin',(-30.5000004544854,61.0000009089708,12.));
#11564=CARTESIAN_POINT('',(-27.5000004544854,61.0000009089708,11.));
#11565=CARTESIAN_POINT('',(-28.0000004544854,61.0000009089708,11.5));
#11566=CARTESIAN_POINT('Origin',(-30.5000004544854,61.0000009089708,11.));
#11567=CARTESIAN_POINT('Origin',(-30.5000004544854,61.0000009089708,5.));
#11568=CARTESIAN_POINT('',(-27.5000004544854,61.0000009089708,5.));
#11569=CARTESIAN_POINT('Origin',(-30.5000004544854,61.0000009089708,12.));
#11570=CARTESIAN_POINT('Origin',(-30.5000004544854,61.0000009089708,12.));
#11571=CARTESIAN_POINT('Origin',(-30.5000004544854,61.0000009089708,7.));
#11572=CARTESIAN_POINT('Origin',(-163.,-74.75,0.));
#11573=CARTESIAN_POINT('',(-162.5,-75.25,15.));
#11574=CARTESIAN_POINT('',(-163.5,-74.25,15.));
#11575=CARTESIAN_POINT('',(-140.937499999999,-96.8125000000003,15.));
#11576=CARTESIAN_POINT('',(-163.5,-74.25,0.));
#11577=CARTESIAN_POINT('',(-163.5,-74.25,0.));
#11578=CARTESIAN_POINT('',(-162.5,-75.25,0.));
#11579=CARTESIAN_POINT('',(-140.937499999999,-96.8125000000003,0.));
#11580=CARTESIAN_POINT('',(-162.5,-75.25,0.));
#11581=CARTESIAN_POINT('Origin',(-163.5,-75.25,0.));
#11582=CARTESIAN_POINT('',(162.5,-75.25,0.));
#11583=CARTESIAN_POINT('',(163.5,-75.25,0.));
#11584=CARTESIAN_POINT('',(162.5,-75.25,15.));
#11585=CARTESIAN_POINT('',(162.5,-75.25,0.));
#11586=CARTESIAN_POINT('',(163.5,-75.25,15.));
#11587=CARTESIAN_POINT('Origin',(0.,0.,0.));
#11588=CARTESIAN_POINT('',(-163.5,74.25,0.));
#11589=CARTESIAN_POINT('',(-163.5,-75.25,0.));
#11590=CARTESIAN_POINT('',(-140.937499999999,96.8125000000003,0.));
#11591=CARTESIAN_POINT('',(163.5,74.25,0.));
#11592=CARTESIAN_POINT('',(140.937499999999,96.8125000000003,0.));
#11593=CARTESIAN_POINT('',(163.5,-74.25,0.));
#11594=CARTESIAN_POINT('',(163.5,75.25,0.));
#11595=CARTESIAN_POINT('',(140.937499999999,-96.8125000000003,0.));
#11596=CARTESIAN_POINT('',(-150.,55.5,0.));
#11597=CARTESIAN_POINT('',(-130.,55.5,0.));
#11598=CARTESIAN_POINT('',(-65.,55.5,0.));
#11599=CARTESIAN_POINT('',(-130.,64.5,0.));
#11600=CARTESIAN_POINT('Origin',(-130.,60.,0.));
#11601=CARTESIAN_POINT('',(-150.,64.5,0.));
#11602=CARTESIAN_POINT('',(-75.,64.5,0.));
#11603=CARTESIAN_POINT('Origin',(-150.,60.,0.));
#11604=CARTESIAN_POINT('',(150.,64.5,0.));
#11605=CARTESIAN_POINT('',(130.,64.5,0.));
#11606=CARTESIAN_POINT('',(65.,64.5,0.));
#11607=CARTESIAN_POINT('',(130.,55.5,0.));
#11608=CARTESIAN_POINT('Origin',(130.,60.,0.));
#11609=CARTESIAN_POINT('',(150.,55.5,0.));
#11610=CARTESIAN_POINT('',(75.,55.5,0.));
#11611=CARTESIAN_POINT('Origin',(150.,60.,0.));
#11612=CARTESIAN_POINT('Origin',(163.,74.75,0.));
#11613=CARTESIAN_POINT('',(163.5,74.25,15.));
#11614=CARTESIAN_POINT('',(140.937499999999,96.8125000000003,15.));
#11615=CARTESIAN_POINT('',(163.5,74.25,0.));
#11616=CARTESIAN_POINT('Origin',(163.5,-75.25,0.));
#11617=CARTESIAN_POINT('',(163.5,-74.25,15.));
#11618=CARTESIAN_POINT('',(163.5,75.25,15.));
#11619=CARTESIAN_POINT('',(163.5,-74.25,0.));
#11620=CARTESIAN_POINT('Origin',(163.,-74.75,0.));
#11621=CARTESIAN_POINT('',(140.937499999999,-96.8125000000003,15.));
#11622=CARTESIAN_POINT('Origin',(-163.,74.75,0.));
#11623=CARTESIAN_POINT('',(-163.5,74.25,15.));
#11624=CARTESIAN_POINT('',(-140.937499999999,96.8125000000003,15.));
#11625=CARTESIAN_POINT('',(-163.5,74.25,0.));
#11626=CARTESIAN_POINT('Origin',(-150.,60.,0.));
#11627=CARTESIAN_POINT('',(-150.,57.5,-2.));
#11628=CARTESIAN_POINT('Origin',(-150.,57.5,0.));
#11629=CARTESIAN_POINT('',(-150.,62.5,-2.));
#11630=CARTESIAN_POINT('Origin',(-150.,62.5,0.));
#11631=CARTESIAN_POINT('Origin',(-150.,60.,-2.));
#11632=CARTESIAN_POINT('Origin',(-145.,62.5,0.));
#11633=CARTESIAN_POINT('',(-130.,62.5,-2.));
#11634=CARTESIAN_POINT('Origin',(-130.,62.5,0.));
#11635=CARTESIAN_POINT('',(-145.,62.5,-2.));
#11636=CARTESIAN_POINT('Origin',(-130.,60.,0.));
#11637=CARTESIAN_POINT('',(-130.,57.5,-2.));
#11638=CARTESIAN_POINT('Origin',(-130.,57.5,0.));
#11639=CARTESIAN_POINT('Origin',(-130.,60.,-2.));
#11640=CARTESIAN_POINT('Origin',(-135.,57.5,0.));
#11641=CARTESIAN_POINT('',(-135.,57.5,-2.));
#11642=CARTESIAN_POINT('Origin',(-140.,60.,-2.));
#11643=CARTESIAN_POINT('Origin',(145.,57.5,0.));
#11644=CARTESIAN_POINT('',(150.,57.5,-2.));
#11645=CARTESIAN_POINT('Origin',(150.,57.5,0.));
#11646=CARTESIAN_POINT('',(130.,57.5,-2.));
#11647=CARTESIAN_POINT('Origin',(130.,57.5,0.));
#11648=CARTESIAN_POINT('',(145.,57.5,-2.));
#11649=CARTESIAN_POINT('Origin',(130.,60.,0.));
#11650=CARTESIAN_POINT('',(130.,62.5,-2.));
#11651=CARTESIAN_POINT('Origin',(130.,62.5,0.));
#11652=CARTESIAN_POINT('Origin',(130.,60.,-2.));
#11653=CARTESIAN_POINT('Origin',(135.,62.5,0.));
#11654=CARTESIAN_POINT('',(150.,62.5,-2.));
#11655=CARTESIAN_POINT('Origin',(150.,62.5,0.));
#11656=CARTESIAN_POINT('',(135.,62.5,-2.));
#11657=CARTESIAN_POINT('Origin',(150.,60.,0.));
#11658=CARTESIAN_POINT('Origin',(150.,60.,-2.));
#11659=CARTESIAN_POINT('Origin',(140.,60.,-2.));
#11660=CARTESIAN_POINT('Origin',(-160.,-71.75,15.));
#11661=CARTESIAN_POINT('',(-161.,-71.75,12.));
#11662=CARTESIAN_POINT('',(-161.,-71.75,15.));
#11663=CARTESIAN_POINT('',(-160.,-72.75,12.));
#11664=CARTESIAN_POINT('Origin',(-160.,-71.75,12.));
#11665=CARTESIAN_POINT('',(-160.,-72.75,15.));
#11666=CARTESIAN_POINT('Origin',(161.,-72.75,15.));
#11667=CARTESIAN_POINT('',(160.,-72.75,12.));
#11668=CARTESIAN_POINT('',(80.5,-72.75,12.));
#11669=CARTESIAN_POINT('',(160.,-72.75,15.));
#11670=CARTESIAN_POINT('Origin',(-160.5,-72.25,15.));
#11671=CARTESIAN_POINT('',(-161.5,-72.25,12.));
#11672=CARTESIAN_POINT('',(-160.5,-73.25,12.));
#11673=CARTESIAN_POINT('Origin',(-160.5,-72.25,12.));
#11674=CARTESIAN_POINT('',(-161.5,-72.25,15.));
#11675=CARTESIAN_POINT('',(-161.5,-72.25,15.));
#11676=CARTESIAN_POINT('',(-160.5,-73.25,15.));
#11677=CARTESIAN_POINT('Origin',(-160.5,-72.25,15.));
#11678=CARTESIAN_POINT('',(-160.5,-73.25,15.));
#11679=CARTESIAN_POINT('Origin',(161.5,-73.25,15.));
#11680=CARTESIAN_POINT('',(160.5,-73.25,15.));
#11681=CARTESIAN_POINT('',(80.75,-73.25,15.));
#11682=CARTESIAN_POINT('',(160.5,-73.25,12.));
#11683=CARTESIAN_POINT('',(160.5,-73.25,15.));
#11684=CARTESIAN_POINT('',(161.5,-73.25,12.));
#11685=CARTESIAN_POINT('Origin',(160.,-71.75,15.));
#11686=CARTESIAN_POINT('',(161.,-71.75,12.));
#11687=CARTESIAN_POINT('Origin',(160.,-71.75,12.));
#11688=CARTESIAN_POINT('',(161.,-71.75,15.));
#11689=CARTESIAN_POINT('Origin',(161.,72.75,15.));
#11690=CARTESIAN_POINT('',(161.,71.75,12.));
#11691=CARTESIAN_POINT('',(161.,36.375,12.));
#11692=CARTESIAN_POINT('',(161.,71.75,15.));
#11693=CARTESIAN_POINT('Origin',(160.5,-72.25,15.));
#11694=CARTESIAN_POINT('',(161.5,-72.25,12.));
#11695=CARTESIAN_POINT('Origin',(160.5,-72.25,12.));
#11696=CARTESIAN_POINT('',(161.5,-72.25,15.));
#11697=CARTESIAN_POINT('Origin',(160.5,-72.25,15.));
#11698=CARTESIAN_POINT('',(161.5,-72.25,15.));
#11699=CARTESIAN_POINT('Origin',(161.5,73.25,15.));
#11700=CARTESIAN_POINT('',(161.5,72.25,15.));
#11701=CARTESIAN_POINT('',(161.5,36.625,15.));
#11702=CARTESIAN_POINT('',(161.5,72.25,12.));
#11703=CARTESIAN_POINT('',(161.5,72.25,15.));
#11704=CARTESIAN_POINT('',(161.5,73.25,12.));
#11705=CARTESIAN_POINT('Origin',(-160.,71.75,15.));
#11706=CARTESIAN_POINT('',(-161.,71.75,12.));
#11707=CARTESIAN_POINT('Origin',(-160.,71.75,12.));
#11708=CARTESIAN_POINT('',(-161.,71.75,15.));
#11709=CARTESIAN_POINT('Origin',(-161.,-72.75,15.));
#11710=CARTESIAN_POINT('',(-161.,-36.375,12.));
#11711=CARTESIAN_POINT('Origin',(-160.5,72.25,15.));
#11712=CARTESIAN_POINT('',(-160.5,73.25,12.));
#11713=CARTESIAN_POINT('',(-161.5,72.25,12.));
#11714=CARTESIAN_POINT('Origin',(-160.5,72.25,12.));
#11715=CARTESIAN_POINT('',(-160.5,73.25,15.));
#11716=CARTESIAN_POINT('',(-160.5,73.25,15.));
#11717=CARTESIAN_POINT('',(-161.5,72.25,15.));
#11718=CARTESIAN_POINT('Origin',(-160.5,72.25,15.));
#11719=CARTESIAN_POINT('',(-161.5,72.25,15.));
#11720=CARTESIAN_POINT('Origin',(-161.5,-73.25,15.));
#11721=CARTESIAN_POINT('',(-161.5,-73.25,12.));
#11722=CARTESIAN_POINT('',(-161.5,-36.625,15.));
#11723=CARTESIAN_POINT('Origin',(160.5,72.25,15.));
#11724=CARTESIAN_POINT('',(160.5,73.25,12.));
#11725=CARTESIAN_POINT('Origin',(160.5,72.25,12.));
#11726=CARTESIAN_POINT('',(160.5,73.25,15.));
#11727=CARTESIAN_POINT('Origin',(160.5,72.25,15.));
#11728=CARTESIAN_POINT('',(160.5,73.25,15.));
#11729=CARTESIAN_POINT('Origin',(-161.5,73.25,15.));
#11730=CARTESIAN_POINT('',(-161.5,73.25,12.));
#11731=CARTESIAN_POINT('',(-80.75,73.25,15.));
#11732=CARTESIAN_POINT('Origin',(160.,71.75,15.));
#11733=CARTESIAN_POINT('Origin',(160.,71.75,12.));
#11734=CARTESIAN_POINT('Origin',(0.,0.,12.));
#11735=CARTESIAN_POINT('Origin',(-163.5,75.25,0.));
#11736=CARTESIAN_POINT('',(-163.5,-75.25,15.));
#11737=CARTESIAN_POINT('Origin',(0.,0.,15.));
#11738=UNCERTAINTY_MEASURE_WITH_UNIT(LENGTH_MEASURE(0.01),#11742,
'DISTANCE_ACCURACY_VALUE',
'Maximum model space distance between geometric entities at asserted c
onnectivities');
#11739=UNCERTAINTY_MEASURE_WITH_UNIT(LENGTH_MEASURE(0.01),#11742,
'DISTANCE_ACCURACY_VALUE',
'Maximum model space distance between geometric entities at asserted c
onnectivities');
#11740=(
GEOMETRIC_REPRESENTATION_CONTEXT(3)
GLOBAL_UNCERTAINTY_ASSIGNED_CONTEXT((#11738))
GLOBAL_UNIT_ASSIGNED_CONTEXT((#11742,#11744,#11745))
REPRESENTATION_CONTEXT('','3D')
);
#11741=(
GEOMETRIC_REPRESENTATION_CONTEXT(3)
GLOBAL_UNCERTAINTY_ASSIGNED_CONTEXT((#11739))
GLOBAL_UNIT_ASSIGNED_CONTEXT((#11742,#11744,#11745))
REPRESENTATION_CONTEXT('','3D')
);
#11742=(
LENGTH_UNIT()
NAMED_UNIT(*)
SI_UNIT(.MILLI.,.METRE.)
);
#11743=(
LENGTH_UNIT()
NAMED_UNIT(*)
SI_UNIT($,.METRE.)
);
#11744=(
NAMED_UNIT(*)
PLANE_ANGLE_UNIT()
SI_UNIT($,.RADIAN.)
);
#11745=(
NAMED_UNIT(*)
SI_UNIT($,.STERADIAN.)
SOLID_ANGLE_UNIT()
);
#11746=SHAPE_DEFINITION_REPRESENTATION(#11747,#11748);
#11747=PRODUCT_DEFINITION_SHAPE('',$,#11750);
#11748=SHAPE_REPRESENTATION('',(#3560),#11740);
#11749=PRODUCT_DEFINITION_CONTEXT('part definition',#11754,'design');
#11750=PRODUCT_DEFINITION('2026-05-02-15-38-30-955',
'Keyboard lower body',#11751,#11749);
#11751=PRODUCT_DEFINITION_FORMATION('',$,#11756);
#11752=PRODUCT_RELATED_PRODUCT_CATEGORY('Keyboard lower body',
'Keyboard lower body',(#11756));
#11753=APPLICATION_PROTOCOL_DEFINITION('international standard',
'automotive_design',2009,#11754);
#11754=APPLICATION_CONTEXT(
'Core Data for Automotive Mechanical Design Process');
#11755=PRODUCT_CONTEXT('part definition',#11754,'mechanical');
#11756=PRODUCT('2026-05-02-15-38-30-955','Keyboard lower body',$,(#11755));
#11757=PRESENTATION_STYLE_ASSIGNMENT((#11767));
#11758=PRESENTATION_STYLE_ASSIGNMENT((#11768));
#11759=PRESENTATION_STYLE_ASSIGNMENT((#11769));
#11760=PRESENTATION_STYLE_ASSIGNMENT((#11770));
#11761=PRESENTATION_STYLE_ASSIGNMENT((#11771));
#11762=PRESENTATION_STYLE_ASSIGNMENT((#11772));
#11763=PRESENTATION_STYLE_ASSIGNMENT((#11773));
#11764=PRESENTATION_STYLE_ASSIGNMENT((#11774));
#11765=PRESENTATION_STYLE_ASSIGNMENT((#11775));
#11766=PRESENTATION_STYLE_ASSIGNMENT((#11776));
#11767=SURFACE_STYLE_USAGE(.BOTH.,#11777);
#11768=SURFACE_STYLE_USAGE(.BOTH.,#11778);
#11769=SURFACE_STYLE_USAGE(.BOTH.,#11779);
#11770=SURFACE_STYLE_USAGE(.BOTH.,#11780);
#11771=SURFACE_STYLE_USAGE(.BOTH.,#11781);
#11772=SURFACE_STYLE_USAGE(.BOTH.,#11782);
#11773=SURFACE_STYLE_USAGE(.BOTH.,#11783);
#11774=SURFACE_STYLE_USAGE(.BOTH.,#11784);
#11775=SURFACE_STYLE_USAGE(.BOTH.,#11785);
#11776=SURFACE_STYLE_USAGE(.BOTH.,#11786);
#11777=SURFACE_SIDE_STYLE('',(#11787));
#11778=SURFACE_SIDE_STYLE('',(#11788));
#11779=SURFACE_SIDE_STYLE('',(#11789));
#11780=SURFACE_SIDE_STYLE('',(#11790));
#11781=SURFACE_SIDE_STYLE('',(#11791));
#11782=SURFACE_SIDE_STYLE('',(#11792));
#11783=SURFACE_SIDE_STYLE('',(#11793));
#11784=SURFACE_SIDE_STYLE('',(#11794));
#11785=SURFACE_SIDE_STYLE('',(#11795));
#11786=SURFACE_SIDE_STYLE('',(#11796));
#11787=SURFACE_STYLE_FILL_AREA(#11797);
#11788=SURFACE_STYLE_FILL_AREA(#11798);
#11789=SURFACE_STYLE_FILL_AREA(#11799);
#11790=SURFACE_STYLE_FILL_AREA(#11800);
#11791=SURFACE_STYLE_FILL_AREA(#11801);
#11792=SURFACE_STYLE_FILL_AREA(#11802);
#11793=SURFACE_STYLE_FILL_AREA(#11803);
#11794=SURFACE_STYLE_FILL_AREA(#11804);
#11795=SURFACE_STYLE_FILL_AREA(#11805);
#11796=SURFACE_STYLE_FILL_AREA(#11806);
#11797=FILL_AREA_STYLE('Steel - Satin',(#11807));
#11798=FILL_AREA_STYLE('Paint - Enamel Glossy (Green)',(#11808));
#11799=FILL_AREA_STYLE('Opaque(248,247,237)',(#11809));
#11800=FILL_AREA_STYLE('Opaque(204,204,204)',(#11810));
#11801=FILL_AREA_STYLE('Opaque(219,188,126)',(#11811));
#11802=FILL_AREA_STYLE('Opaque(70,70,70)',(#11812));
#11803=FILL_AREA_STYLE('Opaque(210,209,199)',(#11813));
#11804=FILL_AREA_STYLE('Nylon 12 (with Formlabs Fuse 1 3D Printer)',(#11814));
#11805=FILL_AREA_STYLE('Opaque(21,22,24)',(#11815));
#11806=FILL_AREA_STYLE('Opaque(68,150,72)',(#11816));
#11807=FILL_AREA_STYLE_COLOUR('Steel - Satin',#11817);
#11808=FILL_AREA_STYLE_COLOUR('Paint - Enamel Glossy (Green)',#11818);
#11809=FILL_AREA_STYLE_COLOUR('Opaque(248,247,237)',#11819);
#11810=FILL_AREA_STYLE_COLOUR('Opaque(204,204,204)',#11820);
#11811=FILL_AREA_STYLE_COLOUR('Opaque(219,188,126)',#11821);
#11812=FILL_AREA_STYLE_COLOUR('Opaque(70,70,70)',#11822);
#11813=FILL_AREA_STYLE_COLOUR('Opaque(210,209,199)',#11823);
#11814=FILL_AREA_STYLE_COLOUR(
'Nylon 12 (with Formlabs Fuse 1 3D Printer)',#11824);
#11815=FILL_AREA_STYLE_COLOUR('Opaque(21,22,24)',#11825);
#11816=FILL_AREA_STYLE_COLOUR('Opaque(68,150,72)',#11826);
#11817=COLOUR_RGB('Steel - Satin',0.627450980392157,0.627450980392157,0.627450980392157);
#11818=COLOUR_RGB('Paint - Enamel Glossy (Green)',0.266666666666667,0.588235294117647,
0.282352941176471);
#11819=COLOUR_RGB('Opaque(248,247,237)',0.972549019607843,0.968627450980392,
0.929411764705882);
#11820=COLOUR_RGB('Opaque(204,204,204)',0.8,0.8,0.8);
#11821=COLOUR_RGB('Opaque(219,188,126)',0.858823529411765,0.737254901960784,
0.494117647058824);
#11822=COLOUR_RGB('Opaque(70,70,70)',0.274509803921569,0.274509803921569,
0.274509803921569);
#11823=COLOUR_RGB('Opaque(210,209,199)',0.823529411764706,0.819607843137255,
0.780392156862745);
#11824=COLOUR_RGB('Nylon 12 (with Formlabs Fuse 1 3D Printer)',0.247058823529412,
0.247058823529412,0.247058823529412);
#11825=COLOUR_RGB('Opaque(21,22,24)',0.0823529411764706,0.0862745098039216,
0.0941176470588235);
#11826=COLOUR_RGB('Opaque(68,150,72)',0.266666666666667,0.588235294117647,
0.282352941176471);
ENDSEC;
END-ISO-10303-21;
